,0,1,2,3,4,5,6,7,8,9,10,11,12,13,14,15,16,17
0,0.462368,0.8426239285714286,0.16111851851851855,0.5741963088223232,-0.2949754475362787,-0.4526147785355959,-0.6151649750569069,0.0,0.0,0.0,-5.471994210019135,-23.42955822528847,41.73742827494663,0.0,0.0,0.0,1.0,0.0
1,0.47973125925925925,0.8298671428571429,0.18302962962962965,0.5943062355390781,-0.026900168488640935,-0.7306474487110041,-0.335008634257019,0.36062153846153827,0.2551357142857161,0.3286666666666662,-21.59757434587034,-26.607646094218854,35.23162483905402,0.0,0.0,0.0,1.0,0.0
2,0.49626774074074076,0.8155157142857143,0.20618074074074066,0.44662282683940974,0.09565626585711845,-0.8864853232065949,0.07430814953654735,0.3434499999999997,0.28702857142857113,0.34726666666666467,-36.55463177226281,-23.374384733953367,20.79211349204051,0.0,0.0,0.0,1.0,0.0
3,0.5128041851851852,0.8003671428571428,0.22974481481481465,0.2844219247427177,-0.034028052727088975,-0.8288670550305417,0.4805472561967732,0.34344923076923034,0.3029714285714287,0.3534611111111095,-42.91066012513867,-14.000090571173413,-7.878853727182923,0.0,0.0,0.0,1.0,0.0
4,0.5289272222222222,0.7848200000000001,0.25454962962962974,0.32026012486439503,-0.3289917492737233,-0.596602441819753,0.6582274741655546,0.3348630769230766,0.3109428571428549,0.3720722222222266,-18.521710436658463,1.67980044911261,-35.403326631797185,0.0,0.0,0.0,1.0,0.0
5,0.5442234444444444,0.7684753571428572,0.2801811111111113,0.5833896895430193,-0.43693450359220276,-0.440205648927949,0.5243698087776014,0.31769076923077244,0.3268928571428612,0.3844722222222272,24.363256281878833,8.05454815775462,-22.946706512818213,0.0,0.0,0.0,1.0,0.0
6,0.5586928518518518,0.7525296428571429,0.3058125925925926,0.7248907443533664,-0.2027651132951074,-0.5396265288348174,0.3771245509893658,0.3005184615384613,0.31891428571428493,0.384472222222219,28.584530120927067,-0.8318693781091084,18.544091699056292,0.0,0.0,0.0,1.0,0.0
7,0.5723354296296296,0.736185,0.3318577777777776,0.5786933884058325,0.018419051993476265,-0.645132690287164,0.4985764862705461,0.2833458461538428,0.32689285714285393,0.39067777777777013,-8.209967598636714,-12.334125225990025,27.13629354903822,0.0,0.0,0.0,1.0,0.0
8,0.5872182444444444,0.7210364285714286,0.3570755555555557,0.41187183847040965,-0.08500720180701896,-0.5779283950472185,0.6993812511885715,0.3091046153846151,0.3029714285714287,0.37826666666667136,-27.562580543469444,-12.386608808228491,-2.788371370824655,0.0,0.0,0.0,1.0,0.0
9,0.6029278777777778,0.7054892857142858,0.38229370370370364,0.4164672092418046,-0.301769701050356,-0.42581484387298085,0.744427182397144,0.32627699999999965,0.3109428571428562,0.37827222222221885,-12.106495114030162,-6.797689169766289,-12.727524431927396,0.0,0.0,0.0,1.0,0.0
10,0.6190509259259259,0.6899421428571427,0.40709851851851836,0.4768184234534004,-0.42053875294393334,-0.3047226199613396,0.7091794365403387,0.33486330769230743,0.31094285714285747,0.37207222222222064,-21.557033335044828,4.691065858687678,-30.195813121712362,0.0,0.0,0.0,1.0,0.0
11,0.637241037037037,0.6692124999999999,0.43893111111111116,0.6250663929519006,-0.5756594590912303,0.16305759667627895,0.5013186728290184,0.3777946153846235,0.4145928571428658,0.4774888888889018,-22.376947580738857,-2.2838631638929523,-46.54355850360881,0.0,0.0,0.0,1.0,0.0
12,0.6471628888888888,0.6588475,0.453814074074074,0.7793735532671345,-0.5501644257450199,0.29318140825478484,0.06277444516803392,0.20606923076923056,0.2072999999999996,0.22324444444444225,8.849516667343567,-43.237089202368914,-57.65570698212872,0.0,0.0,0.0,1.0,0.0
13,0.6603920740740741,0.6436989285714285,0.4744844444444445,0.7262462496183849,-0.08550769491961585,0.08282563567317115,-0.6770485456007564,0.2747599999999998,0.3029714285714287,0.310055555555557,2.7389716738942775,-63.7646469405979,-65.76432114057462,0.0,0.0,0.0,1.0,0.0
14,0.6727944074074074,0.6281518571428572,0.4935014814814816,0.11109542446293674,0.22249638161239974,-0.3543037190576452,-0.9014555127651673,0.257586923076923,0.3109414285714274,0.28525555555555643,-16.66005318399336,-34.75459780358635,-72.28190437688328,0.0,0.0,0.0,1.0,0.0
15,0.6839565185185186,0.6134019285714285,0.511278148148148,-0.5057912522206772,-0.014459475891036161,-0.46831770118169747,-0.7243235903198832,0.23182846153846098,0.29499857142857244,0.26664999999999667,21.57311657880967,7.215061909652828,-59.763234543309046,0.0,0.0,0.0,1.0,0.0
16,0.6930515925925925,0.5982533571428572,0.5269877777777778,-0.5843986260920975,-0.4791789238336958,-0.19141352247344914,-0.6262800237829372,0.18889769230769238,0.30297142857142745,0.23564444444444652,55.140136859400535,7.570874046826722,-6.217252652750959,0.0,0.0,0.0,1.0,0.0
17,0.6996661481481482,0.5835034285714286,0.5410437037037036,-0.1473044254806686,-0.6465704380361424,0.057629785696095004,-0.7462753397320476,0.13737923076923084,0.29499857142857117,0.2108388888888866,39.605374857243106,-18.739118202603727,31.126446042579612,0.0,0.0,0.0,1.0,0.0
18,0.7038002592592593,0.5691521428571429,0.5538596296296295,0.23120258068450755,-0.43585928389252804,0.035281320023468066,-0.8690956677989589,0.08586230769230725,0.2870257142857136,0.19223888888888815,2.984225088906096,-32.35291164165585,21.41051147330983,0.0,0.0,0.0,1.0,0.0
19,0.7058673333333333,0.5555981428571428,0.5654351851851851,0.2149729734412897,-0.1854466503508527,-0.14936638055115642,-0.9471461581638317,0.04293153846153863,0.27108000000000043,0.1736333333333343,-15.759871252279229,-29.127103596756264,-19.513876812703977,0.0,0.0,0.0,1.0,0.0
20,0.7062807407407407,0.5428414642857142,0.576597037037037,-0.2495293876920247,-0.008893501818809026,-0.19102229408128685,-0.949297884474291,0.008586153846153587,0.255133571428571,0.1674277777777788,8.715855027197387,-30.134650905843813,-59.80927961649725,0.0,0.0,0.0,1.0,0.0
21,0.7054539259259259,0.5312806785714285,0.5877592592592592,-0.8063546122048096,0.05558059325797851,0.18625298986501268,-0.5585811138907809,0.017172307692307515,0.23121571428571466,0.16743333333333218,50.990850280609386,-34.97590347875255,-68.21200661361031,0.0,0.0,0.0,1.0,0.0
22,0.7046271111111111,0.5213145357142858,0.5989214814814815,-0.7426315230796569,-0.24504923872148718,0.5743646915968018,0.24198035576740415,0.017172307692307515,0.19932285714285575,0.16743333333333416,86.17094032807465,-21.383187299303447,-34.5162766311306,0.0,0.0,0.0,1.0,0.0
23,0.7033868518518518,0.5125442857142858,0.6100837037037038,-0.1920246786289662,-0.7549818552692514,0.19841591112873258,0.5947773089338529,0.025760518795170717,0.17541377068853636,0.16744170541860626,84.27084303854292,-21.294453275661905,25.71472905912889,0.0,0.0,0.0,1.0,0.0
24,0.7021466296296296,0.5053686428571428,0.6216592592592592,0.13618157781856502,-0.8149158597575801,-0.4737060056661372,0.30490873974722976,0.025758461538461442,0.1435128571428568,0.17363333333333233,51.17272195886629,-26.964011354401904,48.158694896816236,0.0,0.0,0.0,1.0,0.0
25,0.700493,0.49899028571428566,0.6328211111111112,0.1357648786425658,-0.5006086528566873,-0.851735407330744,0.07420020425385274,0.034344615384615376,0.12756714285714302,0.1674277777777788,-5.132685750495679,-6.795785800710625,31.6831690357559,0.0,0.0,0.0,1.0,0.0
26,0.6967722962962962,0.48902414285714285,0.6505977777777778,-0.0013410752371048051,-0.39398354580978273,-0.8693529908067583,0.2983295904259303,0.07727615384615401,0.19932285714285639,0.26664999999999867,-20.29274955783844,-4.01085002125197,2.62859246644914,0.0,0.0,0.0,1.0,0.0
27,0.6963588518518519,0.4878281785714286,0.6539051851851851,-0.01302580036252729,-0.46457656274152875,-0.8268847086294643,0.31663958140281223,0.008586923076922926,0.023919285714286358,0.049611111111109926,3.3108787597297304,7.575732025976329,-23.433792446018074,0.0,0.0,0.0,1.0,0.0
28,0.6947052222222223,0.48264578571428574,0.663827037037037,0.305351752103462,-0.6168967664593621,-0.6343830450147985,0.3517909026923256,0.034344615384615376,0.10364785714285665,0.14882777777777836,19.704452246842415,31.414024980695423,-30.931567265007732,0.0,0.0,0.0,1.0,0.0
29,0.6938784074074074,0.47706471428571423,0.6725085185185184,0.7302077041977431,-0.4517703263162163,-0.46428631791010744,0.2171140161110643,0.017172307692307858,0.11162142857142857,0.1302222222222206,46.52039685620845,22.767229004442505,-13.781667776430467,0.0,0.0,0.0,1.0,0.0
30,0.693465,0.4714836785714286,0.67995,0.9168747636541212,-0.04768702272197985,-0.3955662904854905,-0.024370586157521548,0.008586153846153929,0.11162071428571418,0.1116222222222241,50.40958589811293,-1.9178962573620528,-5.634396140382794,0.0,0.0,0.0,1.0,0.0
31,0.693465,0.46510532142857147,0.6861511111111112,0.7730512301511073,0.3529394815817235,-0.46316454444911853,-0.2516031054417343,0.0,0.12756714285714302,0.09301666666666632,41.0819562935048,-23.442017719234357,-10.110343206894695,0.0,0.0,0.0,1.0,0.0
32,0.693465,0.45832832142857144,0.6919388888888889,0.42456953509785267,0.5826305586593502,-0.5826089304021158,-0.37529878257035315,0.0,0.1355400000000029,0.0868166666666681,26.436741760489753,-27.450831391429784,-14.774924076820886,0.0,0.0,0.0,1.0,0.0
33,0.6938784074074074,0.45155132142857146,0.6964866666666666,0.06122214388702396,0.625879985594447,-0.6701812141867011,-0.3941867994763531,0.008586153846153929,0.13553999999999927,0.06821666666666572,21.89742525248893,-25.28044931142108,-23.69195143929444,0.0,0.0,0.0,1.0,0.0
34,0.6959454444444445,0.4427811071428572,0.7018607407407408,-0.3171167955615454,0.5126074757545815,-0.7012954204221985,-0.38059853792171205,0.04293076923076929,0.17540428571428568,0.08061111111111265,14.941144337366051,-14.97090094800173,-17.546880632727262,0.0,0.0,0.0,1.0,0.0
35,0.6975991111111112,0.4391932857142858,0.7043414814814816,-0.44588645332519655,0.43851112055661484,-0.6878223691593657,-0.36850190823556983,0.03434538461538437,0.0717564285714284,0.03721111111111159,9.411869337416842,-3.69571939114902,-9.239300839301597,0.0,0.0,0.0,1.0,0.0
36,0.6996661481481482,0.43401089285714284,0.7080622222222223,-0.5616926476549786,0.30463147174023797,-0.6648972372347419,-0.38679800918996987,0.04293076923076964,0.10364785714285728,0.05581111111111007,13.454336317987549,-2.4403340764861428,-10.03467214600802,0.0,0.0,0.0,1.0,0.0
37,0.7021466296296296,0.43042307142857145,0.7117825925925926,-0.6200422193488552,0.21828658033426415,-0.6261718160070027,-0.4192940160667826,0.05151769230769222,0.0717564285714284,0.05580555555555473,7.153276898089294,-1.9311535392129233,-0.45520505054459015,0.0,0.0,0.0,1.0,0.0
38,0.7038002592592593,0.4272338928571428,0.7155033333333334,-0.6260668124174674,0.22755987406949796,-0.5865429105824003,-0.4606780482597714,0.03434461538461503,0.06378357142857183,0.05581111111111205,0.24476884745564265,-2.6587831117785816,7.989667156083483,0.0,0.0,0.0,1.0,0.0
39,0.7054539259259259,0.42524064285714286,0.7196374074074073,-0.5750814425707557,0.31783550838046976,-0.5595875402626868,-0.505097722036066,0.034345384615384715,0.039864999999999845,0.06201111111111022,-5.89624218380742,-0.48826322918994847,12.774189877741527,0.0,0.0,0.0,1.0,0.0
40,0.7071075555555555,0.42324742857142855,0.7241851851851853,-0.4663452513601606,0.42431750404084834,-0.5581475796354325,-0.5393959970610476,0.034344615384615376,0.039864285714285776,0.06821666666666769,-8.850076571187659,3.888745844106783,14.444713450026427,0.0,0.0,0.0,1.0,0.0
41,0.7091746296296297,0.42205146428571433,0.7287325925925926,-0.30713132720188574,0.5035909822577147,-0.562512364653328,-0.579349902953336,0.04293153846153863,0.023919285714285088,0.06821111111111038,-7.8345899362546785,9.601262959586585,13.872152418373565,0.0,0.0,0.0,1.0,0.0
42,0.7112416666666667,0.42085553571428574,0.73328,-0.1287017654265457,0.5185377492921899,-0.5607239954490727,-0.6325686200426868,0.04293076923076895,0.023918571428571657,0.06821111111111235,-5.010210217866358,13.153159824862986,12.804887574670241,0.0,0.0,0.0,1.0,0.0
43,0.7137221481481482,0.4192609642857143,0.7374140740740741,0.05323023894199366,0.4968813200634571,-0.5182906731427533,-0.6940102834738158,0.05151769230769222,0.031891428571428564,0.06201111111111022,-1.1293137032005038,16.699001008053546,13.328634754331999,0.0,0.0,0.0,1.0,0.0
44,0.7153757777777777,0.41806499999999996,0.7411348148148148,0.23056999334741884,0.41487304416883536,-0.4210638095871473,-0.7729314999699607,0.034344615384615376,0.023919285714286042,0.05581111111111007,4.5028271161616535,22.18144674146465,10.85994110510215,0.0,0.0,0.0,1.0,0.0
45,0.7170294444444444,0.4164704285714286,0.7440288888888889,0.35765706596892094,0.2711954806893348,-0.2549857833161195,-0.8564558860343295,0.03434538461538437,0.031891428571428244,0.04341111111111174,10.303699226803488,25.858575166495264,6.493402574733057,0.0,0.0,0.0,1.0,0.0
46,0.7174428518518519,0.41487585714285713,0.7465092592592593,0.41088073908715306,0.08691808869499484,-0.032411657623033045,-0.9069574127570331,0.008586153846153929,0.031891428571428876,0.03720555555555625,13.940612354439786,28.145249118658256,1.2403817182292334,0.0,0.0,0.0,1.0,0.0
47,0.7174428518518519,0.41328125,0.7485762962962964,0.3784004908687113,-0.10369824117597726,0.20719423904151146,-0.8961753682150251,0.0,0.031892142857142626,0.031005555555556095,13.01706514561012,24.20490101206015,-2.648744073278067,0.0,0.0,0.0,1.0,0.0
48,0.7170294444444444,0.41208532142857146,0.7498166666666667,0.299286092607297,-0.25759056947646053,0.4215862963927124,-0.816296470641963,0.008586153846153929,0.023918571428571338,0.01860555555555382,20.522104700332296,32.645940097572336,-3.867653338341236,0.0,0.0,0.0,1.0,0.0
49,0.7157891851851852,0.4104907142857143,0.751057037037037,0.16188783515998442,-0.43047647843584913,0.669485677862404,-0.5833277444780087,0.025759230769230437,0.031892142857142626,0.018605555555555795,12.685241301368166,20.107284985825423,-1.587939628280553,0.0,0.0,0.0,1.0,0.0
50,0.7149623703703704,0.41009207142857146,0.7514703703703703,0.12993650380563812,-0.4684768619990617,0.7016835549095429,-0.52085134493422,0.017172307692307858,0.007972857142857536,0.006200000000000151,6.150082747604884,11.005339397250637,0.7951935104361085,0.0,0.0,0.0,1.0,0.0
51,0.7137221481481482,0.4084975,0.7514703703703703,0.035987243698135024,-0.5454181484810702,0.772616771818289,-0.32293542002013037,0.025758461538461442,0.031891428571428244,0.0,11.826793407726635,21.62426962748362,-1.120805026331604,0.0,0.0,0.0,1.0,0.0
52,0.711655111111111,0.40730153571428573,0.7514703703703703,-0.05766936247292101,-0.5660211004763862,0.8021553882990734,-0.1812211120985362,0.04293076923076895,0.023919285714285723,0.0,2.6726720765484733,12.555942064502874,-4.341066370552298,0.0,0.0,0.0,1.0,0.0
53,0.7091746296296297,0.40610560714285715,0.7514703703703703,-0.15381228871457364,-0.531825255278641,0.8251923287914132,-0.11207719746673278,0.05151769230769222,0.023918571428571657,0.0,-1.7054028840040012,8.964571058842337,-7.161028380959078,0.0,0.0,0.0,1.0,0.0
54,0.7066941481481481,0.4049096785714286,0.7514703703703703,-0.2373367292633915,-0.4766162331549094,0.8426737789285443,-0.08005713923234736,0.05151769230769256,0.023918571428571338,0.0,-2.4817614247180533,7.578958814418094,-6.098188829798195,0.0,0.0,0.0,1.0,0.0
55,0.7046271111111111,0.404511,0.7514703703703703,-0.3252534878949068,-0.43870947602167343,0.8365774185099247,-0.04338648522589253,0.04293076923076895,0.007973571428571288,0.0,-1.7117751896346591,11.047296484233721,-2.6778810297039137,0.0,0.0,0.0,1.0,0.0
56,0.7025600370370371,0.4049096785714286,0.7518837037037037,-0.4241948358378732,-0.4286383081673763,0.7976676322359403,0.007368208940981835,0.04293153846153863,0.007973571428571288,0.006200000000000151,1.6725028087699472,10.483122749021806,-0.6312182667440582,0.0,0.0,0.0,1.0,0.0
57,0.7021466296296296,0.4053083214285714,0.7518837037037037,-0.4757898296911267,-0.44447674213841515,0.754268417255175,0.0845199289628353,0.008586153846153776,0.007972857142857396,0.0,7.494923142947613,10.03500035846861,0.8471619877187002,0.0,0.0,0.0,1.0,0.0
58,0.7021466296296296,0.40610560714285715,0.7527103703703703,-0.5124966914506783,-0.4895488240450193,0.6770634296252578,0.19817719947645468,0.0,0.015945714285714122,0.012399999999998329,11.66721138320407,10.672727010055965,1.53204747049352,0.0,0.0,0.0,1.0,0.0
59,0.7025600370370371,0.40730153571428573,0.7527103703703703,-0.5016045392718944,-0.5320019053627916,0.596920829969892,0.33023080053236264,0.008586153846153587,0.023918571428571657,0.0,14.877764690630922,8.086164730101473,-2.773136574950465,0.0,0.0,0.0,1.0,0.0
60,0.7033868518518518,0.4080988571428571,0.7531237037037037,-0.42955726109143755,-0.5404476157959983,0.5291461139600231,0.49335719727703364,0.017172307692307858,0.015946428571428507,0.006200000000002125,17.207851511448123,7.627046591027114,-10.940254484187875,0.0,0.0,0.0,1.0,0.0
61,0.7046271111111111,0.4092947857142857,0.7527103703703703,-0.2898762245853714,-0.468665895991276,0.4900403832011492,0.6754142989209635,0.02575923076923078,0.023918571428571338,0.006200000000002125,13.299475060233556,9.311782492620242,-22.541678918559654,0.0,0.0,0.0,1.0,0.0
62,0.7054539259259259,0.4104907142857143,0.7514703703703703,-0.11526230044911241,-0.28273388920030196,0.5032915870576828,0.8083772191185306,0.017172307692307515,0.023918571428571657,0.018599999999998475,3.339491605061219,10.545277266137537,-24.66836274306017,0.0,0.0,0.0,1.0,0.0
63,0.7062807407407407,0.4108893571428571,0.75023,-0.00012898297872855624,-0.08163983002990163,0.5787699999185776,0.8113939910489414,0.017172307692307515,0.007972857142856586,0.018605555555555795,-16.022306531127175,11.869506243270852,-19.99050040011666,0.0,0.0,0.0,1.0,0.0
64,0.7066941481481481,0.41009207142857146,0.7489896296296297,0.04956547225190388,0.09915656537993658,0.725024505040707,0.679743118091664,0.008586153846153929,0.015945714285714122,0.01860555555555382,-11.363421105267145,5.984307889096158,-7.298055405824973,0.0,0.0,0.0,1.0,0.0
65,0.7071075555555555,0.4096934285714286,0.7489896296296297,0.0465913575399373,0.1155654665347727,0.7396847555650005,0.6613171181301234,0.008586153846153929,0.007972857142856586,0.0,-2.4240299528941285,2.6792218184050056,-0.6325554387222861,0.0,0.0,0.0,1.0,0.0
66,0.7071075555555555,0.4092947857142857,0.7494033333333333,0.03655138708312641,0.1875843946447111,0.7858356975478613,0.5881652382175803,0.0,0.007972857142857536,0.006205555555553522,-9.717429641075057,7.773272297978156,-6.453025589513047,0.0,0.0,0.0,1.0,0.0
67,0.7079343703703704,0.4096934285714286,0.7498166666666667,0.03144668420856882,0.2965414781273826,0.8181600665823575,0.49161810712408266,0.017172307692307515,0.007972857142857536,0.006200000000000151,-9.92101173138473,11.993715998441118,-11.268599659797136,0.0,0.0,0.0,1.0,0.0
68,0.7087612222222222,0.4104907142857143,0.751057037037037,0.010930498588692189,0.48289426726341816,0.8138881198613951,0.32292379781182523,0.017173076923076853,0.015945714285714122,0.018605555555555795,-15.571396620286777,18.62183851561977,-17.897469687371128,0.0,0.0,0.0,1.0,0.0
69,0.7104148518518519,0.4116866428571429,0.7527103703703703,-0.004323911880201592,0.6603252526579698,0.7466214334772353,0.08067403275304241,0.034344615384615376,0.023918571428571338,0.024799999999998632,-15.49781499095538,17.979791605664044,-15.375852532778422,0.0,0.0,0.0,1.0,0.0
70,0.711655111111111,0.4124839642857143,0.7539507407407408,-0.026388955408594233,0.747015008347508,0.6544975420517294,-0.11360091453971946,0.025759230769230552,0.015946428571428153,0.018605555555557356,-10.339010370752687,12.279720613203068,-10.716239610368516,0.0,0.0,0.0,1.0,0.0
71,0.7120685185185186,0.41208532142857146,0.7551911111111111,-0.038267948919338296,0.7973274665440266,0.5551482928976781,-0.23369819869392428,0.008586153846153587,0.007972857142857219,0.018605555555555795,-5.589897373165476,7.193306640655712,-11.06874667912107,0.0,0.0,0.0,1.0,0.0
72,0.7120685185185186,0.4108893571428571,0.7560177777777777,-0.06789170490624008,0.8365573313673048,0.4635645488722761,-0.2840254509183652,0.0,0.023919285714286042,0.012399999999998329,-0.687538461307854,2.3821792487164593,-6.705561000020581,0.0,0.0,0.0,1.0,0.0
73,0.711655111111111,0.41009207142857146,0.756431111111111,-0.08195325750937586,0.8509087960758549,0.4358403594266022,-0.2815689355011154,0.008586153846153587,0.015945714285714122,0.006200000000000151,1.1602753512529362,-1.0103017446703588,-2.4166546591213462,0.0,0.0,0.0,1.0,0.0
74,0.711655111111111,0.4092947857142857,0.756431111111111,-0.09727432241728609,0.8632561945246575,0.41854267291596503,-0.2648555828398261,0.0,0.015945714285714122,0.0,1.5280461705184805,-0.6065416158220358,-1.5775604292041936,0.0,0.0,0.0,1.0,0.0
75,0.7112416666666667,0.4088961428571429,0.7568444444444444,-0.10714737401767531,0.8667195734832612,0.4150693349002856,-0.2550177805713644,0.008587352444545743,0.007973255805647735,0.006200310015501107,0.47686426385822134,-0.919112964744373,-1.418700723482795,0.0,0.0,0.0,1.0,0.0
76,0.7112416666666667,0.4080988571428571,0.7572581481481483,-0.10741251252098288,0.8812754324867786,0.3940350155328061,-0.23780784424243082,0.0,0.015945714285714122,0.0062055555555574704,0.10662329369359824,-2.0859523487292218,-3.0095140294712,0.0,0.0,0.0,1.0,0.0
77,0.7108282592592593,0.40730153571428573,0.7576714814814814,-0.10328993336155012,0.9014805664065045,0.36426586614379153,-0.2097006361938074,0.008586153846153587,0.015946428571428507,0.0061999999999981775,-1.3062551714961994,-3.9731690558664368,-5.313348541406037,0.0,0.0,0.0,1.0,0.0
78,0.7104148518518519,0.40650424999999996,0.7580848148148148,-0.08221264040442873,0.9370197910237152,0.2962358239680108,-0.16576890415756174,0.00858615384615427,0.015945714285714122,0.006200000000000151,-1.6502478419369602,-4.811543461626553,-8.949692461548432,0.0,0.0,0.0,1.0,0.0
79,0.7104148518518519,0.4053083214285714,0.7584981481481482,-0.07867345025065689,0.9665499505300164,0.21346568862917917,-0.11842331330506999,0.0,0.023918571428571657,0.006200000000000151,0.0101001915409481,-4.20902708717638,-8.143570262987481,0.0,0.0,0.0,1.0,0.0
80,0.7100014444444445,0.404511,0.7589118518518518,-0.0765253463512291,0.9826747372250423,0.15138069898036624,-0.07468678706260051,0.008586153846153587,0.015946428571428507,0.006205555555555496,-0.41364668229192414,-3.4443772989097,-5.3789621410327415,0.0,0.0,0.0,1.0,0.0
81,0.7100014444444445,0.4037137142857143,0.7589118518518518,-0.07049425380664526,0.990597864387716,0.11038255051156529,-0.03952371178548742,0.0,0.015945714285714438,0.0,-0.14210794128625925,-3.8331597806738897,-3.475400373325942,0.0,0.0,0.0,1.0,0.0
82,0.7100014444444445,0.4033150714285715,0.7589118518518518,-0.06617494932170112,0.9945233444848444,0.08065223112009415,0.006277815886190931,0.0,0.007972857142856902,0.0,-0.5054202835951773,-4.2639264647885575,-3.7545744217785724,0.0,0.0,0.0,1.0,0.0
83,0.7100014444444445,0.4025177857142857,0.7584981481481482,-0.05421917438698038,0.9963243764023998,0.03920532988809787,0.05348794465605252,0.0,0.015945714285714438,0.006205555555555496,-0.49571558852643516,-5.866086967008299,-4.744108884214991,0.0,0.0,0.0,1.0,0.0
84,0.7100014444444445,0.40172050000000004,0.7580848148148148,-0.04743693769597241,0.9899170041332298,-0.012561240092678462,0.1328769246982091,0.0,0.015945714285714122,0.006200000000000151,0.04151228509699625,-8.944992352820798,-7.485720442906154,0.0,0.0,0.0,1.0,0.0
85,0.7100014444444445,0.40052457142857145,0.7572581481481483,-0.0364459852253231,0.9674261152614585,-0.1007481116464029,0.22936481785740997,0.0,0.023918571428571338,0.012399999999998329,0.3865348811817483,-9.830169000549063,-10.227066683664452,0.0,0.0,0.0,1.0,0.0
86,0.7104148518518519,0.39972725000000003,0.7568444444444444,-0.04142655743385237,0.9205920835072086,-0.20207947120113884,0.33159907032756336,0.008586153846153587,0.015946428571428507,0.0062055555555574704,4.5427287286493305,-12.441598881462054,-11.276687029503341,0.0,0.0,0.0,1.0,0.0
87,0.7108282592592593,0.3981326785714286,0.756431111111111,-0.08388857047149004,0.8452408515459593,-0.3062009184239322,0.4298506812585643,0.00858615384615427,0.031891428571428564,0.006200000000000151,4.251289663654651,-8.662800246242224,-6.604220727316901,0.0,0.0,0.0,1.0,0.0
88,0.7108282592592593,0.39733539285714287,0.7560177777777777,-0.10703472088640345,0.8045297022888251,-0.33512068563103214,0.47850773527918145,0.0,0.015945714285714438,0.006200000000000151,1.502124403235781,-8.161982819470383,-1.9818067688210932,0.0,0.0,0.0,1.0,0.0
89,0.7108282592592593,0.39613942857142853,0.7560177777777777,-0.14787834095212388,0.7335105397257933,-0.34579848627950993,0.5661428187968319,0.0,0.023919285714285723,0.0,0.5427893202697716,-12.899294499071814,-1.7267969858174883,0.0,0.0,0.0,1.0,0.0
90,0.7104148518518519,0.3949435,0.7556044444444445,-0.169772629922992,0.658311565280598,-0.3313110381010058,0.6542447043570729,0.00858615384615427,0.023918571428571338,0.0061999999999981775,-2.161768968278072,-10.517866312981898,-2.784666403275026,0.0,0.0,0.0,1.0,0.0
91,0.7104148518518519,0.3937475714285714,0.7551911111111111,-0.16047078979827797,0.5768250526408472,-0.32249325541279206,0.7331576123049262,0.0,0.023918571428571338,0.006200000000000151,-2.621556021146311,-11.366984677903067,-4.394336290161582,0.0,0.0,0.0,1.0,0.0
92,0.7100014444444445,0.39255160714285714,0.7547774074074073,-0.1513259276374476,0.4706664203344526,-0.3071889420399297,0.8131473041722557,0.008586153846153587,0.023919285714285723,0.0062055555555574704,-1.9772290660048344,-12.397479987468554,-5.349179901314018,0.0,0.0,0.0,1.0,0.0
93,0.7095880370370371,0.3913556785714286,0.754364074074074,-0.12805354029546323,0.349388795204466,-0.3079358773097307,0.8756170715951443,0.008586153846153929,0.023918571428571338,0.006200000000000151,-0.38884344022483786,-12.59867727141619,-7.469012407610683,0.0,0.0,0.0,1.0,0.0
94,0.7095880370370371,0.38976110714285717,0.7535374074074075,-0.10281686954966242,0.2012958153907547,-0.31850990861860595,0.9205759741346426,0.0,0.031891428571428564,0.012399999999998329,1.9138005707264534,-14.797840300538372,-7.586741022547539,0.0,0.0,0.0,1.0,0.0
95,0.7091746296296297,0.38856514285714283,0.7531237037037037,-0.09004725535541078,0.031827591365870336,-0.34134990444401375,0.9350715154290967,0.008586153846153587,0.023919285714285723,0.006205555555555496,3.729539986325756,-15.346418982462907,-6.85654258684029,0.0,0.0,0.0,1.0,0.0
96,0.7091746296296297,0.38697057142857144,0.7522970370370371,-0.08484346229712952,-0.13197235129500978,-0.36488280561115244,0.9177393004380036,0.0,0.031891428571428876,0.012400000000000301,5.059076876665006,-14.793250474008028,-4.389228476924313,0.0,0.0,0.0,1.0,0.0
97,0.7087612222222222,0.3853759642857143,0.7518837037037037,-0.10830546465753577,-0.2957917917364003,-0.4002662365984139,0.8605603303116103,0.00858615384615427,0.031892142857142626,0.006200000000000151,7.928310330156458,-19.89080478423101,-2.218657718286062,0.0,0.0,0.0,1.0,0.0
98,0.7087612222222222,0.38338275,0.751057037037037,-0.14909515737214032,-0.48682329631171234,-0.4356249593127811,0.7422968456352977,0.0,0.039864285714285776,0.012400000000000301,8.160843505740226,-19.14831183514752,-0.6697260903495202,0.0,0.0,0.0,1.0,0.0
99,0.7083478148148148,0.3821868214285714,0.75023,-0.18934039462584892,-0.5970286341072865,-0.45864709944642557,0.6303569331642958,0.008586153846153776,0.023918571428571872,0.012405555555555921,4.067281484920379,-12.964292630422802,2.2165629563433087,0.0,0.0,0.0,1.0,0.0
100,0.7083478148148148,0.38099085714285713,0.7498166666666667,-0.2507371916966029,-0.6658250343102354,-0.46241307895360745,0.5291332807511919,0.0,0.023919285714285723,0.006200000000000151,1.7855302368139632,-14.116453790173384,3.182591522859636,0.0,0.0,0.0,1.0,0.0
101,0.7083478148148148,0.3801935714285714,0.7489896296296297,-0.32198199799730326,-0.7165325722983124,-0.44979088795502653,0.42496684919397826,0.0,0.015945714285714122,0.012405555555553673,-1.73561590055426,-9.937913994425996,2.7430884904652384,0.0,0.0,0.0,1.0,0.0
102,0.7079343703703704,0.37979492857142855,0.7489896296296297,-0.3927946336840343,-0.7246256906116337,-0.4193997375904629,0.38043901530165036,0.008586923076923268,0.007972857142857219,0.0,-5.062811300520738,-9.165597643128324,1.0158482797190966,0.0,0.0,0.0,1.0,0.0
103,0.7079343703703704,0.37939628571428574,0.7481629629629629,-0.4862128565935867,-0.7313854406911401,-0.3444269542122488,0.3317264964397697,0.0,0.007972857142857219,0.012400000000002276,-12.085953164071706,-8.834410183591107,-2.772656231039342,0.0,0.0,0.0,1.0,0.0
104,0.7079343703703704,0.37939628571428574,0.7477496296296295,-0.5969676008846666,-0.6720781198072225,-0.22479438878208066,0.37604277302254385,0.0,0.0,0.006200000000000151,-17.870878258973246,-1.111984467730919,-7.067359239000678,0.0,0.0,0.0,1.0,0.0
105,0.7083478148148148,0.3801935714285714,0.7477496296296295,-0.6709654825679037,-0.5685751217989239,-0.12210429171841797,0.46001977568111385,0.008586923076923268,0.015945714285714438,0.0,-16.49477838159381,5.0309904317263054,-6.584199036269798,0.0,0.0,0.0,1.0,0.0
106,0.7087612222222222,0.3813895,0.7473362962962962,-0.71086858170828,-0.43080104226482274,-0.07183872556140153,0.5512853335917024,0.008586153846153587,0.023918571428571338,0.006200000000000151,-11.82683013404002,9.280289427588256,-4.58220581589078,0.0,0.0,0.0,1.0,0.0
107,0.7091746296296297,0.38298410714285713,0.7473362962962962,-0.7167162378052111,-0.3049145098100942,-0.07887259364112192,0.6221929685764187,0.00858615384615427,0.031892142857142626,0.0,-8.903242560330677,12.487828029129027,-2.8666065074389273,0.0,0.0,0.0,1.0,0.0
108,0.7100014444444445,0.3853759642857143,0.7473362962962962,-0.704041710867406,-0.12331647407775204,-0.15041121124892076,0.6830042343284259,0.017172307692307133,0.04783714285714193,0.0,-6.451719346446886,28.268465216913356,-0.8064687571210369,0.0,0.0,0.0,1.0,0.0
109,0.7112416666666667,0.39055839285714283,0.7473362962962962,-0.6174925439795558,0.13093289676807537,-0.3464580411295878,0.6939210044451932,0.025758461538462014,0.10364857142857364,0.0,-2.1795071129642767,28.95613224996409,-0.8168830469619494,0.0,0.0,0.0,1.0,0.0
110,0.7120685185185186,0.3933489285714286,0.7477496296296295,-0.5375543041579739,0.2711914070779795,-0.44262459446415314,0.664510390576209,0.017173076923076472,0.05581071428571305,0.006200000000000013,-1.6358710901502889,11.63151875234943,1.3421171753923749,0.0,0.0,0.0,1.0,0.0
111,0.7120685185185186,0.3941462142857143,0.7477496296296295,-0.5131139774245106,0.348836253313648,-0.4714457097478747,0.6267106647457168,0.0,0.015945714285714473,0.0,-0.8915094177910887,8.313587074104445,4.395516737724531,0.0,0.0,0.0,1.0,0.0
112,0.7120685185185186,0.39534214285714286,0.7477496296296295,-0.4941870101626196,0.42606809223889325,-0.49499217174957827,0.5737838701715805,0.0,0.023918571428571872,0.0,-0.3228566376585514,8.005337331657026,3.294110763519338,0.0,0.0,0.0,1.0,0.0
113,0.7120685185185186,0.39653807142857145,0.7477496296296295,-0.4730984401158519,0.473636911402758,-0.5171416825043813,0.5333014366503633,0.0,0.023918571428571126,0.0,0.2810597288644432,5.877201163295053,2.0664899411830713,0.0,0.0,0.0,1.0,0.0
114,0.7120685185185186,0.39773403571428567,0.7477496296296295,-0.4513239317361946,0.5168855682726041,-0.5390322894344393,0.48844673087324125,0.0,0.023919285714285938,0.0,0.3887131644013598,8.095775722749446,1.5235221956040323,0.0,0.0,0.0,1.0,0.0
115,0.7120685185185186,0.39892996428571426,0.7477496296296295,-0.40320490905062395,0.5657476546423945,-0.5780674842228648,0.428010953444367,0.0,0.023918571428571126,0.0,0.8190210625085277,11.187418059535439,1.278627777898443,0.0,0.0,0.0,1.0,0.0
116,0.7120685185185186,0.40012589285714284,0.7477496296296295,-0.3452422556750049,0.6185974740808349,-0.6173340946127707,0.34211630418013694,0.0,0.023918571428571872,0.0,1.3810567648524552,13.061010822112543,1.8061985614149259,0.0,0.0,0.0,1.0,0.0
117,0.7120685185185186,0.40172050000000004,0.7481629629629629,-0.26868821727746384,0.6652378160831046,-0.6555470460656427,0.23563395414042038,0.0,0.03189214285714224,0.006200000000000013,2.0268681917429077,15.674299840966839,1.6015833665879111,0.0,0.0,0.0,1.0,0.0
118,0.711655111111111,0.4037137142857143,0.7485762962962964,-0.16493478712498583,0.6994848995388541,-0.6880614908449394,0.10044289984560473,0.008586153846153776,0.039864285714286345,0.006200000000002262,0.3638466618172558,19.802632708278868,0.6337325283044228,0.0,0.0,0.0,1.0,0.0
119,0.7112416666666667,0.4057069642857143,0.7494033333333333,-0.0032260306046520415,0.7068685440206082,-0.7057918928299183,-0.0467360483597456,0.008586923076923075,0.039864999999998964,0.012405555555553397,-1.5401192140505329,23.734658173335077,0.05108821201002289,0.0,0.0,0.0,1.0,0.0
120,0.7108282592592593,0.4080988571428571,0.75023,0.1809359629972886,0.6795052782245217,-0.6824109789592538,-0.1996246727113959,0.008586153846153776,0.047837857142858445,0.012400000000000575,-3.796380892908527,23.5646496877195,2.0588794635996948,0.0,0.0,0.0,1.0,0.0
121,0.7100014444444445,0.41009207142857146,0.751057037037037,0.3688181788854221,0.6343508888273512,-0.610278518831879,-0.2985502139003726,0.017172307692307476,0.039864285714284575,0.012405555555555371,-5.44126034972695,20.331445102828276,5.3075935279627355,0.0,0.0,0.0,1.0,0.0
122,0.7087612222222222,0.4116866428571429,0.7518837037037037,0.5206711118929545,0.5890290978388161,-0.5023343828539144,-0.36000900397368063,0.025758461538462358,0.031891428571429584,0.012400000000000575,-3.0114578058627206,17.013815436195046,7.577744145443,0.0,0.0,0.0,1.0,0.0
123,0.7075209629629629,0.4128826071428571,0.7522970370370371,0.6261596305357475,0.5635995886194316,-0.37671516463766247,-0.3851821718711325,0.02575923076922987,0.023919285714284876,0.006200000000000013,-0.16841322290843094,10.64110177577522,9.19371082605537,0.0,0.0,0.0,1.0,0.0
124,0.7062807407407407,0.4140785357142857,0.7531237037037037,0.6690749327405205,0.5801123605103705,-0.2712877434031933,-0.3771091935243121,0.025758461538462358,0.023918571428571872,0.012400000000000575,6.003748408568868,5.266952450032574,7.370797470891563,0.0,0.0,0.0,1.0,0.0
125,0.7058673333333333,0.41487585714285713,0.754364074074074,0.6562472993425927,0.6219587095684989,-0.18727164341142535,-0.3839741882879957,0.008586153846153396,0.015946428571428153,0.01860555555555341,4.233941983279194,2.313139112887655,2.486979895284489,0.0,0.0,0.0,1.0,0.0
126,0.7054539259259259,0.41487585714285713,0.754364074074074,0.6529059783309943,0.6293234478005316,-0.17636070189684602,-0.3828350615272204,0.008586153846154118,0.0,0.0,1.0124386562624232,-1.111214052816059,0.0609762344576954,0.0,0.0,0.0,1.0,0.0
127,0.7054539259259259,0.4144771785714286,0.7547774074074073,0.634986517460303,0.6507916082643291,-0.17373901807660902,-0.3782554148378313,0.0,0.007973571428570794,0.006200000000000013,2.6424334476882,-0.7346993075139296,0.03106930711712396,0.0,0.0,0.0,1.0,0.0
128,0.7054539259259259,0.4144771785714286,0.7551911111111111,0.6233445145479392,0.6649355567360563,-0.1668452462225113,-0.37611831301341153,0.0,0.0,0.006205555555557607,1.6992098367942408,-1.0513439146401673,1.4572741222312737,0.0,0.0,0.0,1.0,0.0
129,0.7054539259259259,0.4144771785714286,0.7556044444444445,0.6163565275398184,0.6886310542041179,-0.152431136673771,-0.35022371524087925,0.0,0.0,0.006200000000000013,2.3424542952969944,-1.8873726217119953,3.432864913958625,0.0,0.0,0.0,1.0,0.0
130,0.7054539259259259,0.4140785357142857,0.7556044444444445,0.6092253585366298,0.7148129870389079,-0.12872239499683175,-0.3183039445289805,0.0,0.007972857142857713,0.0,2.4437399142690244,-2.209290596033633,4.159717096190659,0.0,0.0,0.0,1.0,0.0
131,0.7054539259259259,0.4140785357142857,0.7560177777777777,0.6001300516132765,0.7453033585082577,-0.10199802625710412,-0.2719618127359292,0.0,0.0,0.0061999999999980395,3.4935723927509885,-2.87946172282457,5.723174085436575,0.0,0.0,0.0,1.0,0.0
132,0.7054539259259259,0.4136798928571429,0.756431111111111,0.5815551544174901,0.7832286838288023,-0.058598651652933764,-0.21192599940240814,0.0,0.007972857142856761,0.006200000000000288,4.611634579918369,-3.898123042923784,7.626218686744384,0.0,0.0,0.0,1.0,0.0
133,0.7054539259259259,0.4128826071428571,0.7568444444444444,0.5606482395406205,0.8154200784840611,-0.018313145651158172,-0.1429275193985061,0.0,0.0159457142857144,0.006200000000000013,2.609439208984518,-2.4146020399200214,4.7223910140426435,0.0,0.0,0.0,1.0,0.0
134,0.7054539259259259,0.4128826071428571,0.7572581481481483,0.5501253738777678,0.8269909612911325,0.001531949786189965,-0.11595549184263433,0.0,0.0,0.006205555555557607,2.1091829851749835,-1.880109292895069,3.2272019133118968,0.0,0.0,0.0,1.0,0.0
135,0.7054539259259259,0.4124839642857143,0.7576714814814814,0.5295118757064036,0.8457636845578363,0.027971565436750494,-0.05931740803555462,0.0,0.007972857142856725,0.0061999999999980395,3.321983578050943,-4.251254664174423,6.567292792707296,0.0,0.0,0.0,1.0,0.0
136,0.7050405185185185,0.4116866428571429,0.7584981481481482,0.5088483277227904,0.8578189598723466,0.07018871570264469,0.01713346565229403,0.008586153846154118,0.01594642857142886,0.012400000000000575,2.3165939577051455,-4.265406983907004,8.07301928233743,0.0,0.0,0.0,1.0,0.0
137,0.7046271111111111,0.411288,0.7593251851851852,0.4899705391002812,0.8592173924450784,0.11556259758926327,0.09121200234663276,0.008586153846153776,0.007972857142857396,0.012405555555555921,2.331717796365382,-3.2051801987450927,6.636100368993123,0.0,0.0,0.0,1.0,0.0
138,0.7042137037037037,0.4104907142857143,0.7597385185185185,0.46333185689349954,0.8617532136037225,0.15134633526850338,0.14070990026317412,0.008586153846153738,0.01594571428571377,0.006200000000000013,2.678926241404069,-1.174566137960649,5.647545721294689,0.0,0.0,0.0,1.0,0.0
139,0.7038002592592593,0.41009207142857146,0.7601518518518519,0.4363664613779597,0.8603845292110942,0.19477850269372646,0.1771556043908051,0.008586923076923457,0.007972857142857713,0.006200000000000288,1.5080723461997383,-0.8196889433902639,5.463444373139186,0.0,0.0,0.0,1.0,0.0
140,0.7038002592592593,0.4096934285714286,0.7605651851851852,0.4204548526283087,0.8531104092334857,0.22817861002153988,0.20821831928872042,0.0,0.007973255805646746,0.006200310015500832,1.0657350199845952,-0.8954270674952372,3.9738078197667215,0.0,0.0,0.0,1.0,0.0
141,0.7033868518518518,0.4092947857142857,0.7609785185185186,0.4061260956103585,0.8466102443366771,0.25287905812896533,0.23316275561994254,0.008586153846153776,0.007972857142857713,0.006200000000000288,0.4774330208072951,-1.4258698967945096,3.401672300134458,0.0,0.0,0.0,1.0,0.0
142,0.7033868518518518,0.4088961428571429,0.7613922222222222,0.40211007705219526,0.8337502608135839,0.2755691970123883,0.2592867258158544,0.0,0.007972857142857042,0.006205555555555358,-0.14355524404449424,-0.5626345268034365,3.4322353014385993,0.0,0.0,0.0,1.0,0.0
143,0.7033868518518518,0.4084975,0.7613922222222222,0.39577552048273823,0.8222325633358378,0.3027994441742072,0.2749688087485312,0.0,0.007972857142857078,0.0,-0.6287626050880681,-1.8333769880560693,3.218154317211095,0.0,0.0,0.0,1.0,0.0
144,0.7033868518518518,0.4080988571428571,0.7613922222222222,0.40587106391673305,0.7985083059324869,0.3180012245532104,0.3106901768878246,0.0,0.007972857142857042,0.0,-1.3032883407523688,-3.0044866439367786,3.150390483339512,0.0,0.0,0.0,1.0,0.0
145,0.7033868518518518,0.4077002142857143,0.7618055555555556,0.4132678442927857,0.7762236775219695,0.33706559144026227,0.3362637036536796,0.0,0.007972857142857396,0.006200000000000288,-1.2271783950532573,-2.6411862863968065,2.6246343597776014,0.0,0.0,0.0,1.0,0.0
146,0.7033868518518518,0.40730153571428573,0.7613922222222222,0.42484966201685925,0.7539105829707908,0.3417523788018324,0.3665063562233152,0.0,0.00797357142857111,0.006200000000000013,-0.5001580141388837,-2.899755839711281,1.400883958629171,0.0,0.0,0.0,1.0,0.0
147,0.7033868518518518,0.4069028928571429,0.7613922222222222,0.4401291690854683,0.7314387185972371,0.3319243694257968,0.4013850127225159,0.0,0.007972857142857713,0.0,-1.2235744538275588,-8.85517402752701,0.5622858130678772,0.0,0.0,0.0,1.0,0.0
148,0.7033868518518518,0.4057069642857143,0.7609785185185186,0.4839968613319664,0.677012130055254,0.2907268201997488,0.4721011861830004,0.0,0.023918571428570807,0.006205555555555358,-0.9981246201734155,-6.7587432673947125,-0.36055678996039964,0.0,0.0,0.0,1.0,0.0
149,0.7033868518518518,0.4053083214285714,0.7609785185185186,0.49753657696541864,0.6610667979640593,0.27467381731953283,0.48990033403764466,0.0,0.007972857142857078,0.0,-0.8140756904659663,-5.404865699772153,0.09820807908826354,0.0,0.0,0.0,1.0,0.0
150,0.7038002592592593,0.404511,0.7605651851851852,0.53054677496145,0.5972923577540028,0.24139083561646316,0.5509014643537031,0.008586153846153396,0.015946428571428153,0.006200000000000013,-3.1838655463715595,-10.208553577075604,1.5798593552036997,0.0,0.0,0.0,1.0,0.0
151,0.7038002592592593,0.4037137142857143,0.7601518518518519,0.5633162332299321,0.5210206474344034,0.2272407845699185,0.5996448383457693,0.0,0.015945714285714792,0.006200000000000288,-4.803590719057649,-8.950383200914734,1.7445357891069089,0.0,0.0,0.0,1.0,0.0
152,0.7038002592592593,0.40291642857142856,0.7597385185185185,0.6000726423093807,0.42575583353741026,0.21048355234965213,0.6436936137254855,0.0,0.01594571428571377,0.006200000000000013,-5.649714056868462,-9.458484457619713,1.3055719973482287,0.0,0.0,0.0,1.0,0.0
153,0.7038002592592593,0.40172050000000004,0.7589118518518518,0.6359908635095437,0.325815725204627,0.20313989668439908,0.6693981753163207,0.0,0.023918571428571872,0.012400000000000575,-7.979670177460541,-8.905476125046727,0.699779105372226,0.0,0.0,0.0,1.0,0.0
154,0.7042137037037037,0.40092321428571426,0.7584981481481482,0.6778221922071578,0.2009709141998634,0.1981496652653574,0.6788994605627412,0.008586923076923075,0.015945714285714084,0.006205555555555358,-8.317635118884965,-10.830966894414187,-0.49373839870701053,0.0,0.0,0.0,1.0,0.0
155,0.7042137037037037,0.39972725000000003,0.7576714814814814,0.7191469229346328,0.06874407576979041,0.16323417744296473,0.6719051708349366,0.0,0.023919285714285938,0.012400000000000575,-7.77589782756508,-13.660311155092797,-2.1921492677113976,0.0,0.0,0.0,1.0,0.0
156,0.7042137037037037,0.39892996428571426,0.7572581481481483,0.7598586074185332,-0.08819432792720208,0.10418549463809118,0.6355958149330856,0.0,0.015945714285714084,0.0061999999999980395,-7.8731300910415545,-16.75556908097893,-4.107530706761516,0.0,0.0,0.0,1.0,0.0
157,0.7046271111111111,0.39733539285714287,0.756431111111111,0.7894509549438581,-0.24556423270249178,0.02141309595360552,0.5621448893987642,0.008586153846154118,0.031891428571429264,0.012405555555557895,-6.8548006511268404,-17.370120676309412,-6.243037444239099,0.0,0.0,0.0,1.0,0.0
158,0.7050405185185185,0.3957407857142857,0.7556044444444445,0.8061277648930776,-0.38371834759717555,-0.059536264819054385,0.44651281007064,0.008586153846153776,0.03189214285714365,0.012399999999998603,-4.766514720075653,-17.592697970943757,-9.382449571347868,0.0,0.0,0.0,1.0,0.0
159,0.7050405185185185,0.3937475714285714,0.754364074074074,0.8119704779939008,-0.48756968500522646,-0.14986335484634541,0.28376173104289243,0.0,0.039864285714284575,0.018605555555557356,-1.9374725669123176,-18.811644207546237,-11.22109560332484,0.0,0.0,0.0,1.0,0.0
160,0.7054539259259259,0.3917543214285714,0.7535374074074075,0.7946796345351611,-0.5485076160566384,-0.24117657569078832,0.0972498479227158,0.008586153846154118,0.039865000000001045,0.012399999999998603,1.843350527645735,-18.322379506256066,-10.408947497276536,0.0,0.0,0.0,1.0,0.0
161,0.7054539259259259,0.38976110714285717,0.7527103703703703,0.7637488893895942,-0.5438201572846028,-0.33335132466820583,-0.09911692503838,0.0,0.039864285714284575,0.012405555555557345,6.2734692643985674,-20.947880965275814,-10.794981749009061,0.0,0.0,0.0,1.0,0.0
162,0.7058673333333333,0.38736921428571425,0.7514703703703703,0.6936369457753306,-0.45265247497311545,-0.44378469103172985,-0.34209453717073035,0.008586153846154118,0.047837857142858126,0.01859999999999889,15.75218739398168,-32.436072012255345,-7.142372512163993,0.0,0.0,0.0,1.0,0.0
163,0.7058673333333333,0.3845786785714286,0.7498166666666667,0.5784742990112617,-0.22216399826782796,-0.5573462015631822,-0.5526082290919803,0.0,0.05581071428571336,0.024805555555555397,9.500239719850123,-17.22751448181151,-0.6008875217853663,0.0,0.0,0.0,1.0,0.0
164,0.7058673333333333,0.38378139285714286,0.7498166666666667,0.5592285908626139,-0.16763340752649603,-0.5728369930178931,-0.5753435523868231,0.0,0.015945714285714473,0.0,3.7977451284531702,-8.470279447780957,3.1109989008527847,0.0,0.0,0.0,1.0,0.0
165,0.7058673333333333,0.3821868214285714,0.7489896296296297,0.4872994224847328,0.00377981315696721,-0.623524563923386,-0.6113445052036497,0.0,0.03189142857142785,0.012405555555553397,7.242562705490238,-18.07873231789574,4.706591774199739,0.0,0.0,0.0,1.0,0.0
166,0.7062807407407407,0.3801935714285714,0.7485762962962964,0.41972889445956135,0.12941170684768913,-0.6567180494694957,-0.6130266460664685,0.008586153846153776,0.03986500000000073,0.006200000000000288,2.7713974939354187,-12.038124790749617,2.3142971705609003,0.0,0.0,0.0,1.0,0.0
167,0.7062807407407407,0.37859896428571427,0.7481629629629629,0.33800979721737323,0.22488050242499014,-0.6884228119453596,-0.6010425680493837,0.0,0.03189214285714224,0.006200000000001987,1.5471332241071478,-12.90492613809306,0.6925792200332312,0.0,0.0,0.0,1.0,0.0
168,0.7066941481481481,0.37740303571428574,0.7477496296296295,0.24788397161785966,0.29923244600002524,-0.7206099346522152,-0.5742253929915746,0.008586153846154118,0.023918571428571872,0.006200000000000288,0.6356748996949355,-11.669360816599013,-1.4525804188452356,0.0,0.0,0.0,1.0,0.0
169,0.7066941481481481,0.37620710714285716,0.7477496296296295,0.15797148038113734,0.3433078026562213,-0.7426356970144753,-0.5528806250370631,0.0,0.023918571428570807,0.0,1.2385303791064184,-8.245744479525039,-1.6286697034027346,0.0,0.0,0.0,1.0,0.0
170,0.7071075555555555,0.37540982142857143,0.7473362962962962,0.08948492979745501,0.3821997586908246,-0.7496641839842154,-0.5328408796696255,0.008586153846154118,0.015945714285714792,0.006200000000000288,0.709824384959482,-10.144819733938261,-0.8672061877316661,0.0,0.0,0.0,1.0,0.0
171,0.7075209629629629,0.3746125,0.7469225925925926,0.00791248989992785,0.4260309061626525,-0.7558485545665933,-0.49711972607954763,0.008586153846153738,0.015946428571428153,0.006205555555553384,0.6202906547052249,-4.950893356687468,-0.28291926614240753,0.0,0.0,0.0,1.0,0.0
172,0.7075209629629629,0.37421385714285715,0.7469225925925926,0.004333664310456065,0.431444364857553,-0.750452771275343,-0.5006571855785802,0.0,0.007972857142857078,0.0,0.4122683575904994,-0.8429899454506705,0.41712021978243835,0.0,0.0,0.0,1.0,0.0
173,0.7079343703703704,0.37381521428571424,0.7469225925925926,-0.020399134512370548,0.4477087069813157,-0.7501879883551483,-0.48616743117152605,0.008586153846153396,0.00797285714285736,0.0,-0.21523853468611126,-2.722419053146164,0.015190069605164256,0.0,0.0,0.0,1.0,0.0
174,0.7079343703703704,0.37381521428571424,0.7469225925925926,-0.028638553056919397,0.45302213652226764,-0.7499186461477032,-0.481220117264025,0.0,0.0,0.0,0.4680237376048131,-1.4470645281066588,-0.4861280448422653,0.0,0.0,0.0,1.0,0.0
175,0.7079343703703704,0.37341657142857143,0.7469225925925926,-0.05235806863090628,0.45698409145858937,-0.7494231458147391,-0.47622381431439287,0.0,0.007972857142856725,0.0,0.48149471235892105,-1.3769915628798979,-0.5760407004951831,0.0,0.0,0.0,1.0,0.0
176,0.7079343703703704,0.37341657142857143,0.7469225925925926,-0.05235806863090628,0.45698409145858937,-0.7494231458147391,-0.47622381431439287,0.0,0.0,0.0,-0.25562835007470225,0.364316048442576,0.2819564526624338,0.0,0.0,0.0,1.0,0.0
177,0.7079343703703704,0.37341657142857143,0.7469225925925926,-0.05235806863090628,0.45698409145858937,-0.7494231458147391,-0.47622381431439287,0.0,0.0,0.0,0.5410186879398892,-0.08027263089037702,-0.5517851101545516,0.0,0.0,0.0,1.0,0.0
178,0.7079343703703704,0.37341657142857143,0.7469225925925926,-0.059600044760479226,0.45042631951086787,-0.7496475556904449,-0.48124059222366516,0.0,0.0,0.0,0.2834077224446723,-0.04163219287270571,-0.5366679137250158,0.0,0.0,0.0,1.0,0.0
179,0.7079343703703704,0.37381521428571424,0.7469225925925926,-0.059600044760479226,0.45042631951086787,-0.7496475556904449,-0.48124059222366516,0.0,0.007972857142856725,0.0,0.5178528919709429,0.24720351664020201,0.2379068711873244,0.0,0.0,0.0,1.0,0.0
180,0.7079343703703704,0.37381521428571424,0.7469225925925926,-0.06195225215115174,0.4445195273857099,-0.744388076262717,-0.4944195588203168,0.0,0.0,0.0,1.800499747665125,1.0814319861517316,-1.136212288621211,0.0,0.0,0.0,1.0,0.0
181,0.7079343703703704,0.37381521428571424,0.7469225925925926,-0.06367197536967792,0.426454595619795,-0.7394310394305874,-0.5170339402339863,0.0,0.0,0.0,2.7378226262995553,2.5627427479571776,0.4224654163277717,0.0,0.0,0.0,1.0,0.0
182,0.7075209629629629,0.37501117857142857,0.7465092592592593,-0.10893284841810925,0.3170724884522017,-0.7032993587097252,-0.6268721429771266,0.008586153846153776,0.023919285714286573,0.006200000000000288,32.47166851517868,16.147616073527644,-29.701169226985797,0.0,0.0,0.0,1.0,0.0
183,0.7075209629629629,0.3801935714285714,0.7448555555555556,-0.33004204190704095,-0.2314653539814014,-0.48104045907496423,-0.7785217512780508,0.0,0.10364785714285926,0.024805555555556497,22.522583884189654,24.77962206554304,-37.16563966343542,0.0,0.0,0.0,1.0,0.0
184,0.7075209629629629,0.3841800357142858,0.7436155555555556,-0.32790180589195117,-0.48412158381590287,-0.5083132758852764,-0.6322375434400885,0.0,0.07972928571428385,0.01860000000000004,-6.018899431432239,26.969030523212503,-1.217505839150772,0.0,0.0,0.0,1.0,0.0
185,0.7075209629629629,0.3881665,0.7423751851851852,-0.11484029920946176,-0.6703278047165522,-0.55595399511562,-0.4778990429121516,0.0,0.07972928571428739,0.01860555555555621,21.352701002791346,47.32435803882829,-4.476965256352084,0.0,0.0,0.0,1.0,0.0
186,0.7079343703703704,0.3945448571428572,0.7415485185185186,0.3304824075262909,-0.8667961696778683,-0.324005083779908,-0.1856515128733875,0.008586153846153396,0.12756714285713985,0.012399999999998051,18.752505668844577,34.80193929600523,-6.814955735045076,0.0,0.0,0.0,1.0,0.0
187,0.7083478148148148,0.39613942857142853,0.7415485185185186,0.4236385312612418,-0.8870405820903997,-0.16723209973868614,-0.07564935804441986,0.008586923076923457,0.031891428571429264,0.0,3.901730234342945,29.538779737067355,-22.45542475614939,0.0,0.0,0.0,1.0,0.0
188,0.7083478148148148,0.4013218571428571,0.7419618518518519,0.38299592142272737,-0.8284401981544804,0.37302287851804916,0.16689785606001634,0.0,0.10364857142856904,0.006200000000000013,-19.982743689593896,49.01850871974307,-38.115023326214825,0.0,0.0,0.0,1.0,0.0
189,0.7075209629629629,0.40650424999999996,0.7427885185185185,-0.14290373361666514,-0.6878537895007022,0.6807778701863916,0.2073093790749015,0.017173076923077235,0.10364785714285958,0.012399999999998603,-52.57217508499534,41.08527884335234,7.427443496918721,0.0,0.0,0.0,1.0,0.0
190,0.7071075555555555,0.411288,0.7440288888888889,-0.6783300283630933,-0.6471965755198291,0.3439518567970874,0.05198158772264372,0.008586153846153738,0.09567499999999762,0.018605555555555382,-20.26394901458197,39.612359149818076,55.15580728188614,0.0,0.0,0.0,1.0,0.0
191,0.7066941481481481,0.41567314285714285,0.7456825925925926,-0.6167722608335868,-0.6944360861925349,-0.35044302633669566,-0.12058269258810704,0.008586153846154118,0.08770285714285916,0.024805555555556497,26.97254134388583,42.4875757849764,56.00739171736272,0.0,0.0,0.0,1.0,0.0
192,0.7066941481481481,0.4192609642857143,0.7473362962962962,-0.02131038536490465,-0.645910561456033,-0.7254385761072533,-0.23682121182578306,0.0,0.07176001657225592,0.024806795895348364,46.41316719030421,38.47087024714264,32.04206756568591,0.0,0.0,0.0,1.0,0.0
193,0.7066941481481481,0.42205146428571433,0.7494033333333333,0.5228064493554041,-0.4698139654398588,-0.624802617024692,-0.3399557973460176,0.0,0.055810000000001456,0.031005555555556785,45.366795222060794,25.454546829462267,7.961887913342318,0.0,0.0,0.0,1.0,0.0
194,0.7066941481481481,0.4240447142857143,0.7514703703703703,0.7612901402272371,-0.27734007365856295,-0.33440770279457965,-0.4813432187613209,0.0,0.039864999999998325,0.03100555555555541,34.927338263798426,12.25481111912719,-8.477604240525817,0.0,0.0,0.0,1.0,0.0
195,0.7062807407407407,0.42524064285714286,0.7531237037037037,0.7686226512403511,-0.11587618347533646,-0.10334460638609241,-0.620573784842985,0.008586153846154118,0.023918571428572188,0.02480000000000115,23.102947667369182,2.3099061181315825,-13.70445820690185,0.0,0.0,0.0,1.0,0.0
196,0.7058673333333333,0.4256392857142857,0.754364074074074,0.6828670807578116,0.023520869929419874,0.03627203027167808,-0.7292624071725062,0.008586153846153396,0.007972857142857042,0.01860555555555341,17.406626868452605,-0.5649368257558632,-14.306406551698878,0.0,0.0,0.0,1.0,0.0
197,0.7054539259259259,0.42524064285714286,0.7551911111111111,0.568949753844191,0.1449224459977091,0.14229932529660438,-0.7968968341427936,0.008586153846154118,0.007972857142857396,0.012405555555557895,14.284173660482994,-2.883056410471522,-11.374605404861287,0.0,0.0,0.0,1.0,0.0
198,0.7046271111111111,0.42444335714285714,0.7560177777777777,0.4806189606368424,0.27003717117131953,0.19653602192589723,-0.8108384135866381,0.017172307692307133,0.01594571428571377,0.012399999999998051,11.334723630993377,-7.584497645227855,-6.864985905450397,0.0,0.0,0.0,1.0,0.0
199,0.7033868518518518,0.42324742857142855,0.756431111111111,0.4238647390676159,0.38621457706155193,0.22310784763827907,-0.7882892056615534,0.025759230769231353,0.023918571428572188,0.006200000000000288,6.877564455112911,-6.177165189475315,-3.5449701640355595,0.0,0.0,0.0,1.0,0.0
200,0.7025600370370371,0.42205146428571433,0.756431111111111,0.3934164269580756,0.48886456734305855,0.23277339891673532,-0.7430016787011828,0.017172307692307476,0.02391928571428456,0.0,12.083315073779119,-17.437277735960667,-1.84417001002135,0.0,0.0,0.0,1.0,0.0
201,0.7017332222222222,0.41965960714285716,0.7576714814814814,0.3529896228696688,0.6764702320136471,0.2386233411221556,-0.6007039640433802,0.017172307692307896,0.047837142857144056,0.01860555555555621,5.970617556648549,-9.639524831229961,-1.0165842872448547,0.0,0.0,0.0,1.0,0.0
202,0.7017332222222222,0.41965960714285716,0.7576714814814814,0.3529896228696688,0.6764702320136471,0.2386233411221556,-0.6007039640433802,0.0,0.0,0.0,3.3501820149122645,-3.3817294897809287,1.3268870750005866,0.0,0.0,0.0,1.0,0.0
203,0.7017332222222222,0.41806499999999996,0.7584981481481482,0.3159136519816065,0.772708919330968,0.27206779356400373,-0.47864246174281977,0.0,0.031892142857143965,0.012400000000000575,13.224553633790666,-12.791382475378555,2.062862886759441,0.0,0.0,0.0,1.0,0.0
204,0.7013198148148149,0.4164704285714286,0.7593251851851852,0.26504097151473155,0.8316184870825669,0.3076247683542659,-0.37885482345618104,0.008586153846154118,0.031891428571428945,0.012405555555555921,6.919214798556046,-5.468820723215877,2.136301874238711,0.0,0.0,0.0,1.0,0.0
205,0.7013198148148149,0.4160717857142857,0.7597385185185185,0.24745385062015088,0.854274291725333,0.332655252443407,-0.3135642028871503,0.0,0.007972857142857042,0.006200000000000013,4.894950309891262,-4.877019383418762,2.6105240863801673,0.0,0.0,0.0,1.0,0.0
206,0.7013198148148149,0.41487585714285713,0.7601518518518519,0.22712254578167515,0.874233388561998,0.354716927050832,-0.24146890728346893,0.0,0.023918571428572188,0.006200000000000288,4.603608332263807,-7.041251094113465,1.68424532478891,0.0,0.0,0.0,1.0,0.0
207,0.7009064074074074,0.4136798928571429,0.7605651851851852,0.2263591831854342,0.8920895498626387,0.35749360110279516,-0.15854362296873792,0.008586153846153738,0.02391928571428456,0.006200000000000013,3.065251605988858,-6.425003581888214,2.1831020931703473,0.0,0.0,0.0,1.0,0.0
208,0.7009064074074074,0.4124839642857143,0.7605651851851852,0.23992634952070704,0.9103208997893434,0.32481898496652944,-0.0907955572575076,0.0,0.023918571428572188,0.0,-2.3884874396204614,-12.701959955954756,-11.933791566884567,0.0,0.0,0.0,1.0,0.0
209,0.700493,0.41009207142857146,0.7601518518518519,0.3075771832183273,0.9465277941919966,0.09735594428164723,-0.001797581303256305,0.008586153846153396,0.04783785714285632,0.006200000000000013,-3.161915844256573,-14.00953373631086,-17.559006657794278,0.0,0.0,0.0,1.0,0.0
210,0.7009064074074074,0.4088961428571429,0.7597385185185185,0.3161979082477159,0.9435285192819256,-0.08314192537192125,0.05348117768781855,0.008586153846153776,0.023918571428571872,0.006200000000000288,1.3637968622934111,-12.89312627381333,-21.978613852060853,0.0,0.0,0.0,1.0,0.0
211,0.7009064074074074,0.4069028928571429,0.7584981481481482,0.24502000688833397,0.8675818083631313,-0.42303127641669,0.09116765432468926,0.0,0.039864999999999276,0.018605555555555382,15.022696705177719,-17.523227746164473,-35.22718830081631,0.0,0.0,0.0,1.0,0.0
212,0.7013198148148149,0.404511,0.7572581481481483,-0.03481255684781914,0.7098402290042571,-0.702003526773827,0.04589099661164381,0.008586153846154118,0.04783785714285781,0.01859999999999889,31.789345775719646,-18.82077712280055,-20.450165373876544,0.0,0.0,0.0,1.0,0.0
213,0.7021466296296296,0.40172050000000004,0.7560177777777777,-0.3968475326071699,0.582744860188245,-0.7065443245021957,-0.060955568256887305,0.017172307692307476,0.05580999999999866,0.018605555555557356,34.68050305837732,-22.91886112928247,4.765579187447975,0.0,0.0,0.0,1.0,0.0
214,0.7025600370370371,0.39853132142857145,0.7547774074074073,-0.7036236549024338,0.5253213465309858,-0.4364835392501837,-0.19604426822594392,0.008586153846153776,0.06378357142857291,0.01860555555555621,26.090430684832977,-29.494655039572603,23.312965055838152,0.0,0.0,0.0,1.0,0.0
215,0.7029734444444444,0.3949435,0.7531237037037037,-0.7943905651005386,0.5353527989499579,0.0017159922678612605,-0.2869461031382538,0.008586153846153738,0.0717564285714268,0.024805555555553423,7.006143992611534,-34.88224859551981,30.465750093819917,0.0,0.0,0.0,1.0,0.0
216,0.7033868518518518,0.3917543214285714,0.7518837037037037,-0.6171475667961088,0.5978577048849834,0.41426980874775754,-0.30012592535034166,0.008586153846154118,0.06378357142857291,0.018600000000000866,-9.406867836309809,-35.444101807136256,23.19324997897437,0.0,0.0,0.0,1.0,0.0
217,0.7038002592592593,0.3881665,0.7506433333333333,-0.3160057462365107,0.662364107769486,0.639868537878954,-0.2279965160191893,0.008586153846153396,0.0717564285714268,0.018605555555555382,-11.276565529603099,-32.43816264823362,8.290996187812983,0.0,0.0,0.0,1.0,0.0
218,0.7042137037037037,0.3853759642857143,0.7498166666666667,-0.053244988201480936,0.7034823904195615,0.7034001371383034,-0.08663570092530881,0.008586923076923457,0.055810714285715525,0.012400000000000575,-4.974498617199356,-25.5833105835002,0.36380984885801076,0.0,0.0,0.0,1.0,0.0
219,0.7046271111111111,0.38338275,0.7494033333333333,0.10879634479342853,0.7088856269153248,0.6953762487399482,0.04578641720875337,0.008586153846153738,0.039864285714284894,0.006200000000000013,0.7779407739677816,-16.962460100860714,0.36772372420550076,0.0,0.0,0.0,1.0,0.0
220,0.7046271111111111,0.38178814285714285,0.7489896296296297,0.19213313746747995,0.6906242612281005,0.6783641972314857,0.16107452686419654,0.0,0.031892142857143334,0.006205555555553659,1.3355297055445494,-12.170188789643069,0.6722915962264796,0.0,0.0,0.0,1.0,0.0
221,0.7050405185185185,0.38099085714285713,0.7489896296296297,0.26535012581981754,0.6688007297424305,0.653209336526984,0.23582293632591536,0.008586153846153396,0.015945714285714084,0.0,-0.2516610186126398,-10.187815707670266,-0.04548445026326142,0.0,0.0,0.0,1.0,0.0
222,0.7050405185185185,0.38059221428571427,0.7489896296296297,0.32183569982418025,0.6452204936756714,0.6277169457752754,0.2934002945570485,0.0,0.007972857142857396,0.0,-0.32045017830007,-6.385856328365235,-0.5670923748695352,0.0,0.0,0.0,1.0,0.0
223,0.7050405185185185,0.3801935714285714,0.7489896296296297,0.36169740904187775,0.6399466652993321,0.6037878404244703,0.30835611493889953,0.0,0.007972857142856725,0.0,-1.8303750789870754,-3.8073689370104105,-3.3223434949703203,0.0,0.0,0.0,1.0,0.0
224,0.7054539259259259,0.3801935714285714,0.7489896296296297,0.4062304141097233,0.6447171422123843,0.5726247864287314,0.30235328864953415,0.008586153846154118,0.0,0.0,-1.7419755114418936,-1.4325826302637106,-3.553866234173519,0.0,0.0,0.0,1.0,0.0
225,0.7054539259259259,0.3801935714285714,0.7489896296296297,0.42402845992026894,0.6557990215418527,0.5572805665963947,0.28207424309283297,0.0,0.0,0.0,-1.5955475302741888,-0.3169569662288179,-3.0564718070268544,0.0,0.0,0.0,1.0,0.0
226,0.7054539259259259,0.3801935714285714,0.7489896296296297,0.45437547497431197,0.6645064384362116,0.5330511874193883,0.2604429930128085,0.0,0.0,0.0,-2.4180730616279162,-0.4756188610140258,-4.763865125399831,0.0,0.0,0.0,1.0,0.0
227,0.7050405185185185,0.3801935714285714,0.7489896296296297,0.4820872707399517,0.6794644213897648,0.5052406885890866,0.22505957000314894,0.008586153846153738,0.0,0.0,-2.2022900023414724,-0.9322207353756189,-4.330929034691921,0.0,0.0,0.0,1.0,0.0
228,0.7050405185185185,0.3801935714285714,0.7489896296296297,0.5160094709819488,0.6821238593359986,0.4740645667330944,0.2090551433226545,0.0,0.0,0.0,-2.5668393881076077,-2.0168220550001896,-4.230821436660472,0.0,0.0,0.0,1.0,0.0
229,0.7050405185185185,0.3801935714285714,0.7489896296296297,0.5483950528228285,0.6875272393201486,0.4417922540347621,0.1771687486752295,0.0,0.0,0.0,-2.6998673657560133,0.07291678905134491,-4.462967184656007,0.0,0.0,0.0,1.0,0.0
230,0.7050405185185185,0.38059221428571427,0.7494033333333333,0.5701795485908018,0.6902552424079397,0.42150899520791,0.14412893413872163,0.0,0.007972857142856725,0.006205555555553384,-2.2475951507204184,-0.2862456442914361,-3.424541338603611,0.0,0.0,0.0,1.0,0.0
231,0.7050405185185185,0.38059221428571427,0.7494033333333333,0.5958161588820217,0.6892538288837758,0.39503524296926834,0.11781095448360865,0.0,0.0,0.0,-3.3053116057218124,-0.5282888920031448,-3.97064530529498,0.0,0.0,0.0,1.0,0.0
232,0.7050405185185185,0.38099085714285713,0.7494033333333333,0.6278716499670133,0.6812295200469696,0.36799273770153673,0.07927721730234971,0.0,0.007972857142857042,0.0,-3.9167326835163134,-0.9108754549501965,-4.295646641286375,0.0,0.0,0.0,1.0,0.0
233,0.7050405185185185,0.3813895,0.7494033333333333,0.6659381214327952,0.668672165978967,0.32851127119434054,0.03852658258703065,0.0,0.007972857142857396,0.0,-6.352316893769123,-0.36340293003491636,-6.864296888338529,0.0,0.0,0.0,1.0,0.0
234,0.7050405185185185,0.38178814285714285,0.7498166666666667,0.7263795690289724,0.6300337154849645,0.26749251768792104,-0.062273525919706085,0.0,0.007972857142857042,0.006200000000000013,-13.621282139053072,0.4612551123179865,-12.878799271329894,0.0,0.0,0.0,1.0,0.0
235,0.7050405185185185,0.38338275,0.7498166666666667,0.8052782670782859,0.5239406724188697,0.153888131722475,-0.23093619740443777,0.0,0.031892142857143334,0.0,-22.275233933509032,3.0172414026992103,-20.196965692205794,0.0,0.0,0.0,1.0,0.0
236,0.7050405185185185,0.38497732142857144,0.75023,0.8185580309561384,0.3238621588642923,0.01687319317345773,-0.47412165882302904,0.0,0.03189142857142817,0.006200000000000013,-23.782450162828102,8.334288293886198,-27.441502588271433,0.0,0.0,0.0,1.0,0.0
237,0.7054539259259259,0.38736921428571425,0.7506433333333333,0.6997225584734497,0.093801282627312,-0.09552649700154628,-0.701758041572346,0.008586153846154118,0.047837857142858126,0.006200000000000288,-17.037115320470907,9.319346968048858,-25.911076818356854,0.0,0.0,0.0,1.0,0.0
238,0.7058673333333333,0.38976110714285717,0.751057037037037,0.4989305423355019,-0.11719134349865828,-0.135245329792474,-0.8479641523691355,0.008586153846153738,0.047837857142856,0.006205555555555358,-15.613051850283826,16.568799365651092,-37.678092048727216,0.0,0.0,0.0,1.0,0.0
239,0.7062807407407407,0.3949435,0.751057037037037,0.12367068334723583,-0.37875070300450886,-0.11450625411229853,-0.91002295840445,0.008586153846153776,0.10364785714285926,0.0,-8.5142232992348,11.244192268159514,-23.05600080133968,0.0,0.0,0.0,1.0,0.0
240,0.7058673333333333,0.39613942857142853,0.7506433333333333,0.057156165018072386,-0.4404258870081898,-0.10752897803431766,-0.8894918379256616,0.008586153846153396,0.023918571428570807,0.006205555555555358,-4.30504729278504,8.471100667008244,-8.979158141443481,0.0,0.0,0.0,1.0,0.0
241,0.7054539259259259,0.4013218571428571,0.7498166666666667,-0.1285229593035281,-0.5863923087827138,-0.09633433781154287,-0.7939430738351168,0.008586153846154118,0.10364857142857364,0.012400000000000575,-8.952663916665,18.654072203803302,-16.556039937821478,0.0,0.0,0.0,1.0,0.0
242,0.7038002592592593,0.4080988571428571,0.7477496296296295,-0.19496887972082078,-0.7389895651087635,-0.10202017534015737,-0.6367679659219143,0.034345384615383945,0.1355399999999969,0.03100555555555541,2.2529193018195444,25.23967417652002,-5.520982016631914,0.0,0.0,0.0,1.0,0.0
243,0.7017332222222222,0.4172677142857143,0.7448555555555556,-0.15136864141854692,-0.915449101967113,-0.03031575113160606,-0.37164691756563245,0.04293076923076991,0.18337714285714665,0.043411111111110734,13.818317864406406,35.38513293124614,-19.023563341359704,0.0,0.0,0.0,1.0,0.0
244,0.698425925925926,0.42922710714285717,0.7403081481481482,-0.14193696087973118,-0.9594512332401396,0.23737682494348872,0.05440103997120788,0.06868999999999856,0.23918785714285126,0.06821111111110885,-3.4790131628465817,44.629901503386264,-40.212621250313724,0.0,0.0,0.0,1.0,0.0
245,0.6938784074074074,0.44477432142857143,0.734107037037037,-0.4240064170228974,-0.6096572936760062,0.47557440968598286,0.4715564901927251,0.09445318419766996,0.31095983370596614,0.0930213177325535,-38.70270177821886,60.787865798725676,-21.75393311597853,0.0,0.0,0.0,1.0,0.0
246,0.6880906296296296,0.46351075,0.7262522222222223,-0.8220618852057432,0.04888547882018038,0.27110447474250104,0.49832402172391177,0.12020769230769464,0.3747285714285798,0.11782222222222291,-37.18650175460962,75.53217041711835,12.426224852936828,0.0,0.0,0.0,1.0,0.0
247,0.6802358148148149,0.48503767857142854,0.715917037037037,-0.823224977619336,0.5205529183944893,-0.2232729472123885,0.03839904188541671,0.16313846153845799,0.4305385714285615,0.15502777777777507,-16.034465372291,75.21038654416807,33.2718776748633,0.0,0.0,0.0,1.0,0.0
248,0.6707273703703704,0.5081591785714286,0.7043414814814816,-0.45723420927658087,0.45835006276137397,-0.4704555701460931,-0.5996029138958372,0.197483076923081,0.46243000000000956,0.1736333333333362,21.45423842243526,65.82495240764695,29.100201781872002,0.0,0.0,0.0,1.0,0.0
249,0.6591518518518519,0.532078,0.690698888888889,-0.20872075326288944,-0.07524079999314581,-0.37419719860002787,-0.9004170843190697,0.24041461538460993,0.47837642857141754,0.20463888888888387,28.09125225893018,53.881411601732886,-17.044258752133718,0.0,0.0,0.0,1.0,0.0
250,0.6467494814814815,0.5559967857142858,0.6758159259259259,-0.27892336960648456,-0.5820244833584906,-0.3056077985571444,-0.7000379476283427,0.2575876923076977,0.47837571428572495,0.22324444444445118,-14.045764668851389,42.743318493635556,-24.62423100546504,0.0,0.0,0.0,1.0,0.0
251,0.6339337407407407,0.5803142142857143,0.659692962962963,-0.3179595839195471,-0.7213650499825315,-0.5182319026035884,-0.33161704235650113,0.2661730769230708,0.4863485714285592,0.24184444444443737,-18.48629738867238,35.61218151613974,15.103992245778104,0.0,0.0,0.0,1.0,0.0
252,0.6215313925925926,0.6038343928571429,0.6431562962962963,-0.06144841859117198,-0.6562980849542992,-0.7361757068501711,-0.1534348206295252,0.2575872307692364,0.47040357142858225,0.24805000000000568,18.246863297406698,31.52342878169598,13.644004304428584,0.0,0.0,0.0,1.0,0.0
253,0.6091290518518518,0.6269559285714286,0.6262066666666667,0.30444087704658984,-0.7114570556079618,-0.6205245972946729,-0.1268614778450754,0.2575870769230709,0.4624307142857041,0.25424444444443933,15.441646081406875,31.917910146791307,-25.718085974995557,0.0,0.0,0.0,1.0,0.0
254,0.5967267074074074,0.648482857142857,0.6088433333333334,0.385336897761416,-0.8960728369473419,-0.217118500487461,0.03779554014466315,0.2575871538461593,0.43053857142858,0.2604500000000043,-25.78351406874614,40.046473320860095,-30.49343380734163,0.0,0.0,0.0,1.0,0.0
255,0.5830841296296296,0.6696110714285715,0.5906533333333334,0.057795154815604204,-0.8907045742389434,0.13056598689122512,0.4315757228769743,0.28334584615383956,0.422564285714276,0.2728499999999947,-44.97428694052117,55.31152099114151,2.469603240358011,0.0,0.0,0.0,1.0,0.0
256,0.5686147296296297,0.6895435714285715,0.572462962962963,-0.4638812752257183,-0.44364959701289086,0.14545769659551516,0.7528819668888264,0.3005183076923141,0.39865000000000794,0.2728555555555622,-37.47276329366563,68.62978523768678,28.536586169377873,0.0,0.0,0.0,1.0,0.0
257,0.5533185185185185,0.7086785714285714,0.5538596296296295,-0.7805972332268938,0.2624111102558977,-0.09846800713388468,0.5586702249662733,0.31769053846153117,0.38269999999999177,0.27904999999999475,-29.01853001840403,66.9542957826761,46.55508097497191,0.0,0.0,0.0,1.0,0.0
258,0.5380222962962963,0.7270160714285715,0.5348425925925926,-0.7262192178399836,0.6480140424939006,-0.18285717960148562,-0.13873247723149068,0.317690769230776,0.3667500000000083,0.2852555555555588,2.560327709740942,40.05517183876062,64.36734346782504,0.0,0.0,0.0,1.0,0.0
259,0.5218992222222222,0.7449553571428572,0.5154122222222222,-0.6316661745179608,0.4058115473533188,0.11180539940330741,-0.6510102800024107,0.33486384615383835,0.358785714285706,0.2914555555555501,46.673876828290666,11.446953457890361,29.825669324423473,0.0,0.0,0.0,1.0,0.0
260,0.5053627777777778,0.7624957142857143,0.49639555555555553,-0.7803512172092313,0.049996693215720395,0.38364871824498,-0.4912901072243855,0.343449230769238,0.3508071428571491,0.28525000000000544,43.42832355649216,7.23898372692064,-35.46900314826577,0.0,0.0,0.0,1.0,0.0
261,0.48758607407407406,0.7800364285714286,0.4765514814814815,-0.9604537921170215,0.06474888896704409,0.27056386615556904,0.011458137567594059,0.369208461538453,0.35081428571427864,0.2976611111111035,-16.889839883961184,44.06113528628401,-61.42667360023625,0.0,0.0,0.0,1.0,0.0
262,0.4627814074074074,0.8027592857142858,0.4480262962962962,-0.6226402259682768,0.5200117759356255,-0.43720331892430675,0.3882784565437807,0.515173846153857,0.4544571428571531,0.42787777777778885,-29.568778597764002,59.50373369391825,-41.15577817594539,0.0,0.0,0.0,1.0,0.0
263,0.4491388148148148,0.8139210714285714,0.4323166666666667,-0.13886733800942702,0.6127248545901791,-0.691984814255343,0.35558561815914,0.2833461538461473,0.22323571428570832,0.23564444444443733,-26.952248133492947,54.43631274775052,-35.27576071701565,0.0,0.0,0.0,1.0,0.0
264,0.42805481481481483,0.8298671428571429,0.40792518518518517,0.6316119567615336,0.3273150283254036,-0.658804384876472,0.24476108917828482,0.43789846153847134,0.31892142857143463,0.3658722222222306,-55.750007887334654,38.83214623190368,-35.05602746661701,0.0,0.0,0.0,1.0,0.0
265,0.40531718518518517,0.8454142857142857,0.3831207407407407,0.7878799856271623,-0.17817644192928395,-0.3604066034906312,0.4664819009885699,0.4722430769230658,0.3109428571428506,0.372066666666659,-57.626566475936976,-3.666623607676718,18.09129634739497,0.0,0.0,0.0,1.0,0.0
266,0.3817527407407407,0.8609614285714287,0.3583159259259258,0.3912466652383322,-0.3296085298055833,-0.3801237441943027,0.7705778371579282,0.4894153846153957,0.3109428571428656,0.3720722222222308,-0.9667282994988116,-12.140623876915107,54.64688949917803,0.0,0.0,0.0,1.0,0.0
267,0.35818829629629634,0.8761099999999999,0.33309777777777777,0.020837266343997917,-0.018692397552603483,-0.687065829583939,0.7260557474623959,0.48941538461539497,0.3029714285714329,0.37827222222222917,41.836515363249866,16.23201936612018,46.180478527891175,0.0,0.0,0.0,1.0,0.0
268,0.3350372592592592,0.8900628571428572,0.30705296296296297,0.006627065809450106,0.43419682837582363,-0.8650885847347588,0.25109945597062716,0.48082923076921985,0.2790571428571362,0.39067222222221243,47.05814982503311,53.0766740752606,29.907394531182508,0.0,0.0,0.0,1.0,0.0
269,0.31147281481481487,0.9020221428571429,0.2801811111111113,0.30180360787046934,0.6932549065999489,-0.5594453544697989,-0.33960729101953185,0.4894153846153943,0.23918571428572122,0.4030777777777837,25.360107342033704,66.18422014502912,52.7668910191628,0.0,0.0,0.0,1.0,0.0
270,0.2783998888888889,0.9171707142857143,0.24462777777777786,0.5531944073844275,0.6244197293487561,0.31900277646749886,-0.44979237192803234,0.6868992307692149,0.3029714285714194,0.5332999999999894,23.400774417984916,31.53025291954756,59.203412010670064,0.0,0.0,0.0,1.0,0.0
271,0.2610365925925926,0.9235492857142856,0.22602444444444444,0.5228260218596675,0.5567321055124876,0.6349979275488417,-0.11610316777204271,0.36062230769231557,0.1275714285714309,0.2790500000000071,36.41505586668693,-18.88387317332264,33.71214781564331,0.0,0.0,0.0,1.0,0.0
272,0.23499166666666668,0.9331167857142858,0.19997925925925947,0.46853893855567774,0.5293296294951452,0.5498418124234211,0.4449217770648886,0.5409330769230642,0.19134999999999905,0.3906777777777658,40.55428179238285,-38.171587442471505,4.22884659380545,0.0,0.0,0.0,1.0,0.0
273,0.20936000000000002,0.9422857142857143,0.17393444444444445,0.5302402103171735,0.5516601317160325,0.04805229666462235,0.6420337960131883,0.5323500000000113,0.18337857142857353,0.39067222222223363,26.20628434187001,-26.924551416093973,-44.32624243356331,0.0,0.0,0.0,1.0,0.0
274,0.18372851851851854,0.9510557142857143,0.14706259259259277,0.7360013710012706,0.4403271695544611,-0.39286676092084444,0.3317674996137667,0.5323461538461416,0.17539999999999673,0.40307777777776577,3.2035447824807077,1.8247421407755025,-63.539388377273895,0.0,0.0,0.0,1.0,0.0
275,0.15727037037037037,0.9610217857142856,0.12019111111111105,0.8698566134355642,0.11306988576250218,-0.4341661896102997,-0.2050960574836569,0.5495153846153968,0.1993214285714314,0.40307222222223427,-10.992177676156787,36.607207479851915,-62.87183443570349,0.0,0.0,0.0,1.0,0.0
