,0,1,2,3,4,5,6,7,8,9,10,11
0,0.9022377777777777,0.6763882142857144,0.19212444444444438,-0.27521591721765987,-0.8553792107773579,-0.32205697751392026,-0.29809714509626695,1.0,0.0,0.0,0.0,0.0
1,0.8976902592592593,0.6696110714285715,0.21031481481481482,-0.22395711965988835,-0.8953241812836397,-0.31544822787001087,-0.2207492570680507,1.0,0.0,0.0,0.0,0.0
2,0.8910756666666666,0.6592464285714286,0.23635962962962956,-0.11602940333315458,-0.930620849662032,-0.34100449064186067,-0.06479158200380003,1.0,0.0,0.0,0.0,0.0
3,0.8852878888888889,0.6480842857142858,0.2611644444444444,-0.04429153548711645,-0.9022858235437401,-0.4103027366801101,0.12478067474172472,1.0,0.0,0.0,0.0,0.0
4,0.8790867407407407,0.6369220714285715,0.2843151851851852,-0.02931740534101987,-0.8122612218834471,-0.4900437277778811,0.3150068920421233,1.0,0.0,0.0,0.0,0.0
5,0.8728855555555556,0.6261586071428571,0.3062259259259258,-0.0659258819319293,-0.6985253233222003,-0.5506789724789602,0.45218228629461976,1.0,0.0,0.0,0.0,0.0
6,0.8654441481481482,0.6161924285714286,0.32731,-0.11963863449208265,-0.5823710613072142,-0.5974255330172846,0.5381572972540576,1.0,0.0,0.0,0.0,0.0
7,0.8580027407407408,0.605827642857143,0.3475674074074075,-0.20622132709999666,-0.4424783742790061,-0.6369988960798987,0.5965886848889395,1.0,0.0,0.0,0.0,0.0
8,0.8497345185185187,0.5958614642857143,0.367411111111111,-0.30214316418928777,-0.3052735491927441,-0.6539446361561447,0.6227952964976193,1.0,0.0,0.0,0.0,0.0
9,0.840226037037037,0.5858952857142857,0.386428148148148,-0.3943044068505107,-0.1707647768076339,-0.6528266416487125,0.6238435714935027,1.0,0.0,0.0,0.0,0.0
10,0.8298907777777778,0.57632775,0.4046181481481482,-0.48338300336012574,-0.09587251330573462,-0.6299551082561914,0.6002548582368297,1.0,0.0,0.0,0.0,0.0
11,0.8050860740740741,0.5559967857142858,0.4447188888888888,-0.6958492551508233,-0.09280695614420889,-0.586360871804434,0.4041801714755875,1.0,0.0,0.0,0.0,0.0
12,0.8017787777777777,0.5528076071428571,0.45050666666666667,-0.7253190459314001,-0.11003229694286751,-0.5710570346579213,0.368373503941776,1.0,0.0,0.0,0.0,0.0
13,0.7988848888888889,0.5500170714285714,0.4558811111111112,-0.749256664786272,-0.1256986231079654,-0.5649745675279169,0.32189756828649263,1.0,0.0,0.0,0.0,0.0
14,0.7893764444444444,0.5416455000000001,0.4711774074074075,-0.800330013154627,-0.20716003175848285,-0.5298178614948167,0.18933997181471826,1.0,0.0,0.0,0.0,0.0
15,0.774907037037037,0.5288888214285714,0.4947418518518518,-0.8332570390923392,-0.3217243292361997,-0.4493513670163526,0.016109368116735967,1.0,0.0,0.0,0.0,0.0
16,0.7720131851851851,0.5264969285714286,0.4992892592592592,-0.8265031717953352,-0.35086063241605736,-0.43990313283980786,-0.01656977219450037,1.0,0.0,0.0,0.0,0.0
17,0.7645717407407407,0.5197199285714286,0.5129318518518518,-0.8090710030781231,-0.3995429543242267,-0.4205208906520864,-0.09450777826827135,1.0,0.0,0.0,0.0,0.0
18,0.7591974074074074,0.5125442857142858,0.5257474074074074,-0.786982769431477,-0.44917848217473855,-0.39702701965325804,-0.1458298921154786,1.0,0.0,0.0,0.0,0.0
19,0.754649888888889,0.5053686428571428,0.53815,-0.7688689748292128,-0.48658224188473437,-0.37588831944867407,-0.17545994622577704,1.0,0.0,0.0,0.0,0.0
20,0.7513425925925925,0.49899028571428566,0.5497255555555556,-0.7668672769314717,-0.5159704353596808,-0.33981238371520756,-0.17382932226825037,1.0,0.0,0.0,0.0,0.0
21,0.7484487037037036,0.4938078928571428,0.560474074074074,-0.7870719358809644,-0.5389900622579235,-0.2707668764295512,-0.1292005385607009,1.0,0.0,0.0,0.0,0.0
22,0.7455548518518519,0.4898214285714286,0.5699825925925927,-0.8131299871805846,-0.5397676696412901,-0.20347893092097927,-0.07788973891963466,1.0,0.0,0.0,0.0,0.0
23,0.7430743703703704,0.48663225,0.5790777777777778,-0.8448296115535134,-0.5151052296770732,-0.14040657965176484,-0.034864339835454436,1.0,0.0,0.0,0.0,0.0
24,0.7405938888888889,0.4834430714285714,0.5881725925925926,-0.8707414939088536,-0.4865040073231032,-0.07154975790617472,0.0019323010913409114,1.0,0.0,0.0,0.0,0.0
25,0.7377,0.4810512142857143,0.5968544444444446,-0.8795937834919327,-0.47414836816881073,0.013207578013147146,0.0363821506817211,1.0,0.0,0.0,0.0,0.0
26,0.7348061481481482,0.47985525,0.6047092592592592,-0.868487283365588,-0.4780803284420404,0.10426637845159326,0.07935717052416108,1.0,0.0,0.0,0.0,0.0
27,0.7319122592592593,0.47905796428571434,0.6125640740740741,-0.8425098308140487,-0.4873994008743855,0.19192882842376943,0.1256277589900115,1.0,0.0,0.0,0.0,0.0
28,0.7298451851851852,0.47905796428571434,0.6195918518518518,-0.8110178070473718,-0.47971312797707993,0.2816209330465453,0.18114933499328897,1.0,0.0,0.0,0.0,0.0
29,0.728604962962963,0.47945660714285715,0.62662,-0.7884958664446596,-0.44941915515387654,0.3670139947012838,0.20395445392015168,1.0,0.0,0.0,0.0,0.0
30,0.7273647407407408,0.47905796428571434,0.6332344444444444,-0.7700753755658196,-0.3932528253875049,0.4565210610940942,0.20958208904729592,1.0,0.0,0.0,0.0,0.0
31,0.7265379259259258,0.47865932142857137,0.6398492592592592,-0.7562944973353137,-0.3490753716969116,0.5252785866097319,0.17391786746700502,1.0,0.0,0.0,0.0,0.0
32,0.7252976666666667,0.47746339285714284,0.6464637037037038,-0.7579348080956974,-0.2897972654124343,0.5751388576875723,0.10376736488052511,1.0,0.0,0.0,0.0,0.0
33,0.7244708518518519,0.47626742857142856,0.6530785185185186,-0.7446935581363423,-0.22138613081161515,0.6290136410288959,0.027595741593009357,1.0,0.0,0.0,0.0,0.0
34,0.7240574444444445,0.4742742142857143,0.6592796296296297,-0.7304088370897058,-0.1724960182492121,0.6582352790251278,-0.05894380235566206,1.0,0.0,0.0,0.0,0.0
35,0.723644037037037,0.4718823214285714,0.6650674074074074,-0.7146624484402484,-0.14861594147045287,0.6718286892142653,-0.12576604899130017,1.0,0.0,0.0,0.0,0.0
36,0.7228171851851852,0.4690917857142857,0.6712685185185185,-0.7159772409103622,-0.14609841117314482,0.6641599904427483,-0.15787131419658434,1.0,0.0,0.0,0.0,0.0
37,0.7215769629629629,0.4663012857142857,0.6770562962962964,-0.7343246671425327,-0.17352661798262498,0.6234758659932341,-0.20477705096398666,1.0,0.0,0.0,0.0,0.0
38,0.7190965185185185,0.46271342857142855,0.6844977777777778,-0.7789608196188752,-0.2194789314781535,0.5250649157625055,-0.26335503483171013,1.0,0.0,0.0,0.0,0.0
39,0.7178562592592592,0.46111885714285716,0.6878048148148147,-0.7922360609069151,-0.24601696520816554,0.47315617221157313,-0.29658205159205275,1.0,0.0,0.0,0.0,0.0
40,0.7162026296296297,0.4591256071428571,0.6923525925925925,-0.8096557118687505,-0.2827123538115731,0.38878829425675276,-0.3367120661478462,1.0,0.0,0.0,0.0,0.0
41,0.714548962962963,0.45713239285714286,0.6964866666666666,-0.8254983420502178,-0.31263398446915885,0.287901502249604,-0.37138282678349677,1.0,0.0,0.0,0.0,0.0
42,0.7137221481481482,0.4555378214285714,0.7002074074074074,-0.8327176422349848,-0.3328029565759606,0.18582198403273573,-0.4016138825477085,1.0,0.0,0.0,0.0,0.0
43,0.7133087407407408,0.45434185714285713,0.7039277777777777,-0.8273839551012423,-0.3349417372297522,0.10237906213153264,-0.4390539273706694,1.0,0.0,0.0,0.0,0.0
44,0.7128953333333333,0.4531459285714286,0.7068218518518519,-0.8230842506009298,-0.34113961606524573,0.044139487388820536,-0.45189355429859224,1.0,0.0,0.0,0.0,0.0
45,0.7128953333333333,0.4523486428571429,0.7097155555555555,-0.8260415266165694,-0.3476433227462694,0.017686227563790846,-0.44326821881278866,1.0,0.0,0.0,0.0,0.0
46,0.712481925925926,0.4511527142857143,0.7121962962962962,-0.8256398170865507,-0.36314521206066,-0.014391460469820372,-0.43155223700526774,1.0,0.0,0.0,0.0,0.0
47,0.7128953333333333,0.4503553928571429,0.71509,-0.8254275821687093,-0.37086571715942224,-0.04009886239331481,-0.4236980147058849,1.0,0.0,0.0,0.0,0.0
48,0.7128953333333333,0.4495581071428571,0.7175703703703704,-0.8179840342884828,-0.3510334434625968,-0.08018803248440966,-0.44860619775724153,1.0,0.0,0.0,0.0,0.0
49,0.7133087407407408,0.4479635,0.7204644444444445,-0.8164271924532049,-0.3223322429294162,-0.11044442532412965,-0.46620874456180256,1.0,0.0,0.0,0.0,0.0
50,0.7137221481481482,0.44636892857142857,0.7237718518518519,-0.8079057120638002,-0.27151049189699134,-0.15609139022185345,-0.4992052594906698,1.0,0.0,0.0,0.0,0.0
51,0.7137221481481482,0.44477432142857143,0.7266655555555557,-0.7793208560918556,-0.2272140437090404,-0.24282606921849176,-0.5311010089517243,1.0,0.0,0.0,0.0,0.0
52,0.7137221481481482,0.44238246428571426,0.7295592592592592,-0.7293819649054892,-0.19065023152879218,-0.3434494233737666,-0.5600865398068883,1.0,0.0,0.0,0.0,0.0
53,0.714548962962963,0.43759871428571423,0.7336937037037037,-0.5682867130182354,-0.18296565118802294,-0.5324705219744307,-0.6000407698819721,1.0,0.0,0.0,0.0,0.0
54,0.714548962962963,0.43680142857142856,0.734107037037037,-0.5379988401634219,-0.19469969366475842,-0.5571255306695294,-0.601880735981687,1.0,0.0,0.0,0.0,0.0
55,0.7153757777777777,0.43401089285714284,0.7361740740740741,-0.40317147008045473,-0.24036162378913642,-0.6209617152915481,-0.6277623783445396,1.0,0.0,0.0,0.0,0.0
56,0.7162026296296297,0.43161900000000003,0.7378277777777777,-0.2765566721014922,-0.31521871229689846,-0.641889558293,-0.6419745832106205,1.0,0.0,0.0,0.0,0.0
57,0.716616037037037,0.42962575,0.7386544444444445,-0.15681603099469305,-0.4115800643464185,-0.6331451034409386,-0.6365044077179924,1.0,0.0,0.0,0.0,0.0
58,0.716616037037037,0.4280311785714286,0.7394814814814814,-0.053755639847663295,-0.5186323673094029,-0.6054174275588663,-0.6013323017863067,1.0,0.0,0.0,0.0,0.0
59,0.716616037037037,0.42643660714285714,0.7398948148148149,0.009197353453129081,-0.584446508207467,-0.5891891259233037,-0.5578475254290287,1.0,0.0,0.0,0.0,0.0
60,0.716616037037037,0.42524064285714286,0.7398948148148149,0.04273185369813334,-0.6437055680732747,-0.5796582118700584,-0.4978086858649522,1.0,0.0,0.0,0.0,0.0
61,0.7162026296296297,0.4236460714285714,0.7394814814814814,0.039346060807916056,-0.6928316587988936,-0.5728816544357234,-0.43616830475845203,1.0,0.0,0.0,0.0,0.0
62,0.7162026296296297,0.42324742857142855,0.7394814814814814,0.0355102172112102,-0.7063694732830033,-0.5715432041712222,-0.41607638415704146,1.0,0.0,0.0,0.0,0.0
63,0.7157891851851852,0.42284878571428575,0.7390677777777777,0.006135933882357003,-0.7302202570083915,-0.5645533099984232,-0.38473404676453327,1.0,0.0,0.0,0.0,0.0
64,0.7153757777777777,0.42205146428571433,0.7386544444444445,-0.025438000767183333,-0.7449534111696636,-0.5577148932253925,-0.36517313863185485,1.0,0.0,0.0,0.0,0.0
65,0.7149623703703704,0.4216528214285714,0.7386544444444445,-0.04671335351176539,-0.7491014505494236,-0.5582234901091179,-0.35362609417127266,1.0,0.0,0.0,0.0,0.0
66,0.714548962962963,0.42085553571428574,0.7382411111111111,-0.0869045782079329,-0.7591019113527534,-0.5496706332758015,-0.33774854164196944,1.0,0.0,0.0,0.0,0.0
67,0.7137221481481482,0.4192609642857143,0.7374140740740741,-0.17515058286094348,-0.7731353675248529,-0.525973260461838,-0.3081170330975327,1.0,0.0,0.0,0.0,0.0
68,0.7120685185185186,0.4168690714285714,0.7365874074074074,-0.3483958665458154,-0.7777956784101826,-0.4480970972867441,-0.2699318325493094,1.0,0.0,0.0,0.0,0.0
69,0.7095880370370371,0.4140785357142857,0.7349337037037037,-0.5563386823183866,-0.7324575788276704,-0.31457559473800883,-0.23459616571755018,1.0,0.0,0.0,0.0,0.0
70,0.7075209629629629,0.4116866428571429,0.734107037037037,-0.72044954766557,-0.6437379918761253,-0.16246510197725267,-0.2003969503842067,1.0,0.0,0.0,0.0,0.0
71,0.7058673333333333,0.4104907142857143,0.73328,-0.8310319143049386,-0.5223984279035802,-0.031538495510225695,-0.18839098500588766,1.0,0.0,0.0,0.0,0.0
72,0.7042137037037037,0.4092947857142857,0.7324533333333333,-0.9058151201493594,-0.36610447759919984,0.0872279595869218,-0.19457071376988122,1.0,0.0,0.0,0.0,0.0
73,0.7017332222222222,0.4084975,0.731212962962963,-0.9390822606601998,-0.16412675657974035,0.20319238196106243,-0.22338256736131631,1.0,0.0,0.0,0.0,0.0
74,0.7000795555555556,0.4080988571428571,0.7307996296296296,-0.9326740748702156,-0.033547194997339325,0.2504047364947119,-0.257470626895209,1.0,0.0,0.0,0.0,0.0
75,0.698425925925926,0.4080988571428571,0.729972962962963,-0.9071238505937101,0.05992976860930552,0.2961091911352489,-0.29300868492879856,1.0,0.0,0.0,0.0,0.0
76,0.6959454444444445,0.4080988571428571,0.7295592592592592,-0.878694840036094,0.13416698787053663,0.32532875800468597,-0.32257680740378514,1.0,0.0,0.0,0.0,0.0
77,0.6947052222222223,0.4084975,0.729145925925926,-0.8613530137078133,0.15685062974319913,0.3429586450861706,-0.34036485348268225,1.0,0.0,0.0,0.0,0.0
78,0.6926381851851852,0.4092947857142857,0.7287325925925926,-0.8341882834977983,0.15708303521284617,0.36375296967543097,-0.38358650233763647,1.0,0.0,0.0,0.0,0.0
79,0.6901577037037037,0.4096934285714286,0.7283192592592593,-0.8077263395968957,0.13214683398248325,0.3807310267903611,-0.43030135931572855,1.0,0.0,0.0,0.0,0.0
80,0.6876772222222222,0.4104907142857143,0.7283192592592593,-0.774198098109188,0.10061690955289176,0.4045140102741691,-0.4763002812176901,1.0,0.0,0.0,0.0,0.0
81,0.6851967777777778,0.411288,0.7283192592592593,-0.7580866071595364,0.08723596955033924,0.4076091664973662,-0.5015469559764842,1.0,0.0,0.0,0.0,0.0
82,0.6827162962962964,0.4116866428571429,0.7287325925925926,-0.7413106239065061,0.08869017492286796,0.4060972996875204,-0.5269512263407327,1.0,0.0,0.0,0.0,0.0
83,0.6806492222222222,0.4124839642857143,0.729145925925926,-0.7354961812314618,0.08423818132008609,0.40704409189819835,-0.5350368243893051,1.0,0.0,0.0,0.0,0.0
84,0.6789955925925926,0.4136798928571429,0.729145925925926,-0.7174706788543345,0.07078278062103902,0.4095982933422678,-0.5589766194063539,1.0,0.0,0.0,0.0,0.0
85,0.6773419259259259,0.41487585714285713,0.7295592592592592,-0.7030174456646394,0.04839050636922945,0.40702010088105134,-0.5811707730635413,1.0,0.0,0.0,0.0,0.0
86,0.6752748888888889,0.4164704285714286,0.7295592592592592,-0.6744252138443194,0.01741153937692777,0.4038442343360449,-0.6178651176600793,1.0,0.0,0.0,0.0,0.0
87,0.6732078148148148,0.41806499999999996,0.729972962962963,-0.6523266175582926,-0.014170800382363846,0.3855414479440383,-0.652400923021032,1.0,0.0,0.0,0.0,0.0
88,0.670313962962963,0.41965960714285716,0.7303862962962963,-0.6048347679692081,-0.055653845098891985,0.3629894507582365,-0.7066231043629813,1.0,0.0,0.0,0.0,0.0
89,0.6670066666666666,0.42125417857142855,0.7307996296296296,-0.5479535426565311,-0.13455120427562034,0.3241651691422368,-0.7593153703390458,1.0,0.0,0.0,0.0,0.0
90,0.6624591481481481,0.42324742857142855,0.731212962962963,-0.463510534358663,-0.2347154073678697,0.25407358099051464,-0.8157899714542574,1.0,0.0,0.0,0.0,0.0
91,0.6558445555555555,0.4260379642857143,0.7320399999999999,-0.36576309032147125,-0.3214227025202148,0.09779054300689966,-0.867952658709854,1.0,0.0,0.0,0.0,0.0
92,0.6525372592592592,0.4276325357142857,0.7324533333333333,-0.32087230844788117,-0.32887696459214316,-0.0036156752532129632,-0.888182318403406,1.0,0.0,0.0,0.0,0.0
93,0.6475762962962963,0.42962575,0.73328,-0.2555535617897723,-0.29503853821391735,-0.1621930889556974,-0.9062770216220674,1.0,0.0,0.0,0.0,0.0
94,0.6426153703703704,0.4308217142857143,0.7349337037037037,-0.19381279460561124,-0.2122631811485009,-0.3112972545045673,-0.905800729693789,1.0,0.0,0.0,0.0,0.0
95,0.6388946666666667,0.43161900000000003,0.7365874074074074,-0.13436017372772566,-0.11812612377882588,-0.4232368417659771,-0.8881802397986606,1.0,0.0,0.0,0.0,0.0
96,0.6355873703703703,0.43241628571428564,0.7386544444444445,-0.07697614483242744,-0.0327339737111878,-0.5021804476082256,-0.8607078239053103,1.0,0.0,0.0,0.0,0.0
97,0.6335203333333334,0.4336122142857142,0.7398948148148149,-0.02302125451489103,0.033522933673355265,-0.5618316237642141,-0.8262514516156441,1.0,0.0,0.0,0.0,0.0
98,0.6322801111111112,0.4352068214285714,0.7415485185185186,0.027591910622272578,0.0755254269114424,-0.622631069483269,-0.7783733986154572,1.0,0.0,0.0,0.0,0.0
99,0.6314532592592592,0.43640275,0.7423751851851852,0.09379477656695345,0.10264516875869568,-0.6892793385043657,-0.7110277791551032,1.0,0.0,0.0,0.0,0.0
100,0.6314532592592592,0.43759871428571423,0.7436155555555556,0.16905953374317362,0.11825697775836767,-0.7421815651708741,-0.6376524802606114,1.0,0.0,0.0,0.0,0.0
101,0.6310398518518519,0.4391932857142858,0.7448555555555556,0.23812335009792163,0.10434299850655192,-0.7899359910553991,-0.5553475838032685,1.0,0.0,0.0,0.0,0.0
102,0.6310398518518519,0.44078789285714287,0.746095925925926,0.3235732316713035,0.07943605260353566,-0.822147579165841,-0.461588166404106,1.0,0.0,0.0,0.0,0.0
103,0.6310398518518519,0.44238246428571426,0.7477496296296295,0.422927786451863,0.03882199177968229,-0.8310737078229367,-0.3590841580557705,1.0,0.0,0.0,0.0,0.0
104,0.6314532592592592,0.4439770357142857,0.7494033333333333,0.5217116422943641,-0.024653335924742892,-0.8145966826536303,-0.2522725112492441,1.0,0.0,0.0,0.0,0.0
105,0.6318666666666667,0.445173,0.7514703703703703,0.6324541902219222,-0.10619853069898685,-0.7557649441925508,-0.13244968281479405,1.0,0.0,0.0,0.0,0.0
106,0.6326935185185185,0.44636892857142857,0.7535374074074075,0.7318522717158957,-0.21511292114232602,-0.646113869184661,-0.02560374170165247,1.0,0.0,0.0,0.0,0.0
107,0.6331069259259259,0.4471662142857143,0.7556044444444445,0.7804711499777042,-0.3692177689824864,-0.4968902804004779,0.08742466679152909,1.0,0.0,0.0,0.0,0.0
108,0.6335203333333334,0.4479635,0.7572581481481483,0.7633929013132625,-0.5327691848327537,-0.3281874293428779,0.16025381473923195,1.0,0.0,0.0,0.0,0.0
109,0.6343471481481481,0.44876082142857143,0.7589118518518518,0.6724787263822405,-0.6934701500849118,-0.17751845998053406,0.18803911792674752,1.0,0.0,0.0,0.0,0.0
110,0.6347605555555556,0.4495581071428571,0.7601518518518519,0.5187125097426741,-0.8328360619008905,-0.07381120937228608,0.17853103821149094,1.0,0.0,0.0,0.0,0.0
111,0.6351739629629629,0.4503553928571429,0.7613922222222222,0.31304498836083017,-0.9408305454653261,-0.021521691444570407,0.12797475055240246,1.0,0.0,0.0,0.0,0.0
112,0.6355873703703703,0.45155132142857146,0.7626322222222223,0.10891722474886417,-0.9929423185681369,-0.01309995580462961,0.045066409968564584,1.0,0.0,0.0,0.0,0.0
113,0.6360008148148147,0.4527472857142857,0.7638725925925925,-0.06397398222529123,-0.9950911149374294,-0.034433075552172496,-0.0671964722202012,1.0,0.0,0.0,0.0,0.0
114,0.637241037037037,0.45474050000000005,0.7659396296296296,-0.3101720174216995,-0.9120014966728035,-0.14068860763695637,-0.22858981901277606,1.0,0.0,0.0,0.0,0.0
115,0.6376544444444444,0.45513914285714285,0.766352962962963,-0.3542328989806009,-0.8849084495178766,-0.16799646278652974,-0.2514622789662121,1.0,0.0,0.0,0.0,0.0
116,0.6380678518518518,0.45593646428571427,0.76718,-0.4296537692109282,-0.8278719958395727,-0.21404140392765836,-0.29019282298520394,1.0,0.0,0.0,0.0,0.0
117,0.6388946666666667,0.45633510714285713,0.7680066666666666,-0.4946319289001382,-0.7570595961838169,-0.26909709003198706,-0.33134088017454355,1.0,0.0,0.0,0.0,0.0
118,0.6397214814814816,0.4579296785714285,0.7692470370370371,-0.5857912038295642,-0.6222777452781593,-0.3612774961666373,-0.37295796547467097,1.0,0.0,0.0,0.0,0.0
119,0.6409617407407407,0.4595242857142857,0.771314074074074,-0.6455636565530561,-0.4533140940121771,-0.47423003960035337,-0.3909728469451733,1.0,0.0,0.0,0.0,0.0
120,0.6426153703703704,0.46111885714285716,0.7729677777777778,-0.6744088783030516,-0.2675389622576558,-0.5864227098059256,-0.36014437933138915,1.0,0.0,0.0,0.0,0.0
121,0.6438556296296296,0.46231482142857144,0.7746214814814815,-0.6781546980897197,-0.11657052322189616,-0.6667474691731647,-0.28629588003636025,1.0,0.0,0.0,0.0,0.0
122,0.6450958518518518,0.4639093928571429,0.7762748148148149,-0.6537952476898594,0.013443441538904241,-0.7325005336851214,-0.18924591443082178,1.0,0.0,0.0,0.0,0.0
123,0.6467494814814815,0.4655039642857143,0.7779285185185186,-0.6186664761722698,0.0909237932290734,-0.7782515616934373,-0.057525314489788475,1.0,0.0,0.0,0.0,0.0
124,0.6488165555555555,0.4670985714285714,0.7795822222222222,-0.5603942339805198,0.11957560365804487,-0.8169623495910854,0.06505764276250486,1.0,0.0,0.0,0.0,0.0
125,0.6508835925925927,0.4686931428571429,0.781235925925926,-0.48840036487889765,0.1282727205724624,-0.8470444308500253,0.1659124013118228,1.0,0.0,0.0,0.0,0.0
126,0.6533640740740742,0.4698891071428571,0.7833029629629629,-0.4078866290961232,0.13624006098242225,-0.8611644853169464,0.271040352746424,1.0,0.0,0.0,0.0,0.0
127,0.6554311481481482,0.47108503571428567,0.7849566666666666,-0.32331260172064896,0.14174582530501872,-0.8548090598344816,0.3803663415736379,1.0,0.0,0.0,0.0,0.0
128,0.6574981851851852,0.4718823214285714,0.7866103703703703,-0.20991960380037936,0.11598025883488432,-0.8262093561015095,0.5097650825539289,1.0,0.0,0.0,0.0,0.0
129,0.6612188888888889,0.47347689285714284,0.7895040740740741,-0.04685581508886278,0.0428696863009253,-0.7166272342653385,0.6945589461651404,1.0,0.0,0.0,0.0,0.0
130,0.6616322962962963,0.47387557142857145,0.7903311111111111,-0.018256468767739724,0.024886760716113884,-0.6869192852648376,0.7260779889381279,1.0,0.0,0.0,0.0,0.0
131,0.6636993703703703,0.4746728571428571,0.7915711111111112,0.04342844707999127,-0.02153644790895297,-0.6030168437349417,0.7962542543482164,1.0,0.0,0.0,0.0,0.0
132,0.6653530000000001,0.4754701428571429,0.7928114814814816,0.11070591022674361,-0.0733531870115063,-0.5163339724572821,0.8460276238295094,1.0,0.0,0.0,0.0,0.0
133,0.668246888888889,0.4766661071428572,0.7940514814814814,0.1918392734241422,-0.11897277311608714,-0.4392343649572885,0.8695495069688285,1.0,0.0,0.0,0.0,0.0
134,0.6711407777777778,0.47826067857142857,0.7948785185185185,0.28534896011312694,-0.16016847431846967,-0.38425921008519115,0.8632884166149548,1.0,0.0,0.0,0.0,0.0
135,0.6748614814814815,0.47905796428571434,0.7957051851851852,0.39150635740040785,-0.19353977167911884,-0.3343566687640971,0.8351471408958032,1.0,0.0,0.0,0.0,0.0
136,0.6789955925925926,0.47985525,0.7965322222222222,0.482434825551803,-0.21520243018370325,-0.31926241136944195,0.7867757404905155,1.0,0.0,0.0,0.0,0.0
137,0.6847833333333333,0.4806525714285715,0.7977722222222222,0.6347924214226865,-0.2624260120855302,-0.2672243782684964,0.675841920528923,1.0,0.0,0.0,0.0,0.0
138,0.6876772222222222,0.48144985714285715,0.798185925925926,0.7176171550979574,-0.2771354663866176,-0.2203877799086211,0.599708911428482,1.0,0.0,0.0,0.0,0.0
139,0.6926381851851852,0.4818485,0.7985992592592592,0.8243439379315166,-0.2811918190572869,-0.15883127947745204,0.46493102450833446,1.0,0.0,0.0,0.0,0.0
140,0.6980125185185185,0.4822471428571428,0.7985992592592592,0.90485828781381,-0.2727029862900397,-0.10373293050570771,0.3100065150474302,1.0,0.0,0.0,0.0,0.0
141,0.7038002592592593,0.4822471428571428,0.7985992592592592,0.9590421356723561,-0.23261532645886823,-0.057194625765415855,0.1511855372877783,1.0,0.0,0.0,0.0,0.0
142,0.7095880370370371,0.4822471428571428,0.798185925925926,0.9841627055765306,-0.17448486128020155,-0.030270933062704227,-0.007903970383604807,1.0,0.0,0.0,0.0,0.0
143,0.7153757777777777,0.4818485,0.7977722222222222,0.9843037390120893,-0.10322578306399334,-0.02928473696106223,-0.1401177763838958,1.0,0.0,0.0,0.0,0.0
144,0.7207501481481481,0.4810512142857143,0.797358888888889,0.9646173855176463,-0.018767637760070514,-0.07476001048197291,-0.25213491658781156,1.0,0.0,0.0,0.0,0.0
145,0.7257110740740741,0.47985525,0.7961185185185186,0.9297310292958303,0.054085868574226974,-0.14584611781607515,-0.33377214069341843,1.0,0.0,0.0,0.0,0.0
146,0.7298451851851852,0.47905796428571434,0.7952918518518518,0.8787141911294165,0.11678634744441464,-0.22392370957465907,-0.4050685024149514,1.0,0.0,0.0,0.0,0.0
147,0.7331524814814815,0.477862,0.7940514814814814,0.8090404672119836,0.16744801645248586,-0.305729142684308,-0.47322761490963483,1.0,0.0,0.0,0.0,0.0
148,0.7364597777777777,0.4766661071428572,0.7928114814814816,0.7030888891442086,0.2076707608842316,-0.39133661793639196,-0.5562324338779906,1.0,0.0,0.0,0.0,0.0
149,0.7401804814814815,0.4754701428571429,0.7911577777777778,0.5799681943661475,0.21041729398000988,-0.467775180466727,-0.6328884865891633,1.0,0.0,0.0,0.0,0.0
150,0.7443145925925926,0.4742742142857143,0.7890907407407407,0.41218033579370444,0.14249643416380683,-0.5501204288466529,-0.712158445011476,1.0,0.0,0.0,0.0,0.0
151,0.749688925925926,0.4722809642857143,0.7870237037037037,0.24491274202017907,0.02261064971727464,-0.5910621814972031,-0.7682135151891609,1.0,0.0,0.0,0.0,0.0
152,0.7558901111111112,0.46949042857142853,0.7841296296296297,0.013589467586676895,-0.19951556158137432,-0.5673615290033898,-0.7988177279358007,1.0,0.0,0.0,0.0,0.0
153,0.758784,0.46749721428571434,0.7824762962962963,-0.05036021678719016,-0.29506612548895494,-0.5175636291528664,-0.8015782681261997,1.0,0.0,0.0,0.0,0.0
154,0.7625047037037036,0.46510532142857147,0.7804088888888889,-0.15207374007947114,-0.42465015401903006,-0.4388567050434506,-0.7771425974094209,1.0,0.0,0.0,0.0,0.0
155,0.7653985925925926,0.46231482142857144,0.7779285185185186,-0.23155814910840022,-0.5457122950263834,-0.33401662842190455,-0.7328108941440437,1.0,0.0,0.0,0.0,0.0
156,0.7682924444444444,0.4595242857142857,0.7754481481481482,-0.2792049654443374,-0.6464771508715522,-0.21153269824105808,-0.6777652973169135,1.0,0.0,0.0,0.0,0.0
157,0.770772925925926,0.45673375,0.7729677777777778,-0.3054574274409458,-0.7287880654101314,-0.04853467724104357,-0.6109076041776081,1.0,0.0,0.0,0.0,0.0
158,0.7728400000000001,0.45394321428571427,0.7709007407407408,-0.2909098902887659,-0.7777379426363782,0.11695648068945189,-0.5448085075883541,1.0,0.0,0.0,0.0,0.0
159,0.774907037037037,0.45155132142857146,0.7688337037037037,-0.2281319024632952,-0.7936746968650042,0.278078252723694,-0.4906208271128109,1.0,0.0,0.0,0.0,0.0
160,0.7765607037037037,0.44876082142857143,0.7667666666666667,-0.11935746612520377,-0.7896613691481346,0.41716630710345326,-0.43377527542833955,1.0,0.0,0.0,0.0,0.0
161,0.7782143333333332,0.4459702857142857,0.7651129629629629,-0.3175321853563387,0.8729345970584652,0.3000533016696365,0.21708642674831816,1.0,0.0,0.0,0.0,0.0
162,0.7794545555555557,0.44357839285714284,0.7630459259259259,-0.3972956990425756,0.8819397970571762,0.24056526831564262,0.0804156301302239,1.0,0.0,0.0,0.0,0.0
163,0.7802814074074074,0.44158517857142854,0.7613922222222222,-0.4936333403779255,0.8459609032891569,0.19970921618111548,-0.028151453707572674,1.0,0.0,0.0,0.0,0.0
164,0.7815216296296297,0.4395919285714286,0.7597385185185185,-0.5878309359929907,0.7854387654950035,0.16768966554846498,-0.09706138478063056,1.0,0.0,0.0,0.0,0.0
165,0.7823484444444445,0.43759871428571423,0.7580848148148148,-0.6928858492112174,0.6861657938142437,0.15589985859144428,-0.15741962219903433,1.0,0.0,0.0,0.0,0.0
166,0.7835887037037037,0.4356054642857143,0.7568444444444444,-0.7976395745438152,0.5441426545984108,0.17504349093055221,-0.19245689608585503,1.0,0.0,0.0,0.0,0.0
167,0.7848289259259259,0.43241628571428564,0.754364074074074,-0.9171928232859781,0.22788369552473348,0.2916330334877899,-0.14756869588566765,1.0,0.0,0.0,0.0,0.0
168,0.7852423333333334,0.43161900000000003,0.7539507407407408,-0.9207408480702178,0.15606494528730308,0.3382855162034638,-0.11594366336442438,1.0,0.0,0.0,0.0,0.0
169,0.7856557407407407,0.42962575,0.7527103703703703,-0.8844132303175417,-0.039915993498699245,0.4646684189890194,0.01741298069107312,1.0,0.0,0.0,0.0,0.0
170,0.7860691481481481,0.4276325357142857,0.7514703703703703,-0.756085985986892,-0.1983057359662385,0.5830187705307339,0.22158052731670505,1.0,0.0,0.0,0.0,0.0
171,0.786896,0.4256392857142857,0.7498166666666667,-0.5398340636795861,-0.2808239513047004,0.654927012388925,0.44809340600829717,1.0,0.0,0.0,0.0,0.0
172,0.786896,0.42324742857142855,0.7485762962962964,-0.2799855174352427,-0.29646816025816597,0.6377371244067719,0.6534570377102379,1.0,0.0,0.0,0.0,0.0
173,0.7873093703703704,0.42125417857142855,0.7469225925925926,-0.03109989000721239,-0.25636761781790596,0.539447085629362,0.801439506876158,1.0,0.0,0.0,0.0,0.0
174,0.7873093703703704,0.4192609642857143,0.7456825925925926,0.17834542904926926,-0.19536697687837395,0.38620011074485083,0.8836708248795485,1.0,0.0,0.0,0.0,0.0
175,0.7877228148148148,0.4160717857142857,0.7436155555555556,0.3549896785583746,-0.13704910708713153,0.12509935739365505,0.9162696225147575,1.0,0.0,0.0,0.0,0.0
176,0.7881362222222222,0.4144771785714286,0.7427885185185185,0.40490705501243796,-0.11144639470471257,-0.010411736204866844,0.9074808943761165,1.0,0.0,0.0,0.0,0.0
177,0.7881362222222222,0.41208532142857146,0.7415485185185186,0.42699332080182306,-0.09555254270649126,-0.21946747728553442,0.8719979598524753,1.0,0.0,0.0,0.0,0.0
178,0.7885496296296296,0.4096934285714286,0.7398948148148149,0.40075615324063935,-0.12045236099865653,-0.4172303133921409,0.8067246122167777,1.0,0.0,0.0,0.0,0.0
179,0.7885496296296296,0.4069028928571429,0.7386544444444445,0.30733752106400536,-0.16988362108245633,-0.5902487665362874,0.7268353300690161,1.0,0.0,0.0,0.0,0.0
180,0.7885496296296296,0.404511,0.7370007407407407,0.14292820589604563,-0.2629177799768332,-0.7159535660873501,0.6307584800366917,1.0,0.0,0.0,0.0,0.0
181,0.7881362222222222,0.40172050000000004,0.7353474074074073,-0.08874094639180741,-0.3841921806296673,-0.7519196104243455,0.5283354164125362,1.0,0.0,0.0,0.0,0.0
182,0.7881362222222222,0.39892996428571426,0.734107037037037,-0.30101125456136,-0.519096093987794,-0.662303136166433,0.4486491119551211,1.0,0.0,0.0,0.0,0.0
183,0.7877228148148148,0.39653807142857145,0.7328666666666668,-0.48031401585847855,-0.6294690760910799,-0.4736233635147223,0.3856786718862538,1.0,0.0,0.0,0.0,0.0
184,0.7873093703703704,0.3941462142857143,0.7316266666666666,-0.6044578134343017,-0.6928560075387286,-0.2166351266387788,0.32810139667779026,1.0,0.0,0.0,0.0,0.0
185,0.7864825555555556,0.3921529642857143,0.7307996296296296,-0.6641573292038987,-0.6930408494918555,0.07800658680268907,0.26926640231515275,1.0,0.0,0.0,0.0,0.0
186,0.7860691481481481,0.38976110714285717,0.7295592592592592,-0.6541828734948022,-0.6294871663225949,0.37133627426124116,0.1946793437399394,1.0,0.0,0.0,0.0,0.0
187,0.7856557407407407,0.38776785714285716,0.7287325925925926,-0.5812974663107005,-0.512691492842851,0.6251641750525141,0.0917084677564653,1.0,0.0,0.0,0.0,0.0
188,0.7848289259259259,0.3861732857142857,0.7279059259259258,-0.4783929577594235,-0.3481185127248993,0.8040659176697365,-0.058580535217077775,1.0,0.0,0.0,0.0,0.0
189,0.7840020740740741,0.3845786785714286,0.7270788888888888,-0.3713512536911946,-0.1777054369898676,0.8804431312991329,-0.2352422508700259,1.0,0.0,0.0,0.0,0.0
190,0.7827618518518519,0.3825854642857143,0.7258388888888889,-0.23167216935775425,0.04561041816481273,0.8305897203367016,-0.5043494940722184,1.0,0.0,0.0,0.0,0.0
191,0.781935037037037,0.38099085714285713,0.7254251851851851,-0.17246414554195394,0.12958182336234575,0.7343440138924558,-0.6435864656880924,1.0,0.0,0.0,0.0,0.0
192,0.7811082222222223,0.3789976428571428,0.7241851851851853,-0.114136032599841,0.21050805953177149,0.519151931295543,-0.8204514581415795,1.0,0.0,0.0,0.0,0.0
193,0.7798679999999999,0.3770043928571428,0.7233581481481481,-0.09798112628923042,0.2511099511359539,0.22123871351579566,-0.9372283195537086,1.0,0.0,0.0,0.0,0.0
194,0.7782143333333332,0.37501117857142857,0.7225314814814815,-0.09153242265432597,0.2136462049915077,-0.12258489608231615,-0.9648575324617849,1.0,0.0,0.0,0.0,0.0
195,0.7769741111111111,0.37261928571428576,0.7212911111111111,-0.07728708701579198,0.10925890372911519,-0.45518253713114776,-0.8802829408930839,1.0,0.0,0.0,0.0,0.0
196,0.7753204444444444,0.37022739285714285,0.7204644444444445,-0.04322775043253063,-0.04721703069161434,-0.7094820988309574,-0.7018098496342365,1.0,0.0,0.0,0.0,0.0
197,0.7732534074074074,0.36783553571428573,0.7196374074074073,0.005326575135811862,-0.23714595897584492,-0.8503052329464701,-0.46980254635601826,1.0,0.0,0.0,0.0,0.0
198,0.7711863333333333,0.36584228571428573,0.7188107407407407,0.10236983835971386,-0.40714663682793634,-0.8839865471978655,-0.20571780838591158,1.0,0.0,0.0,0.0,0.0
199,0.7691192962962964,0.36384903571428573,0.7179840740740742,0.24027329111039603,-0.538557660335338,-0.8065587373894642,0.041077916376309795,1.0,0.0,0.0,0.0,0.0
200,0.7670522222222222,0.3622544642857143,0.7175703703703704,0.4050076728889096,-0.5890815648939743,-0.6503671105083515,0.2568546600165045,1.0,0.0,0.0,0.0,0.0
201,0.7649851851851852,0.36065989285714284,0.7167437037037035,0.5711664649825146,-0.5526107670297206,-0.4110544847074855,0.4465696138835079,1.0,0.0,0.0,0.0,0.0
202,0.7629181111111111,0.3586666428571429,0.715917037037037,0.677415490825124,-0.4216259494876179,-0.1441162025046608,0.5852950808647346,1.0,0.0,0.0,0.0,0.0
203,0.7608510370370369,0.35667342857142853,0.7155033333333334,0.719800741853638,-0.2082225398964125,0.13116020435108158,0.6490972706001941,1.0,0.0,0.0,0.0,0.0
204,0.7583705925925925,0.3546801785714286,0.7146766666666666,0.6763665759757063,0.02524992443933663,0.3482520373018625,0.648545460807343,1.0,0.0,0.0,0.0,0.0
205,0.7542364814814815,0.35188964285714286,0.7134362962962962,0.4706920977140508,0.391784616099943,0.5446720518211506,0.5729625814151431,1.0,0.0,0.0,0.0,0.0
206,0.7534096666666668,0.35109235714285714,0.7134362962962962,0.41265928913325417,0.4510003165665003,0.5659675514874135,0.5531652160180498,1.0,0.0,0.0,0.0,0.0
207,0.7509291851851851,0.3494977857142857,0.7130229629629631,0.2561517307086933,0.6025278419524743,0.5854197778432316,0.4781528774743663,1.0,0.0,0.0,0.0,0.0
208,0.7484487037037036,0.34790317857142855,0.7121962962962962,0.08956175141089848,0.7200827072697885,0.5621241446549305,0.3968325003968139,1.0,0.0,0.0,0.0,0.0
209,0.7455548518518519,0.3463086071428571,0.7117825925925926,-0.0792126467245214,0.8023151365956998,0.49459440083282846,0.32464158213811034,1.0,0.0,0.0,0.0,0.0
210,0.742660962962963,0.3451126428571429,0.7113692592592593,-0.24264063169337258,0.8422618596445,0.4062201265409723,0.25827445176142805,1.0,0.0,0.0,0.0,0.0
211,0.7401804814814815,0.3443153571428571,0.7109559259259259,-0.39406029173675,0.8415108308417504,0.3170503180828762,0.1898818154956438,1.0,0.0,0.0,0.0,0.0
212,0.7377,0.3431194285714286,0.7109559259259259,-0.5200157801924299,0.8168348376621885,0.22210957023866015,0.11415680067627296,1.0,0.0,0.0,0.0,0.0
213,0.7343927407407407,0.34152482142857143,0.7105425925925927,-0.6494249762181177,0.7531987464397822,0.1025984055598877,0.02030802309942703,1.0,0.0,0.0,0.0,0.0
214,0.732739074074074,0.3411261785714285,0.7101292592592593,-0.6943155960187907,0.7178139018775214,0.04787545888404826,-0.019416380535036637,1.0,0.0,0.0,0.0,0.0
215,0.7302585925925926,0.34032889285714285,0.7097155555555555,-0.7504424412119959,0.6554111382602164,-0.03952384505836215,-0.07556618254239408,1.0,0.0,0.0,0.0,0.0
216,0.7281915555555556,0.3395316071428572,0.7093022222222223,-0.7901302815321696,0.5839083049629943,-0.11300191955904781,-0.1482423548690048,1.0,0.0,0.0,0.0,0.0
217,0.7257110740740741,0.3387342857142857,0.7088888888888889,-0.811875883722433,0.5176943036082449,-0.1808603717808884,-0.20034890406681055,1.0,0.0,0.0,0.0,0.0
218,0.7232305925925926,0.33833564285714285,0.7088888888888889,-0.821642181837668,0.45403171794772074,-0.24132620171822855,-0.24601013899173074,1.0,0.0,0.0,0.0,0.0
219,0.7207501481481481,0.33793700000000004,0.7084755555555555,-0.8221761765608039,0.38698462979890835,-0.299574158947571,-0.2907310686633181,1.0,0.0,0.0,0.0,0.0
220,0.7186830740740741,0.3375383571428571,0.7084755555555555,-0.8108440451048612,0.3292772401177728,-0.346269924579517,-0.3379431505299437,1.0,0.0,0.0,0.0,0.0
221,0.7157891851851852,0.33713971428571426,0.7080622222222223,-0.7785236561592748,0.24157776769909023,-0.41881329360138175,-0.40017061868243464,1.0,0.0,0.0,0.0,0.0
222,0.7133087407407408,0.33674107142857146,0.7080622222222223,-0.745895566776242,0.1608251306661112,-0.46035024972064037,-0.4537099606487837,1.0,0.0,0.0,0.0,0.0
223,0.7108282592592593,0.3363424285714286,0.7076485185185185,-0.7087017865599591,0.0735618037522286,-0.4990065505409173,-0.49327771211833177,1.0,0.0,0.0,0.0,0.0
224,0.7083478148148148,0.3363424285714286,0.7076485185185185,-0.6570819288791553,-0.008793177256652324,-0.5388981260650354,-0.527024504646392,1.0,0.0,0.0,0.0,0.0
225,0.7054539259259259,0.3363424285714286,0.7072351851851851,-0.5846570574195256,-0.09290441563444812,-0.5797119946983675,-0.5598918627449441,1.0,0.0,0.0,0.0,0.0
226,0.7025600370370371,0.3363424285714286,0.7072351851851851,-0.49603959405237885,-0.15250135459733316,-0.6113162190458191,-0.597478483553888,1.0,0.0,0.0,0.0,0.0
227,0.6992527407407407,0.3363424285714286,0.7072351851851851,-0.39249456708567587,-0.20116372976983837,-0.6353157992871417,-0.6339203450035782,1.0,0.0,0.0,0.0,0.0
228,0.6947052222222223,0.33674107142857146,0.7068218518518519,-0.25997033093650757,-0.23897812705164756,-0.6610526424979375,-0.662053083725273,1.0,0.0,0.0,0.0,0.0
229,0.6926381851851852,0.33674107142857146,0.7068218518518519,-0.1995959636708648,-0.2406214471105429,-0.6730913498227744,-0.6702319040977402,1.0,0.0,0.0,0.0,0.0
230,0.6889174444444445,0.33713971428571426,0.7068218518518519,-0.10865807656817977,-0.21118008026060198,-0.6926972384212979,-0.6810043553319882,1.0,0.0,0.0,0.0,0.0
231,0.6851967777777778,0.33793700000000004,0.7068218518518519,-0.04036923120539748,-0.17261660465927153,-0.707063287914222,-0.6845694558273251,1.0,0.0,0.0,0.0,0.0
232,0.6814760370370371,0.33793700000000004,0.7068218518518519,0.020394273150770692,-0.14094430772200772,-0.7170833095219767,-0.6822831545248826,1.0,0.0,0.0,0.0,0.0
233,0.6777553703703704,0.33833564285714285,0.7068218518518519,0.05737610739534299,-0.13152897338434144,-0.7251840326808193,-0.6734361366940473,1.0,0.0,0.0,0.0,0.0
234,0.674448074074074,0.33913296428571427,0.7068218518518519,0.08689564120101595,-0.11488730068105252,-0.7302796624619579,-0.667788641919683,1.0,0.0,0.0,0.0,0.0
235,0.6711407777777778,0.3395316071428572,0.7068218518518519,0.1080749240944271,-0.08997240081356378,-0.735853718992489,-0.6623775978388385,1.0,0.0,0.0,0.0,0.0
236,0.6678334814814814,0.34032889285714285,0.7068218518518519,0.14425836124463648,-0.04945876729183368,-0.7396820661616759,-0.6554493089078501,1.0,0.0,0.0,0.0,0.0
237,0.6645261851851851,0.3407275357142857,0.7068218518518519,0.15845167789603282,-0.0019463686917786105,-0.7383018629293915,-0.6555910589810067,1.0,0.0,0.0,0.0,0.0
238,0.6612188888888889,0.3419234642857143,0.7068218518518519,0.17227978812589317,0.0458441675557269,-0.7346145625102058,-0.6546445076928078,1.0,0.0,0.0,0.0,0.0
239,0.6579115925925926,0.3427207857142857,0.7068218518518519,0.19000265261941354,0.12030070758628636,-0.7150770570538603,-0.6618848345649078,1.0,0.0,0.0,0.0,0.0
240,0.6541908888888889,0.3439167142857143,0.7068218518518519,0.21166560588554137,0.204314741620428,-0.6792359070712932,-0.6723776767462778,1.0,0.0,0.0,0.0,0.0
241,0.6504701851851853,0.3451126428571429,0.7068218518518519,0.22014019531606985,0.28278220192780484,-0.6209520679650566,-0.6971305831542498,1.0,0.0,0.0,0.0,0.0
242,0.6467494814814815,0.3463086071428571,0.7068218518518519,0.23166997500746703,0.3627612585095974,-0.5210216157499369,-0.7370683604157066,1.0,0.0,0.0,0.0,0.0
243,0.6413751481481482,0.34830182142857147,0.7068218518518519,0.24958141112769394,0.4323932179191289,-0.340014641887537,-0.7969537424588329,1.0,0.0,0.0,0.0,0.0
244,0.6384812592592594,0.34909910714285713,0.7072351851851851,0.2674268781215139,0.4488348069207973,-0.2394728679645408,-0.8183415707779907,1.0,0.0,0.0,0.0,0.0
245,0.6351739629629629,0.3506937142857143,0.7072351851851851,0.28322332819030577,0.4449447377208674,-0.06827901876454916,-0.8468451466117435,1.0,0.0,0.0,0.0,0.0
246,0.6322801111111112,0.35188964285714286,0.7076485185185185,0.29990783374922136,0.4097925978679061,0.07762300102311454,-0.8579626959843226,1.0,0.0,0.0,0.0,0.0
247,0.6297996296296297,0.3526869285714286,0.7076485185185185,0.3163332909108201,0.34746315186137083,0.21621143696903505,-0.8558359782597815,1.0,0.0,0.0,0.0,0.0
248,0.6273191555555555,0.35388289285714286,0.7080622222222223,0.31529612669199,0.2585979363125598,0.33270175839424987,-0.8503087673247218,1.0,0.0,0.0,0.0,0.0
249,0.6252520962962963,0.3554774642857143,0.7080622222222223,0.32582382654655806,0.1382994147674874,0.4470073888193036,-0.821520845913527,1.0,0.0,0.0,0.0,0.0
250,0.6227716296296296,0.35667342857142853,0.7080622222222223,0.32460298435881374,-0.005757316148557345,0.5440975168118766,-0.7736650748581501,1.0,0.0,0.0,0.0,0.0
251,0.6207045703703704,0.358268,0.7080622222222223,0.32821422123783783,-0.17439027163204707,0.6079261438765526,-0.7016332815144429,1.0,0.0,0.0,0.0,0.0
252,0.6182241037037037,0.35946392857142856,0.7080622222222223,0.3004468603691246,-0.36102640680952774,0.6394609236953972,-0.6086717873757306,1.0,0.0,0.0,0.0,0.0
253,0.6157436333333334,0.3610585357142857,0.7084755555555555,0.24565907449058924,-0.5190315924827169,0.6360271103919165,-0.5154874779970808,1.0,0.0,0.0,0.0,0.0
254,0.6136765777777777,0.36265310714285715,0.7088888888888889,0.12150775623716659,-0.6540135061539516,0.613292658871419,-0.42588063294407935,1.0,0.0,0.0,0.0,0.0
255,0.6116095222222222,0.3642477142857143,0.7088888888888889,-0.03634339408468819,-0.7688947972233706,0.5460683222805964,-0.33058937658504906,1.0,0.0,0.0,0.0,0.0
256,0.609955874074074,0.36584228571428573,0.7093022222222223,-0.22181892274135653,-0.8425749553077031,0.4318677511392806,-0.23313956276871262,1.0,0.0,0.0,0.0,0.0
257,0.6083022296296297,0.3674368571428572,0.7093022222222223,-0.43217426733488845,-0.852026752393616,0.25664982922545987,-0.1463102218496107,1.0,0.0,0.0,0.0,0.0
258,0.6066485814814814,0.3694301071428571,0.7097155555555555,-0.6331412195707895,-0.7694783667237673,0.049353382612609714,-0.06781948723803688,1.0,0.0,0.0,0.0,0.0
259,0.604994937037037,0.37142332142857143,0.7097155555555555,-0.7989604201108902,-0.5719181773840853,-0.18533885232415018,-0.014878013747223529,1.0,0.0,0.0,0.0,0.0
260,0.6029278777777778,0.37381521428571424,0.7101292592592593,-0.8835224071367621,-0.2542750539778018,-0.3923532000107332,0.02813040087139146,1.0,0.0,0.0,0.0,0.0
261,0.6012742333333334,0.3758084642857143,0.7105425925925927,-0.863739162378025,0.124268170098589,-0.48004861336956334,0.08980762816607087,1.0,0.0,0.0,0.0,0.0
262,0.5992071777777779,0.3778016785714286,0.7109559259259259,-0.7509933205225388,0.4584401068320641,-0.43332192644933043,0.1951251112403995,1.0,0.0,0.0,0.0,0.0
263,0.5971401185185186,0.37979492857142855,0.7109559259259259,-0.6134075027481598,0.6785082517849308,-0.24555032950354228,0.32103399121078313,1.0,0.0,0.0,0.0,0.0
264,0.59465965,0.3821868214285714,0.7109559259259259,-0.483765561674656,0.7615971332456682,0.06604108919525681,0.4261211828899011,1.0,0.0,0.0,0.0,0.0
265,0.5913523581481481,0.3845786785714286,0.7109559259259259,-0.1836441502885429,-0.7379129496464942,0.2447821325237195,-0.6015322205883488,1.0,0.0,0.0,0.0,0.0
266,0.5859780074074075,0.38856514285714283,0.7105425925925927,-0.346948229347965,-0.676818735079509,-0.30861754563121546,-0.5712254690805112,1.0,0.0,0.0,0.0,0.0
267,0.5830841296296296,0.39015974999999997,0.7109559259259259,-0.4083081349733203,-0.49614963024517644,-0.5154948341968617,-0.5669083587658004,1.0,0.0,0.0,0.0,0.0
268,0.5789500148148148,0.39295025,0.7113692592592593,-0.4540251974859375,-0.13433525234372,-0.6845043507730821,-0.5543184588287907,1.0,0.0,0.0,0.0,0.0
269,0.5756427222222222,0.3949435,0.7126096296296297,-0.4599900612537692,0.21590162280062372,-0.7175458557480151,-0.47636496273199946,1.0,0.0,0.0,0.0,0.0
270,0.5727488407407407,0.39653807142857145,0.7138496296296296,-0.4556173710915192,0.4843269668889603,-0.6799121424927195,-0.30912728574933757,1.0,0.0,0.0,0.0,0.0
271,0.5710951962962963,0.3981326785714286,0.71509,-0.46642245635901514,0.6367862221102893,-0.611071494122972,-0.05954014280169795,1.0,0.0,0.0,0.0,0.0
272,0.569854962962963,0.3993286071428571,0.7163303703703704,-0.5234239437657499,0.6534748036023604,-0.49783383295906597,0.22618472740406326,1.0,0.0,0.0,0.0,0.0
273,0.5690281407407407,0.40052457142857145,0.717157037037037,-0.5899000024078982,0.5223612491109862,-0.3857781475316253,0.47992909213074336,1.0,0.0,0.0,0.0,0.0
274,0.5682013185185185,0.4021191428571429,0.7179840740740742,-0.6745917300024964,0.23574087670425978,-0.2520277017854051,0.6525597860699913,1.0,0.0,0.0,0.0,0.0
275,0.5673744925925925,0.4037137142857143,0.7183974074074073,-0.7427224283169507,-0.1677905000939145,-0.1274097413604124,0.63559145711666,1.0,0.0,0.0,0.0,0.0
276,0.5657208481481482,0.4057069642857143,0.7192240740740741,-0.7545465043949687,-0.5475990764406089,-0.0049632974564991494,0.36162161144639005,1.0,0.0,0.0,0.0,0.0
277,0.5640672037037037,0.4077002142857143,0.7204644444444445,-0.6583050285004837,-0.7403989755734673,0.09856740592214469,-0.09342544038171013,1.0,0.0,0.0,0.0,0.0
278,0.5620001444444445,0.41009207142857146,0.7212911111111111,-0.43355595766884114,-0.6756658933868124,0.2650098716453426,-0.534111037158168,1.0,0.0,0.0,0.0,0.0
279,0.5599330888888889,0.4124839642857143,0.7221181481481481,-0.14302343066831913,-0.378196148524371,0.4877950510771402,-0.7736717389602947,1.0,0.0,0.0,0.0,0.0
280,0.5570392074074074,0.41527450000000005,0.7233581481481481,0.08627525265557798,-0.003102708371745838,0.7441206290113098,-0.6624435398279529,1.0,0.0,0.0,0.0,0.0
281,0.5520782592592592,0.4204568928571429,0.7254251851851851,0.16633061704889843,0.1685259959376996,0.9688374520346377,0.07271248902609934,1.0,0.0,0.0,0.0,0.0
282,0.550838037037037,0.4216528214285714,0.7262522222222223,0.12347405763422252,0.1331166260385327,0.9544877966327994,0.2366160751988798,1.0,0.0,0.0,0.0,0.0
283,0.5475307407407407,0.424842,0.7279059259259258,-0.07086580944506173,-0.0633354545358109,0.7664114140422906,0.6352796247922132,1.0,0.0,0.0,0.0,0.0
284,0.5442234444444444,0.4276325357142857,0.729972962962963,-0.245773484211053,-0.31821651965445685,0.3752770638199076,0.8351651132850755,1.0,0.0,0.0,0.0,0.0
285,0.5409161481481481,0.43042307142857145,0.7328666666666668,-0.1933610419512134,-0.5223857966171492,-0.096426190988522,0.82487973465206,1.0,0.0,0.0,0.0,0.0
286,0.5384357037037036,0.43241628571428564,0.7357607407407407,0.12181371078275197,-0.5914466586732978,-0.4374059796190898,0.666354469335197,1.0,0.0,0.0,0.0,0.0
287,0.5363686296296296,0.43440953571428575,0.7386544444444445,0.5512390368967238,-0.4657458396174874,-0.49527143174516547,0.48365540002905777,1.0,0.0,0.0,0.0,0.0
288,0.534715,0.43640275,0.7411348148148148,0.8611214331411599,-0.21840332976962454,-0.2679761267537439,0.3727715901467236,1.0,0.0,0.0,0.0,0.0
289,0.5330613333333334,0.4391932857142858,0.7448555555555556,0.8790869352892112,0.13477402878885794,0.24649559142078686,0.3850740770007231,1.0,0.0,0.0,0.0,0.0
290,0.5330613333333334,0.4403892142857143,0.7469225925925926,0.6796278134835904,0.2897911711477764,0.47488705772525963,0.47813114798071876,1.0,0.0,0.0,0.0,0.0
291,0.5326479259259259,0.44198382142857146,0.75023,0.18445490105285084,0.4247164647785178,0.5807283062256265,0.6695871477051633,1.0,0.0,0.0,0.0,0.0
292,0.5326479259259259,0.4427811071428572,0.7531237037037037,-0.2519866939147136,0.3857162619809999,0.21316424250531132,0.861560605558584,1.0,0.0,0.0,0.0,0.0
293,0.5326479259259259,0.44357839285714284,0.756431111111111,-0.2649778145019145,0.1621054326264938,-0.39675124767134956,0.8637690860444089,1.0,0.0,0.0,0.0,0.0
294,0.5326479259259259,0.44477432142857143,0.7597385185185185,0.11421594895859041,-0.012804098691713423,-0.7808312362726632,0.6140792721799735,1.0,0.0,0.0,0.0,0.0
295,0.5330613333333334,0.4459702857142857,0.762218888888889,0.48468265432855806,-0.017763324970179295,-0.7962892539913647,0.361511566698637,1.0,0.0,0.0,0.0,0.0
296,0.5334747407407407,0.4479635,0.7651129629629629,0.816893432376058,0.15959590988111083,-0.5366930720061267,0.13847314595512508,1.0,0.0,0.0,0.0,0.0
297,0.534715,0.4495581071428571,0.7684199999999999,0.8883103351710421,0.4287883451112031,-0.15236753374756928,0.061882454579549884,1.0,0.0,0.0,0.0,0.0
298,0.5359552222222222,0.45155132142857146,0.771314074074074,0.6966021306528581,0.6907802754048473,0.136871927005987,0.13723759790658435,1.0,0.0,0.0,0.0,0.0
299,0.5371954444444444,0.45394321428571427,0.7742077777777778,0.3792511456325114,0.8377024325023543,0.1943064940288296,0.341567254716096,1.0,0.0,0.0,0.0,0.0
300,0.5384357037037036,0.45593646428571427,0.7775151851851853,0.111161225117195,0.7846700388730548,0.06872625658359902,0.6059808691546364,1.0,0.0,0.0,0.0,0.0
301,0.5400893333333333,0.4575310357142857,0.7808225925925926,-0.03093869658585363,0.5581665791044651,-0.12674521104937264,0.8194074191148366,1.0,0.0,0.0,0.0,0.0
302,0.5413295555555555,0.4591256071428571,0.7841296296296297,-0.03881275851655884,0.24753909867337415,-0.32680074975710816,0.91127341361553,1.0,0.0,0.0,0.0,0.0
303,0.5429832222222222,0.4607202142857143,0.7870237037037037,0.08552716646615977,-0.06958001203948372,-0.5097697773360987,0.8532165609243407,1.0,0.0,0.0,0.0,0.0
304,0.5454637037037037,0.46351075,0.7915711111111112,0.4346045151676915,-0.39523647028821096,-0.6254679662414535,0.5135142365657953,1.0,0.0,0.0,0.0,0.0
305,0.5458771111111111,0.4643080357142857,0.7923981481481481,0.5037360865773239,-0.42871043385264984,-0.6130000757729009,0.4320743293555558,1.0,0.0,0.0,0.0,0.0
306,0.5475307407407407,0.46590260714285714,0.7952918518518518,0.6921933864852075,-0.45746123318745846,-0.5246101115402451,0.1907400500851396,1.0,0.0,0.0,0.0,0.0
307,0.5491843703703704,0.46749721428571434,0.7977722222222222,0.8236121382472189,-0.41787953060011884,-0.3834107212574148,0.005996871028911499,1.0,0.0,0.0,0.0,0.0
308,0.5512514444444444,0.4690917857142857,0.8002529629629629,0.9016502447099228,-0.35771407182127224,-0.206543852240505,-0.12809026558343367,1.0,0.0,0.0,0.0,0.0
309,0.553731925925926,0.47108503571428567,0.80232,0.9251192905981593,-0.3109119003020202,-0.044740703820246516,-0.21327530995268565,1.0,0.0,0.0,0.0,0.0
310,0.5562123814814816,0.47347689285714284,0.8048003703703704,0.9042875909606536,-0.2880943797602073,0.12249126068354244,-0.29027826691179526,1.0,0.0,0.0,0.0,0.0
311,0.559106262962963,0.4750715,0.807694074074074,0.8410677936969385,-0.2628906742962708,0.2966248281763099,-0.36811298684397276,1.0,0.0,0.0,0.0,0.0
312,0.5636537925925926,0.47706471428571423,0.8114148148148148,0.6594561650122116,-0.25671323650619093,0.5315539808070204,-0.4654742163838005,1.0,0.0,0.0,0.0,0.0
313,0.5657208481481482,0.477862,0.8130685185185186,0.5459324728769571,-0.23045626696804503,0.62062630792052,-0.5134886853578642,1.0,0.0,0.0,0.0,0.0
314,0.5686147296296297,0.47865932142857137,0.8159625925925925,0.3589515264899642,-0.18889235548889172,0.7059342790126273,-0.5806292047282025,1.0,0.0,0.0,0.0,0.0
315,0.5706817851851852,0.47945660714285715,0.8184429629629629,0.20092202701633854,-0.13065995407312242,0.7412529368479415,-0.6269787867827402,1.0,0.0,0.0,0.0,0.0
316,0.5723354296296296,0.47985525,0.8209233333333332,0.04898349105610918,-0.038339005399457574,0.762356467000928,-0.6441609701703445,1.0,0.0,0.0,0.0,0.0
317,0.5731622518518519,0.4802538928571428,0.8229903703703704,-0.10132661659578153,0.04315879576662779,0.7606412433814336,-0.6397617790899772,1.0,0.0,0.0,0.0,0.0
318,0.5739890777777777,0.4802538928571428,0.8250574074074074,-0.27765676737247713,0.12287054376494955,0.7185198226073313,-0.6257306237731225,1.0,0.0,0.0,0.0,0.0
319,0.5744024888888889,0.4802538928571428,0.8267111111111112,-0.46718382624173505,0.22548667824699825,0.5993899137528378,-0.6096119763608918,1.0,0.0,0.0,0.0,0.0
320,0.5748158999999999,0.4806525714285715,0.8283648148148147,-0.5960978712162889,0.3858047906340498,0.41832451386471364,-0.566415565247881,1.0,0.0,0.0,0.0,0.0
321,0.5756427222222222,0.4810512142857143,0.8300185185185185,-0.6468442424926704,0.5567017582494356,0.26044954807503023,-0.45148832900041047,1.0,0.0,0.0,0.0,0.0
322,0.5768829555555556,0.4818485,0.8316722222222223,-0.680271878975794,0.6814343474041249,0.16045745101331643,-0.21709630873639058,1.0,0.0,0.0,0.0,0.0
323,0.5789500148148148,0.48264578571428574,0.8333255555555555,-0.740237707026647,0.6587731691615326,0.09208117030216967,0.09791377208843294,1.0,0.0,0.0,0.0,0.0
324,0.5814304851851853,0.48384171428571426,0.8349792592592592,-0.7621389749260312,0.49553114210847193,-0.03661857401513549,0.41503270971872813,1.0,0.0,0.0,0.0,0.0
325,0.584324362962963,0.4858349642857143,0.836632962962963,-0.6366320327279393,0.3042361420440609,-0.12484379899682851,0.6975342648435826,1.0,0.0,0.0,0.0,0.0
326,0.5880450666666667,0.48822685714285713,0.8387,-0.3823945559376323,0.16637250059574868,-0.09872164514408552,0.9035201333754682,1.0,0.0,0.0,0.0,0.0
327,0.5950730614814815,0.4918146785714286,0.8424207407407408,0.0032689502234181794,0.08451413440818695,0.13017346184613598,0.9878772924208069,1.0,0.0,0.0,0.0,0.0
328,0.5975535296296296,0.49301060714285716,0.8440744444444446,0.1437511512049374,0.0896621253282201,0.28095780273580473,0.9446475654394874,1.0,0.0,0.0,0.0,0.0
329,0.6012742333333334,0.4942065357142857,0.8461414814814815,0.10228926258970417,0.03697534975409482,0.5676426489172781,0.816058547776808,1.0,0.0,0.0,0.0,0.0
330,0.604994937037037,0.4950038214285714,0.8486218518518519,-0.08630741517695406,-0.019457264849957745,0.7811530679266766,0.6180391002184024,1.0,0.0,0.0,0.0,0.0
331,0.6087156407407407,0.49580114285714283,0.8506888888888888,-0.2935107923310668,-0.019270322581783544,0.8601771666216546,0.41662370488910705,1.0,0.0,0.0,0.0,0.0
332,0.6120229333333334,0.49699707142857147,0.8531696296296296,-0.46008025765311866,0.03791369042457307,0.8436392401249978,0.2741560524911786,1.0,0.0,0.0,0.0,0.0
333,0.6153302222222222,0.49819300000000005,0.8552366666666666,-0.5704962749728525,0.12405959996739478,0.7778243175440067,0.23266402157452193,1.0,0.0,0.0,0.0,0.0
334,0.6194643370370371,0.4997876071428572,0.8577170370370371,-0.6091419356424925,0.23653883358108163,0.7010681946616779,0.2854800674016221,1.0,0.0,0.0,0.0,0.0
335,0.624011862962963,0.5013821785714285,0.8597840740740742,-0.5950295607692556,0.3516089607266418,0.6166385063327756,0.3769189741246266,1.0,0.0,0.0,0.0,0.0
336,0.6289728037037037,0.5029767857142857,0.8618511111111111,-0.5577869049584419,0.45063218795872745,0.5175603058472273,0.46683587013396577,1.0,0.0,0.0,0.0,0.0
337,0.6347605555555556,0.5045713571428572,0.8635048148148147,-0.5112373067861203,0.5530508462846402,0.39314902745200203,0.527451438321541,1.0,0.0,0.0,0.0,0.0
338,0.6409617407407407,0.5057672857142858,0.8651585185185184,-0.49494916857007315,0.6133904103573549,0.2552517218822098,0.5600215027028839,1.0,0.0,0.0,0.0,0.0
339,0.6475762962962963,0.5065646071428571,0.8668118518518518,-0.4765091044143183,0.6465636144883486,0.09793739249128289,0.5876247382318367,1.0,0.0,0.0,0.0,0.0
340,0.6546042962962964,0.507361892857143,0.8684655555555556,-0.4338912927038596,0.6511082519269744,-0.05053549670028215,0.6206791070767802,1.0,0.0,0.0,0.0,0.0
341,0.6636993703703703,0.5081591785714286,0.8705325925925925,-0.2864648086762919,0.5993736879003807,-0.23561531205226713,0.7093479543702549,1.0,0.0,0.0,0.0,0.0
342,0.6740346666666667,0.5085578214285714,0.8725999999999999,-0.07848574989858428,0.5120158729555726,-0.36467646521415076,0.7737511283502674,1.0,0.0,0.0,0.0,0.0
343,0.6789955925925926,0.5085578214285714,0.8734266666666668,0.01760768955589989,0.477338904055928,-0.4166850990608413,0.7734410566836012,1.0,0.0,0.0,0.0,0.0
344,0.6864370000000001,0.5081591785714286,0.8742533333333333,0.5204410394280589,-0.6410881012770154,-0.02003546882992166,-0.563689409931425,1.0,0.0,0.0,0.0,0.0
345,0.6938784074074074,0.5077605357142857,0.8746666666666667,0.4577629280863028,-0.6458107482981563,0.08460534486981569,-0.6051640394735043,1.0,0.0,0.0,0.0,0.0
346,0.7000795555555556,0.50696325,0.8750803703703703,0.45244147805685797,-0.6516299871913332,0.1769580863986074,-0.5825469117460771,1.0,0.0,0.0,0.0,0.0
347,0.7058673333333333,0.5061659642857144,0.8754937037037037,0.4885719748316959,-0.6607680053025078,0.23477224259837456,-0.5191965549605773,1.0,0.0,0.0,0.0,0.0
348,0.7100014444444445,0.5057672857142858,0.8750803703703703,0.5492399919934566,-0.6755332616707038,0.2532570698953637,-0.42172396199360423,1.0,0.0,0.0,0.0,0.0
349,0.7137221481481482,0.5053686428571428,0.8746666666666667,0.6179431718285001,-0.6904597861558537,0.2272189650880629,-0.2996382185176903,1.0,0.0,0.0,0.0,0.0
350,0.7170294444444444,0.5053686428571428,0.87384,0.6770727166559823,-0.68474231674566,0.18796468123556836,-0.19331263441866714,1.0,0.0,0.0,0.0,0.0
351,0.7207501481481481,0.5053686428571428,0.8730133333333334,0.7337966762233324,-0.6565945245886898,0.13858464420927397,-0.10592622259445977,1.0,0.0,0.0,0.0,0.0
352,0.7244708518518519,0.5053686428571428,0.871772962962963,0.8000432048156859,-0.5959919786081549,0.06351043177145647,-0.02628415718995447,1.0,0.0,0.0,0.0,0.0
353,0.7281915555555556,0.5053686428571428,0.8705325925925925,0.861746521440709,-0.5028760464932706,-0.05719346882646668,0.03517842764723539,1.0,0.0,0.0,0.0,0.0
354,0.7314988518518518,0.50497,0.8688792592592592,0.8921930486453697,-0.3685342181059787,-0.2489017978580751,0.07887958580592055,1.0,0.0,0.0,0.0,0.0
355,0.7348061481481482,0.5045713571428572,0.8668118518518518,0.8577730690011385,-0.2444867671478428,-0.44598527367368257,0.07448972044634664,1.0,0.0,0.0,0.0,0.0
356,0.7385268518518517,0.5045713571428572,0.8647451851851853,0.7614570864812404,-0.17686841913460993,-0.6235132080405589,0.01148682546640184,1.0,0.0,0.0,0.0,0.0
357,0.744728,0.5041727142857143,0.8614377777777777,0.5703721922860258,-0.25555656708355023,-0.7739081054452704,-0.10214033294157483,1.0,0.0,0.0,0.0,0.0
358,0.7484487037037036,0.5037740714285714,0.8593707407407407,0.45061295159530357,-0.3510683947346987,-0.8061880822503724,-0.154141902513356,1.0,0.0,0.0,0.0,0.0
359,0.7550632962962963,0.5033754285714286,0.8564766666666667,0.25713535382299907,-0.5417067858917872,-0.7836059391938308,-0.16247122820137974,1.0,0.0,0.0,0.0,0.0
360,0.7620912962962962,0.5029767857142857,0.8531696296296296,0.060978528290605655,-0.7157006092060559,-0.6869851820405837,-0.11002552761181539,1.0,0.0,0.0,0.0,0.0
361,0.7687058888888889,0.5021795,0.8502755555555555,-0.17389136840337172,-0.8395665227550126,-0.5146017243622771,-0.008655122600544587,1.0,0.0,0.0,0.0,0.0
362,0.7753204444444444,0.5013821785714285,0.8465548148148149,-0.3943428629664668,-0.8694908040962598,-0.26042765812541996,0.1437250253183469,1.0,0.0,0.0,0.0,0.0
363,0.7811082222222223,0.5001862499999999,0.8432474074074073,-0.5600733299329363,-0.7671810755920095,0.0820800352268958,0.30168515072583746,1.0,0.0,0.0,0.0,0.0
364,0.7856557407407407,0.49899028571428566,0.839527037037037,-0.5801735988056621,-0.5400422676051924,0.45808689596918906,0.4023795971343996,1.0,0.0,0.0,0.0,0.0
365,0.7889630370370371,0.4973957142857143,0.8358062962962963,-0.4520799551252304,-0.2701232626119978,0.7596595875045712,0.38154219724979843,1.0,0.0,0.0,0.0,0.0
366,0.791030074074074,0.49580114285714283,0.8320855555555555,-0.22171472822634042,-0.04505708893849617,0.9477138370007784,0.22505759525323846,1.0,0.0,0.0,0.0,0.0
367,0.7926837407407407,0.4938078928571428,0.8283648148148147,0.06539599100146737,0.05261793369540436,0.9964364013099852,0.00831958887014031,1.0,0.0,0.0,0.0,0.0
368,0.7943373703703703,0.491416,0.8242307407407408,0.3560846924891778,0.007527497242464085,0.9067346968234429,-0.22578577930563146,1.0,0.0,0.0,0.0,0.0
369,0.7964044444444445,0.48902414285714285,0.8205100000000001,0.5565398077904599,-0.20707780883230553,0.6934509967785487,-0.4080538426489898,1.0,0.0,0.0,0.0,0.0
370,0.798058074074074,0.48663225,0.8163759259259259,0.5853809154976138,-0.5621281361816174,0.41643194424921137,-0.4097872351513383,1.0,0.0,0.0,0.0,0.0
371,0.7997117407407407,0.4842403928571429,0.8126551851851851,0.41797018799144925,-0.8761891157580719,0.20279408220366882,-0.12832815591542004,1.0,0.0,0.0,0.0,0.0
372,0.8017787777777777,0.48144985714285715,0.8085211111111112,0.18526888001387967,-0.9088800280167258,0.17992454422279475,0.3274747244550912,1.0,0.0,0.0,0.0,0.0
373,0.8038458518518518,0.47865932142857137,0.8039733333333332,0.0695902718165172,-0.6341869554838245,0.30533829774319315,0.7069176921636282,1.0,0.0,0.0,0.0,0.0
374,0.8063263333333334,0.4758687857142857,0.7994259259259259,0.13824320332350754,-0.1860696980828779,0.45074106102706807,0.86203212242607,1.0,0.0,0.0,0.0,0.0
375,0.8083933703703704,0.4722809642857143,0.7948785185185185,0.35563554939602426,0.30375454018533804,0.5152186654415359,0.7181965344550365,1.0,0.0,0.0,0.0,0.0
376,0.8104604444444445,0.4686931428571429,0.7907444444444445,0.622284004938638,0.5763486293873887,0.4621621321105981,0.25882627038960637,1.0,0.0,0.0,0.0,0.0
377,0.8125274814814815,0.46510532142857147,0.7870237037037037,0.850370845622775,0.3670464184038419,0.24062707437613096,-0.29024982812897987,1.0,0.0,0.0,0.0,0.0
378,0.8145945555555556,0.46151749999999997,0.7828896296296297,0.8765262726082274,-0.2497768503833875,-0.0652950139039978,-0.40626319006200795,1.0,0.0,0.0,0.0,0.0
379,0.8158347777777778,0.4579296785714285,0.7791688888888889,0.7164690970301073,-0.6532183706977324,-0.2385568188549664,0.05539347760938618,1.0,0.0,0.0,0.0,0.0
380,0.8174884074074074,0.4527472857142857,0.7729677777777778,0.5823844265413057,-0.42574677566032726,-0.25390586972168133,0.6442824474233845,1.0,0.0,0.0,0.0,0.0
381,0.8183152592592593,0.44995675,0.7692470370370371,0.5729343515173637,-0.16076397220666935,-0.2984992069831447,0.7461899205444582,1.0,0.0,0.0,0.0,0.0
382,0.8195554814814815,0.44557164285714285,0.7638725925925925,0.5550613281962566,0.1923774984729983,-0.4170595369974253,0.693512193563871,1.0,0.0,0.0,0.0,0.0
383,0.8212091481481482,0.4403892142857143,0.7589118518518518,0.51213890854272,0.4821236167414633,-0.5532584341933423,0.44629100543337547,1.0,0.0,0.0,0.0,0.0
384,0.8236895925925927,0.43480817857142856,0.754364074074074,0.41486770198235845,0.611701174317151,-0.6733528674060676,0.017389052502145674,1.0,0.0,0.0,0.0,0.0
385,0.8257566666666667,0.4284298214285714,0.75023,0.29049370212653314,0.4371852874942743,-0.7044604204264566,-0.47772162341257834,1.0,0.0,0.0,0.0,0.0
386,0.8282371111111111,0.4224501428571429,0.7465092592592593,0.18063525018532145,0.005949052906582486,-0.6084247381071848,-0.7727579525434886,1.0,0.0,0.0,0.0,0.0
387,0.8298907777777778,0.4160717857142857,0.7427885185185185,0.1651954730019461,-0.46288368083799725,-0.3818119859290507,-0.7827316022203553,1.0,0.0,0.0,0.0,0.0
388,0.831131,0.4104907142857143,0.7394814814814814,0.2810701317541491,-0.7452355037617552,-0.11512165855104896,-0.5936081440656994,1.0,0.0,0.0,0.0,0.0
389,0.8315444074074073,0.404511,0.7365874074074074,0.5105235624941226,-0.778460193752371,0.12497743659843936,-0.34314145657820777,1.0,0.0,0.0,0.0,0.0
390,0.8319578518518519,0.3993286071428571,0.734107037037037,0.7792382515171906,-0.5548573534551412,0.2443952324084209,-0.15871998949477734,1.0,0.0,0.0,0.0,0.0
391,0.8315444074074073,0.3945448571428572,0.7316266666666666,0.964185936280201,-0.15577501342374592,0.1768329842316976,-0.12169519776891964,1.0,0.0,0.0,0.0,0.0
392,0.831131,0.38976110714285717,0.729145925925926,0.9440536019767132,0.2486451235316739,-0.03636490162994037,-0.2135790089595812,1.0,0.0,0.0,0.0,0.0
393,0.8307175925925926,0.3853759642857143,0.7270788888888888,0.7178685644693498,0.5311033343048663,-0.2935877069386591,-0.34117478038604865,1.0,0.0,0.0,0.0,0.0
394,0.8298907777777778,0.38099085714285713,0.7254251851851851,0.36598755671255334,0.6846418940522577,-0.4895470483241567,-0.39706708843370353,1.0,0.0,0.0,0.0,0.0
395,0.8278237037037037,0.3746125,0.7221181481481481,-0.27346621475718924,0.7133022141701081,-0.6023053804148663,-0.23161262782866415,1.0,0.0,0.0,0.0,0.0
396,0.8269968888888889,0.37341657142857143,0.7217044444444445,-0.36693307189811797,0.7014981969012328,-0.5893631112542206,-0.16097056744782473,1.0,0.0,0.0,0.0,0.0
397,0.8257566666666667,0.36982875,0.7196374074074073,-0.5833531671874649,0.6624791272545602,-0.45766735333518394,0.1065883763623316,1.0,0.0,0.0,0.0,0.0
398,0.824103,0.36584228571428573,0.7179840740740742,-0.6345555794538758,0.6302616291800225,-0.21364878311148996,0.39301869273900875,1.0,0.0,0.0,0.0,0.0
399,0.8224493703703705,0.36145717857142856,0.7163303703703704,-0.48073993082805955,0.6051917207139064,0.07901123578949545,0.6295945716933957,1.0,0.0,0.0,0.0,0.0
400,0.8203822962962962,0.3574707142857143,0.7146766666666666,-0.14131019524359273,0.5828411536179104,0.33795229252246095,0.7253384495174471,1.0,0.0,0.0,0.0,0.0
401,0.8179018518518518,0.35348425,0.7130229629629631,0.2685422037701845,0.5054520819018998,0.5129928118610124,0.639719979892937,1.0,0.0,0.0,0.0,0.0
402,0.8158347777777778,0.3498964285714286,0.7117825925925926,0.629860156947407,0.3349771953565567,0.5663249157324073,0.4127257577398396,1.0,0.0,0.0,0.0,0.0
403,0.8129408888888889,0.3451126428571429,0.7105425925925927,0.8746689638344666,-0.052313550580629045,0.4812884356257245,0.024061127640476274,1.0,0.0,0.0,0.0,0.0
404,0.8117006666666667,0.3427207857142857,0.7097155555555555,0.8490943186407048,-0.2780250515659826,0.42440379835788467,-0.14704531510119603,1.0,0.0,0.0,0.0,0.0
405,0.8088067777777779,0.3395316071428572,0.7084755555555555,0.6404807242492616,-0.590713368429979,0.3551732265875792,-0.33866522900737434,1.0,0.0,0.0,0.0,0.0
406,0.8054995185185185,0.33674107142857146,0.7072351851851851,0.31124595512164593,-0.8081410651557264,0.28984879375785844,-0.4074575450111298,1.0,0.0,0.0,0.0,0.0
407,0.8021921851851851,0.3335518928571429,0.7059948148148147,-0.07435518413525218,-0.9005519252120436,0.20256966568446638,-0.3774163048062152,1.0,0.0,0.0,0.0,0.0
408,0.798058074074074,0.32956542857142856,0.7047548148148147,-0.42641653463189694,-0.8584837687248084,0.062140126395021617,-0.27805244562884984,1.0,0.0,0.0,0.0,0.0
409,0.793923962962963,0.32557896428571426,0.7039277777777777,-0.6952452720541424,-0.6993990990471408,-0.11540479573049861,-0.11898170052916188,1.0,0.0,0.0,0.0,0.0
410,0.7889630370370371,0.32119384999999995,0.7026877777777778,-0.835536781145179,-0.4568339890940733,-0.2979904849908157,0.0662016964804345,1.0,0.0,0.0,0.0,0.0
411,0.7835887037037037,0.31641008571428575,0.7014474074074074,-0.822200316370495,-0.17115188872333534,-0.46245640475556815,0.2843022061948288,1.0,0.0,0.0,0.0,0.0
412,0.7782143333333332,0.31202497142857144,0.7006207407407408,-0.6421923084058057,0.11641760341322938,-0.5835235253227713,0.48325591153634934,1.0,0.0,0.0,0.0,0.0
413,0.7728400000000001,0.30803850357142853,0.7002074074074074,-0.32461700538235605,0.34992271459387403,-0.6185060599609099,0.6242020085032385,1.0,0.0,0.0,0.0,0.0
414,0.7678790370370371,0.30484933214285714,0.6993803703703704,0.043001170080304935,0.5058002514350581,-0.5300640527197132,0.679226843576069,1.0,0.0,0.0,0.0,0.0
415,0.7625047037037036,0.30205880357142856,0.698967037037037,0.37442210238363965,0.5898771507972993,-0.30406019189231065,0.6476113309078885,1.0,0.0,0.0,0.0,0.0
416,0.7575437407407407,0.29966692142857143,0.6985537037037036,0.5673214471215082,0.617143169228509,-0.001777079763207623,0.5452316262819544,1.0,0.0,0.0,0.0,0.0
417,0.7525828148148148,0.2976736892857143,0.69814,0.6048768812293488,0.6051660724246832,0.31373834496367065,0.4116627676142165,1.0,0.0,0.0,0.0,0.0
418,0.7463816666666666,0.2952818071428571,0.6977266666666667,0.51901479364557,0.5475415986481933,0.6314476766586954,0.1791526538155744,1.0,0.0,0.0,0.0,0.0
419,0.7434877777777777,0.2936872214285714,0.6977266666666667,0.44702646480477276,0.4972999401619535,0.7409302235947864,0.06230981498001997,1.0,0.0,0.0,0.0,0.0
420,0.7389402592592593,0.29209263571428573,0.6977266666666667,0.3323649704544678,0.41457211381639997,0.8374436841712473,-0.12787323684919696,1.0,0.0,0.0,0.0,0.0
421,0.7343927407407407,0.2900994,0.6977266666666667,0.21942505193200978,0.32982339980924974,0.8778382071060666,-0.26920113979645205,1.0,0.0,0.0,0.0,0.0
422,0.7294317777777778,0.2885048132142857,0.6977266666666667,0.1302174924569598,0.25133987544698577,0.8821772204977609,-0.37634428825659116,1.0,0.0,0.0,0.0,0.0
423,0.7248842592592593,0.2869102260714286,0.6977266666666667,0.08821102058306579,0.18499834615854088,0.8826036462178223,-0.42309009850066653,1.0,0.0,0.0,0.0,0.0
424,0.7199233333333334,0.2853156389285714,0.6973133333333335,0.06521327812846188,0.13382387456740097,0.8919039939987274,-0.42701951295066876,1.0,0.0,0.0,0.0,0.0
425,0.7149623703703704,0.2841196985714286,0.6973133333333335,0.04624978467290808,0.08603564649613513,0.8992991599853678,-0.42628610791264776,1.0,0.0,0.0,0.0,0.0
426,0.7095880370370371,0.2837210517857143,0.6973133333333335,0.013473799731834019,0.0534430782736158,0.901370617165353,-0.4295268380629752,1.0,0.0,0.0,0.0,0.0
427,0.7046271111111111,0.283322405,0.6973133333333335,-0.03302589863274487,0.03692893953033559,0.8885355948811224,-0.4561250268006728,1.0,0.0,0.0,0.0,0.0
428,0.6996661481481482,0.283322405,0.6977266666666667,-0.05581845187660083,0.015680418586332328,0.8495484115186285,-0.5243147159762274,1.0,0.0,0.0,0.0,0.0
429,0.695532037037037,0.283322405,0.69814,-0.05488638292217958,0.018118270306831122,0.7792298448898562,-0.6240673538038494,1.0,0.0,0.0,0.0,0.0
430,0.6913979259259259,0.283322405,0.69814,-0.030071205476430676,0.04336225290992436,0.6858224686109134,-0.7258532766146356,1.0,0.0,0.0,0.0,0.0
431,0.6872638148148148,0.2837210517857143,0.69814,0.024472672606132534,0.08138749404500029,0.5670780980336795,-0.8192677186604467,1.0,0.0,0.0,0.0,0.0
432,0.6839565185185186,0.2845183453571429,0.69814,0.09371597727702587,0.133478163812349,0.44037613647650503,-0.8828758428059532,1.0,0.0,0.0,0.0,0.0
433,0.6777553703703704,0.28611293250000003,0.69814,0.28351207515182175,0.20704765981737938,0.19200248597087316,-0.9164536077665137,1.0,0.0,0.0,0.0,0.0
434,0.6777553703703704,0.28611293250000003,0.69814,0.28351207515182175,0.20704765981737938,0.19200248597087316,-0.9164536077665137,1.0,0.0,0.0,0.0,0.0
435,0.6748614814814815,0.2869102260714286,0.69814,0.3586356341399817,0.2368652861582895,0.07947130872168565,-0.8994218305268264,1.0,0.0,0.0,0.0,0.0
436,0.6715541851851852,0.2881061664285714,0.69814,0.42921535557343304,0.26528469693567897,-0.00952780994878491,-0.8633118955217147,1.0,0.0,0.0,0.0,0.0
437,0.668246888888889,0.28930210714285715,0.69814,0.4949505639930621,0.28447270918977197,-0.07855407005909071,-0.8172689122965173,1.0,0.0,0.0,0.0,0.0
438,0.6645261851851851,0.29089669285714287,0.69814,0.5653052196720533,0.3052760368055447,-0.11968802871319512,-0.7569090604204582,1.0,0.0,0.0,0.0,0.0
439,0.6612188888888889,0.29249128214285713,0.69814,0.6045901647559431,0.31578209913030175,-0.17740127772778308,-0.7094231355191284,1.0,0.0,0.0,0.0,0.0
440,0.6574981851851852,0.29408586785714286,0.6985537037037036,0.6322889895300733,0.34852309321142766,-0.2332330009080949,-0.6514174195589044,1.0,0.0,0.0,0.0,0.0
441,0.6529506666666666,0.2964777464285714,0.6993803703703704,0.6342931804140339,0.4114153845260595,-0.3014526952985336,-0.5809783258889907,1.0,0.0,0.0,0.0,0.0
442,0.6508835925925927,0.2976736892857143,0.6993803703703704,0.633130184209681,0.44288859047730744,-0.3200818574599855,-0.5482184517075331,1.0,0.0,0.0,0.0,0.0
443,0.6484031481481481,0.29966692142857143,0.6997937037037038,0.619224729496025,0.4792640312424607,-0.3582277630949072,-0.5084678873693199,1.0,0.0,0.0,0.0,0.0
444,0.6467494814814815,0.3016601571428571,0.7002074074074074,0.6229875511641377,0.5083042064696225,-0.36164762199107875,-0.47193679903986724,1.0,0.0,0.0,0.0,0.0
445,0.6450958518518518,0.3032547428571428,0.7002074074074074,0.6242659386486048,0.5174877091978836,-0.3629661477324819,-0.4590796055942207,1.0,0.0,0.0,0.0,0.0
446,0.6438556296296296,0.30524797857142855,0.7002074074074074,0.6393583005467667,0.5187921683153419,-0.34601034907085715,-0.4498360678652609,1.0,0.0,0.0,0.0,0.0
447,0.6426153703703704,0.30724121071428573,0.7002074074074074,0.664427010694387,0.5059263668419066,-0.3181761973442307,-0.4487083309204708,1.0,0.0,0.0,0.0,0.0
448,0.6417885555555556,0.30923444285714285,0.6997937037037038,0.6906104323627774,0.4793435810939366,-0.2929023474125007,-0.45551638483811424,1.0,0.0,0.0,0.0,0.0
449,0.6405483333333334,0.31162632500000004,0.6997937037037038,0.7390100556039952,0.414701121820165,-0.2541143423789043,-0.4661684440999984,1.0,0.0,0.0,0.0,0.0
450,0.6393080740740741,0.3140182071428571,0.6993803703703704,0.7894432047938198,0.3337749758437516,-0.21699080569428392,-0.4672137435366299,1.0,0.0,0.0,0.0,0.0
451,0.6376544444444444,0.3168087321428571,0.6993803703703704,0.83442549607943,0.2199037704196034,-0.18995599527662999,-0.46828745777172437,1.0,0.0,0.0,0.0,0.0
452,0.6355873703703703,0.31959926071428574,0.698967037037037,0.8879197943826885,0.07916119543088458,-0.14545562408503293,-0.42915568888620254,1.0,0.0,0.0,0.0,0.0
453,0.6339337407407407,0.3223897857142857,0.698967037037037,0.9250594985696922,-0.0860685811101971,-0.10798294631912682,-0.3538316079096206,1.0,0.0,0.0,0.0,0.0
454,0.6318666666666667,0.32557896428571426,0.698967037037037,0.9255162938394187,-0.28253119363325596,-0.09199368148390943,-0.23480391186892802,1.0,0.0,0.0,0.0,0.0
455,0.6297996296296297,0.3283695,0.698967037037037,0.8639290618085036,-0.48956963732875675,-0.0698140779040335,-0.09525828517708045,1.0,0.0,0.0,0.0,0.0
456,0.6269057444444444,0.33195732142857143,0.6997937037037038,0.6718876888019472,-0.7349026602219323,-0.053549490267098154,0.07494975468431497,1.0,0.0,0.0,0.0,0.0
457,0.625665511111111,0.3339505357142857,0.7002074074074074,0.5368905737006751,-0.8379284212327988,-0.013107087881993967,0.0972248785492848,1.0,0.0,0.0,0.0,0.0
458,0.624011862962963,0.3359437857142857,0.7006207407407408,0.3084845665899307,-0.943602109783709,0.005735400626238618,0.12008095505621434,1.0,0.0,0.0,0.0,0.0
459,0.6227716296296296,0.33833564285714285,0.7014474074074074,0.03588883615720303,-0.993298819026757,0.004366633966192983,0.1097742231452205,1.0,0.0,0.0,0.0,0.0
460,0.6215313925925926,0.34032889285714285,0.7014474074074074,-0.24106280262190458,-0.9675360934461319,-0.04809629503959945,0.05873141812126126,1.0,0.0,0.0,0.0,0.0
461,0.6198777481481481,0.3427207857142857,0.7018607407407408,-0.5288986939921987,-0.8418991282415221,-0.0995920371860889,-0.03941389968826522,1.0,0.0,0.0,0.0,0.0
462,0.6182241037037037,0.3455112857142857,0.7022744444444444,-0.7658930108386893,-0.595887221694769,-0.14820220608053997,-0.1906893313276797,1.0,0.0,0.0,0.0,0.0
463,0.6165704555555556,0.34790317857142855,0.7022744444444444,-0.8948404923989314,-0.2628063733047582,-0.13801086682074312,-0.33338611841680654,1.0,0.0,0.0,0.0,0.0
464,0.6145034,0.3502950714285714,0.7026877777777778,-0.9018441127815525,0.08553516312982243,-0.031688588215081095,-0.4223230581989859,1.0,0.0,0.0,0.0,0.0
465,0.6132631666666667,0.35188964285714286,0.7026877777777778,-0.8370285900550161,0.29661214443762285,0.08561799690912587,-0.4517454303121345,1.0,0.0,0.0,0.0,0.0
466,0.609955874074074,0.3554774642857143,0.7031011111111111,-0.5922198933490759,0.5500597853472198,0.3967351737982988,-0.4350988765058045,1.0,0.0,0.0,0.0,0.0
467,0.6070619925925925,0.358268,0.7035144444444443,-0.34687470051078156,0.6136906886910042,0.6294528178950024,-0.32688045338251354,1.0,0.0,0.0,0.0,0.0
468,0.6045815259259258,0.36145717857142856,0.7039277777777777,-0.09751704502597999,0.56910573692149,0.807472860020049,-0.12081666467624029,1.0,0.0,0.0,0.0,0.0
469,0.6016876444444444,0.36464635714285715,0.7039277777777777,0.10121019491767702,0.4386404606101926,0.8793616951593873,0.15515815108080153,1.0,0.0,0.0,0.0,0.0
470,0.5983803518518519,0.36783553571428573,0.7043414814814816,0.20226020866279903,0.28073035918055733,0.8110208519057163,0.47172709398566737,1.0,0.0,0.0,0.0,0.0
471,0.593832827037037,0.3722206428571428,0.7051681481481481,0.1099221737038905,0.11401275079355516,0.5420778304896653,0.8252695523744447,1.0,0.0,0.0,0.0,0.0
472,0.5917657696296297,0.3746125,0.7055814814814815,0.021565596561741233,0.06067335837239183,0.3656710460790867,0.9285140573454869,1.0,0.0,0.0,0.0,0.0
473,0.5896987122222223,0.37660575,0.7064085185185185,-0.06999606377336422,0.028589549428687834,0.1898478400524197,0.9788978426511781,1.0,0.0,0.0,0.0,0.0
474,0.5876316555555555,0.37979492857142855,0.7080622222222223,-0.18867128664651484,-0.022494154686820825,-0.1591848299029429,0.9687916951176064,1.0,0.0,0.0,0.0,0.0
475,0.5859780074074075,0.3821868214285714,0.7093022222222223,-0.2049354177539191,-0.015280734171870564,-0.38961641429458044,0.8977566615878878,1.0,0.0,0.0,0.0,0.0
476,0.5851511851851852,0.3841800357142858,0.7101292592592593,-0.142063223831758,0.015442301214095205,-0.5893884168857886,0.7951106022488978,1.0,0.0,0.0,0.0,0.0
477,0.584324362962963,0.3861732857142857,0.7113692592592593,-0.03224405215336354,0.09642810305577401,-0.7401053925212726,0.6647600695008158,1.0,0.0,0.0,0.0,0.0
478,0.5834975407407408,0.3881665,0.7121962962962962,0.12914091696917293,0.22172512959245638,-0.8177179024976623,0.5152650021167683,1.0,0.0,0.0,0.0,0.0
479,0.5830841296296296,0.39015974999999997,0.7126096296296297,0.2870037329987012,0.38153931649592704,-0.7904713286605023,0.38368175064541576,1.0,0.0,0.0,0.0,0.0
480,0.5826707185185186,0.3917543214285714,0.7130229629629631,0.37992417434268516,0.4855112790830115,-0.7278007478589523,0.30040387988366074,1.0,0.0,0.0,0.0,0.0
481,0.5814304851851853,0.3945448571428572,0.7138496296296296,0.5184162717835217,0.6467329056615053,-0.5304505397653,0.1777732903093199,1.0,0.0,0.0,0.0,0.0
482,0.5801902481481481,0.39773403571428567,0.7142633333333334,0.5984490257069875,0.7166380736856667,-0.34063872716360555,0.1106973013709596,1.0,0.0,0.0,0.0,0.0
483,0.5789500148148148,0.40092321428571426,0.71509,0.6611820035226998,0.7330273372955777,-0.15798055093835606,0.023482472618469252,1.0,0.0,0.0,0.0,0.0
484,0.5772963666666667,0.4049096785714286,0.7155033333333334,0.7375628447354418,0.6703743409335725,0.042252865722460065,-0.0693829115984681,1.0,0.0,0.0,0.0,0.0
485,0.5748158999999999,0.4096934285714286,0.7155033333333334,0.8212434561334779,0.5126197292489212,0.21140684425978873,-0.13448920084088636,1.0,0.0,0.0,0.0,0.0
486,0.5719220185185185,0.4136798928571429,0.715917037037037,0.8874104051870242,0.2822751678009396,0.3368619114639698,-0.13909548883264933,1.0,0.0,0.0,0.0,0.0
487,0.5690281407407407,0.4172677142857143,0.717157037037037,0.8976893174582452,0.031033007524519866,0.4241917791358334,-0.11511809709558782,1.0,0.0,0.0,0.0,0.0
488,0.5657208481481482,0.4192609642857143,0.7188107407407407,0.8334849592490522,-0.22088524051240319,0.4930574149592174,-0.11578824976273616,1.0,0.0,0.0,0.0,0.0
489,0.5628269666666667,0.42085553571428574,0.7208777777777777,0.7136647872973562,-0.42444867015211574,0.5164828971245439,-0.2092159524409112,1.0,0.0,0.0,0.0,0.0
490,0.5607599111111111,0.42125417857142855,0.7233581481481481,0.5715110403923308,-0.5386409956022828,0.468139588182176,-0.40507571458047187,1.0,0.0,0.0,0.0,0.0
491,0.5586928518518518,0.4216528214285714,0.7258388888888889,0.4306504619006438,-0.4936808282584705,0.3371148936243098,-0.6761456706741995,1.0,0.0,0.0,0.0,0.0
492,0.5574526185185186,0.42205146428571433,0.7283192592592593,0.3140744052945371,-0.2201884265778157,0.09025159414116403,-0.9190913852795309,1.0,0.0,0.0,0.0,0.0
493,0.5562123814814816,0.4224501428571429,0.731212962962963,0.33077997962056493,0.23107972933760632,-0.2830696388892527,-0.8700909971437386,1.0,0.0,0.0,0.0,0.0
494,0.5553855555555556,0.42324742857142855,0.7345203703703703,0.622666276540585,0.4249053651648751,-0.6488064872331417,-0.10388590297715625,1.0,0.0,0.0,0.0,0.0
495,0.5549721481481482,0.4236460714285714,0.7361740740740741,0.7511793419850252,0.04743711553403755,-0.5972669019559614,0.27704072637914257,1.0,0.0,0.0,0.0,0.0
496,0.5541453333333334,0.42444335714285714,0.7386544444444445,0.5490210766340601,-0.742067122462583,-0.27012970443962886,0.27375570487395917,1.0,0.0,0.0,0.0,0.0
497,0.5529050740740741,0.42524064285714286,0.7411348148148148,-0.10926633289042062,-0.952207013935283,-0.1514353369136629,-0.241723002304243,1.0,0.0,0.0,0.0,0.0
498,0.5524916666666667,0.42643660714285714,0.7436155555555556,-0.5745590533317889,-0.44250719091558965,-0.531984422119903,-0.43710622832925305,1.0,0.0,0.0,0.0,0.0
499,0.5520782592592592,0.4276325357142857,0.746095925925926,-0.4249414866828167,0.03272036554682979,-0.9044986469947593,-0.015372317942622225,1.0,0.0,0.0,0.0,0.0
500,0.5516648518518519,0.4284298214285714,0.7485762962962964,0.023021411556857184,-0.019358995482668485,-0.7553237689203371,0.654661170383435,1.0,0.0,0.0,0.0,0.0
501,0.5516648518518519,0.43002442857142853,0.751057037037037,0.10934867177810381,-0.46864294504541326,-0.1639283213097582,0.8611295857837488,1.0,0.0,0.0,0.0,0.0
502,0.5512514444444444,0.4312203571428571,0.7531237037037037,-0.33345071978899077,-0.7112186822534087,0.29807291910924494,0.5423385827871943,1.0,0.0,0.0,0.0,0.0
503,0.5512514444444444,0.4328149285714286,0.7551911111111111,-0.862760163938721,-0.4294138606945868,0.21164159995616388,0.16265444639417792,1.0,0.0,0.0,0.0,0.0
504,0.5512514444444444,0.43480817857142856,0.7568444444444444,-0.9520993489028241,0.10792951817082853,-0.23350371632170128,0.16533016479210808,1.0,0.0,0.0,0.0,0.0
505,0.5512514444444444,0.43680142857142856,0.7589118518518518,-0.5254702890494286,0.44759213938150494,-0.5277986543434504,0.4949452823933575,1.0,0.0,0.0,0.0,0.0
506,0.5512514444444444,0.4387946428571428,0.7609785185185186,0.0887685126513855,0.4627024816183998,-0.3633629702539687,0.8037374674071434,1.0,0.0,0.0,0.0,0.0
507,0.5516648518518519,0.44118653571428573,0.7626322222222223,0.4104688476204684,0.3146395268645764,0.20318284255964877,0.8314048506936562,1.0,0.0,0.0,0.0,0.0
508,0.5516648518518519,0.44317975000000004,0.7651129629629629,0.15018630132966826,0.2819352709639507,0.7553129390237389,0.5722402834672857,1.0,0.0,0.0,0.0,0.0
509,0.5512514444444444,0.44557164285714285,0.7692470370370371,-0.7232716330303403,0.6282120237310083,0.27225093311034354,0.09004014390239096,1.0,0.0,0.0,0.0,0.0
510,0.5512514444444444,0.4459702857142857,0.7700737037037036,-0.7127442328218582,0.6990123737849288,-0.01994873193439456,0.05458395340161387,1.0,0.0,0.0,0.0,0.0
511,0.550838037037037,0.4471662142857143,0.7725540740740741,-0.18075699530647332,0.762655604666371,-0.6202470711042319,-0.03125552919675799,1.0,0.0,0.0,0.0,0.0
512,0.5500112222222222,0.44915946428571424,0.7754481481481482,0.5141992744546204,0.6772190280981933,-0.4865229309942299,-0.20067120308819622,1.0,0.0,0.0,0.0,0.0
513,0.5491843703703704,0.4511527142857143,0.7783418518518518,0.6564534737408498,0.6218388135524104,0.09252694362809105,-0.41692216476957167,1.0,0.0,0.0,0.0,0.0
514,0.5487709629629629,0.45354457142857146,0.7820625925925926,0.2519176828365136,0.6303961887317056,0.5063491561266578,-0.5317411573281151,1.0,0.0,0.0,0.0,0.0
515,0.5487709629629629,0.45593646428571427,0.7857833333333333,-0.33870217643115813,0.6028702432149962,0.5328319900487946,-0.4877687729932383,1.0,0.0,0.0,0.0,0.0
516,0.5491843703703704,0.4579296785714285,0.7895040740740741,-0.7892232992256404,0.46277778946185133,0.21828867937943391,-0.33957820011741113,1.0,0.0,0.0,0.0,0.0
517,0.5495978148148148,0.4595242857142857,0.7936381481481481,-0.9281122697856762,0.16393085369253854,-0.24717894081513508,-0.22502635645280294,1.0,0.0,0.0,0.0,0.0
518,0.5500112222222222,0.46111885714285716,0.797358888888889,-0.7523282391668372,-0.18089092376836352,-0.5638548466296227,-0.2887012403552135,1.0,0.0,0.0,0.0,0.0
519,0.550838037037037,0.46271342857142855,0.8014929629629629,-0.4202181994498097,-0.37722534413094916,-0.6088587307832413,-0.5571433841889064,1.0,0.0,0.0,0.0,0.0
520,0.5516648518518519,0.4643080357142857,0.805627037037037,-0.15592098541938118,-0.2808158960076078,-0.3845931385772853,-0.8654011766889197,1.0,0.0,0.0,0.0,0.0
521,0.5520782592592592,0.4655039642857143,0.8093477777777778,-0.11629163033223407,0.05364264043121653,-0.026445576310673152,-0.9914128077323969,1.0,0.0,0.0,0.0,0.0
522,0.5529050740740741,0.4670985714285714,0.813481851851852,-0.30463915844946826,0.4198019403935196,0.2288231708385731,-0.8237725841932448,1.0,0.0,0.0,0.0,0.0
523,0.553731925925926,0.4690917857142857,0.8180296296296297,-0.5562896098552486,0.6315454940369207,0.294485005479796,-0.45273694401530956,1.0,0.0,0.0,0.0,0.0
524,0.5549721481481482,0.47108503571428567,0.8221637037037038,-0.7454071108248167,0.6243357712976321,0.22334212288897776,-0.06849364900073021,1.0,0.0,0.0,0.0,0.0
525,0.5562123814814816,0.47267960714285717,0.8271244444444444,-0.848431149242365,0.4677316137015031,0.08803380318827597,0.2316069343428117,1.0,0.0,0.0,0.0,0.0
526,0.5574526185185186,0.4742742142857143,0.8316722222222223,-0.8811305077555512,0.261624990412479,-0.07396385172532119,0.3868988773983062,1.0,0.0,0.0,0.0,0.0
527,0.559106262962963,0.4758687857142857,0.836632962962963,-0.8658777812951327,0.06543095891710718,-0.2746581866112738,0.4129616665043052,1.0,0.0,0.0,0.0,0.0
528,0.5603465000000001,0.4766661071428572,0.840767037037037,-0.7826035704349684,-0.06323328742340073,-0.534834858020917,0.31222568368059395,1.0,0.0,0.0,0.0,0.0
529,0.5615867333333333,0.47706471428571423,0.8440744444444446,-0.5543556028812363,-0.052152296929220306,-0.8137300455274087,0.16677354851758974,1.0,0.0,0.0,0.0,0.0
530,0.5628269666666667,0.47746339285714284,0.8469681481481481,-0.17854034366538385,0.07878425900769033,-0.9737504466561051,0.11715994986978874,1.0,0.0,0.0,0.0,0.0
531,0.5640672037037037,0.47746339285714284,0.8490355555555555,0.22095617633850356,0.17196740943525596,-0.9390641107694749,0.19940956369926321,1.0,0.0,0.0,0.0,0.0
532,0.5657208481481482,0.47865932142857137,0.8519292592592592,0.6370179512526821,0.08781911515549415,-0.6596657391375496,0.38902062336494675,1.0,0.0,0.0,0.0,0.0
533,0.5661342592592592,0.47905796428571434,0.8531696296296296,0.7294628647964909,0.016133278603251033,-0.5095838295964202,0.4560131213224603,1.0,0.0,0.0,0.0,0.0
534,0.5677879037037037,0.4802538928571428,0.8552366666666666,0.7604518846676405,-0.12024593371982684,-0.3209536111329815,0.551581930478129,1.0,0.0,0.0,0.0,0.0
535,0.5690281407407407,0.4810512142857143,0.8573037037037038,0.6922059910365326,-0.26200527204556096,-0.23592350214840385,0.629717559329177,1.0,0.0,0.0,0.0,0.0
536,0.570268374074074,0.48144985714285715,0.8585437037037037,0.5741194703573804,-0.38104308866756914,-0.27631468807623527,0.6699576042471439,1.0,0.0,0.0,0.0,0.0
537,0.5719220185185185,0.4822471428571428,0.8597840740740742,0.4653037192398069,-0.4327904544161785,-0.4028624317644837,0.6587007913314264,1.0,0.0,0.0,0.0,0.0
538,0.5735756629629629,0.4830444285714286,0.8610244444444445,0.38503799109751324,-0.3912162060300137,-0.570009835460586,0.61137910745238,1.0,0.0,0.0,0.0,0.0
539,0.5752293111111112,0.48384171428571426,0.8622644444444445,0.33236913227098913,-0.27817159448638107,-0.7079606105336116,0.5576227200062869,1.0,0.0,0.0,0.0,0.0
540,0.5772963666666667,0.48503767857142854,0.8630914814814815,0.28169232260749677,-0.11698402091942205,-0.813396502479664,0.4953284808966351,1.0,0.0,0.0,0.0,0.0
541,0.579776837037037,0.4858349642857143,0.8643314814814815,0.23479313753581182,0.06470717716312577,-0.8762379638982956,0.4158030716734046,1.0,0.0,0.0,0.0,0.0
542,0.5822573074074074,0.48703089285714285,0.8651585185185184,0.17892758810604015,0.2725088845508025,-0.8947187608985787,0.3052902961961689,1.0,0.0,0.0,0.0,0.0
543,0.5855645962962963,0.4886255,0.8668118518518518,-0.20381756893174854,0.4098911487338291,0.8885615236511207,0.03010088821302058,1.0,0.0,0.0,0.0,0.0
544,0.5896987122222223,0.4906187142857143,0.8680522222222222,-0.0378291509033898,0.32600678485013634,0.9359603923272118,0.1275408780285649,1.0,0.0,0.0,0.0,0.0
545,0.5942462385185185,0.49261196428571424,0.869705925925926,0.133586065012681,0.32095081175085055,0.9148924876325416,0.2052244521114327,1.0,0.0,0.0,0.0,0.0
546,0.5992071777777779,0.4942065357142857,0.8709462962962964,0.29121826974495213,0.3582821675659051,0.8459265841175427,0.2668970251881033,1.0,0.0,0.0,0.0,0.0
547,0.6066485814814814,0.49619978571428575,0.8730133333333334,0.441063073350147,0.4202102893455412,0.6367580217930778,0.4726794894399645,1.0,0.0,0.0,0.0,0.0
548,0.6083022296296297,0.49699707142857147,0.8730133333333334,0.444488785430938,0.43420702430914776,0.5813518813925159,0.5252846558468149,1.0,0.0,0.0,0.0,0.0
549,0.6128497555555555,0.4977943571428571,0.8742533333333333,0.4128418867996465,0.4879434340466339,0.4098425824826446,0.6507701892822401,1.0,0.0,0.0,0.0,0.0
550,0.6178106925925926,0.49899028571428566,0.8750803703703703,0.37417499537095866,0.5616063326910622,0.2188339382368553,0.7047716703984257,1.0,0.0,0.0,0.0,0.0
551,0.6223582185185186,0.5001862499999999,0.8754937037037037,0.374759082249055,0.6247557933642007,0.05519868013570106,0.6827802974903353,1.0,0.0,0.0,0.0,0.0
552,0.6273191555555555,0.5013821785714285,0.8759070370370371,0.4168330189761906,0.6654533538350116,-0.10333354975269943,0.6105278418356006,1.0,0.0,0.0,0.0,0.0
553,0.6318666666666667,0.5025781071428571,0.8763203703703704,0.1607604120668475,-0.6184512306459772,-0.37635681635354723,-0.6708425389081971,1.0,0.0,0.0,0.0,0.0
554,0.6351739629629629,0.5033754285714286,0.8763203703703704,0.12081523454367304,-0.7270500238072788,-0.2677537601433274,-0.6205722084601453,1.0,0.0,0.0,0.0,0.0
555,0.6368276296296296,0.5053686428571428,0.8754937037037037,0.08967803498057969,-0.8420849651054044,-0.12841012713233818,-0.5161023162467967,1.0,0.0,0.0,0.0,0.0
556,0.6368276296296296,0.50696325,0.8750803703703703,0.059868369424512624,-0.9092063183816176,-0.08483307679570565,-0.40319101929329837,1.0,0.0,0.0,0.0,0.0
557,0.6347605555555556,0.5109497142857143,0.8721862962962962,-0.07425296876061599,-0.9864529213922992,0.041316683992627376,-0.1403212818167172,1.0,0.0,0.0,0.0,0.0
558,0.6314532592592592,0.5177266785714286,0.8676388888888888,-0.20456132997642915,-0.8790400403752334,0.2849683462253173,0.3228564872276698,1.0,0.0,0.0,0.0,0.0
559,0.6264923333333333,0.5276928571428572,0.8601974074074074,-0.10162633756626893,-0.32621214406575955,0.6045060673971917,0.7196041544188503,1.0,0.0,0.0,0.0,0.0
560,0.6211179814814815,0.5400509285714286,0.8494488888888889,0.2777181124792493,0.4146654041949234,0.7192624251549559,0.4833082001425542,1.0,0.0,0.0,0.0,0.0
561,0.6145034,0.5548008571428572,0.8358062962962963,0.6509813583261026,0.49027989525287313,0.4956362195096135,-0.3003225488253457,1.0,0.0,0.0,0.0,0.0
562,0.6078888185185185,0.5711453571428572,0.8184429629629629,0.7779331255500224,-0.23525753933707458,0.08881202723703042,-0.5758353637760422,1.0,0.0,0.0,0.0,0.0
563,0.6008608222222223,0.5890845,0.798185925925926,0.6633636162283665,-0.677976473942388,-0.29352775458012703,0.11890361952530992,1.0,0.0,0.0,0.0,0.0
564,0.5942462385185185,0.6078208928571429,0.7750348148148148,0.3462724610684651,-0.08275438040401573,-0.5650144724976812,0.7443156192756558,1.0,0.0,0.0,0.0,0.0
565,0.5872182444444444,0.6265572857142858,0.7489896296296297,-0.08957217386523483,0.7393565876899342,-0.5407770015126265,0.3910100977514077,1.0,0.0,0.0,0.0,0.0
566,0.579776837037037,0.644895,0.7208777777777777,-0.2882499999650774,0.8114913375042823,-0.20450390172004265,-0.4653728621835648,1.0,0.0,0.0,0.0,0.0
567,0.5686147296296297,0.6672192857142856,0.6811903703703703,0.015919408040595353,-0.022356438686375085,0.08521997980304306,-0.9959840948224364,1.0,0.0,0.0,0.0,0.0
568,0.5628269666666667,0.6779828571428571,0.6588659259259259,0.22536882670935002,-0.4204049799757431,-0.010824021265540149,-0.8788352435598432,1.0,0.0,0.0,0.0,0.0
569,0.553731925925926,0.6931314285714285,0.6245529629629629,0.09347837146728859,0.7421708752169397,-0.3849929627092233,0.540578028328862,1.0,0.0,0.0,0.0,0.0
570,0.5388491111111111,0.7186446428571429,0.562541111111111,-0.23831478870211553,0.9035666091060952,0.22786957268909197,-0.2735852741593918,1.0,0.0,0.0,0.0,0.0
571,0.5363686296296296,0.7234285714285714,0.5488985185185185,-0.15184613091377586,0.7724423079719702,0.3958202368624639,-0.4728657034207443,1.0,0.0,0.0,0.0,0.0
572,0.5281004074074074,0.7381782142857143,0.5083844444444444,0.18935915133627648,0.2382846746155478,0.623462836644809,-0.7201788784540797,1.0,0.0,0.0,0.0,0.0
573,0.5181785185185185,0.7589078571428571,0.453814074074074,0.5679512159497524,-0.4963826909788996,0.4573272048459721,-0.47104932661613524,1.0,0.0,0.0,0.0,0.0
574,0.513631,0.7668810714285714,0.4232214814814815,0.6338909547307776,-0.7442323881984676,0.16136592742430642,-0.13513492270098856,1.0,0.0,0.0,0.0,0.0
575,0.5078432592592592,0.7800364285714286,0.3789866666666668,0.3710248057058673,-0.827613550904944,-0.2596199199827228,0.33165328440646835,1.0,0.0,0.0,0.0,0.0
576,0.5028822962962963,0.7927928571428572,0.3339248148148149,-0.1405407593961061,-0.6790493299097587,-0.49465098020119563,0.5238899791783287,1.0,0.0,0.0,0.0,0.0
577,0.4979213703703704,0.8055496428571428,0.28844962962962983,-0.57342066699097,-0.5176335292030976,-0.5193266154898869,0.3654369091323373,1.0,0.0,0.0,0.0,0.0
578,0.4921335925925926,0.8258807142857142,0.22974481481481465,-0.6904256013773553,-0.4093923635944778,-0.5734689633635383,-0.16384056168114453,1.0,0.0,0.0,0.0,0.0
579,0.48965314814814814,0.8398332142857142,0.18426962962962956,-0.5614346383922042,-0.2687055556406639,-0.6399245459542087,-0.45064958300941194,1.0,0.0,0.0,0.0,0.0
580,0.4892397407407407,0.8529885714285713,0.13796777777777777,-0.38247921795575257,-0.09747973374636537,-0.6702413252893982,-0.6284774580006867,1.0,0.0,0.0,0.0,0.0
