,X,Y,Z,A,B,G,Vx,Vy,Vz,Va,Vb,Vg,Time,Square,Circle
562,-9.264551,-5.804297,-19.08721,-0.7079320736135304,-0.1330728382578179,3.015806774398562,0.0,2.7904999999998186,0.0,0.05752605214573048,0.019174187162407468,0.0,11.26007,0,1
563,-9.242227,-5.703838,-19.10953,-0.7060146548972893,-0.13153885092494758,3.015422801963123,1.1162000000000798,5.0229500000001,-1.1160000000000518,0.09587093581205557,0.07669936664351809,-0.019198621771954603,11.28007,0,1
564,-9.219902,-5.558731,-19.13186,-0.7017961940952192,-0.12923787865228833,3.015422801963123,1.1162500000000424,7.2553500000001705,-1.116500000000033,0.2109230401035101,0.1150486136329645,0.0,11.30007,0,1
565,-9.130606,-5.302002,-19.18767,-0.6925923748177523,-0.12501943530351053,3.0161890015047486,4.464800000000053,12.836450000000273,-2.790500000000111,0.46019096387335684,0.21092216743889453,0.0383099770812753,11.32007,0,1
566,-9.041308,-5.13457,-19.23232,-0.6864563207665157,-0.1234854479706402,3.0181071183526904,4.464899999999671,8.371599999999425,-2.2324999999998867,0.30680270256180514,0.07669936664351128,0.09590584239708619,11.34007,0,1
567,-8.974336,-5.034111,-19.2658,-0.6837720043769485,-0.12233496183431058,3.019641262765193,3.348600000000151,5.0229500000001,-1.6739999999999002,0.13421581947836445,0.05752430681648225,0.0767072206251401,11.36007,0,1
568,-8.806904,-4.889004,-19.36626,-0.6791699202052899,-0.1219514780910624,3.0238597235672637,8.371600000000168,7.2553500000001705,-5.023000000000196,0.23010420858293681,0.019174187162409866,0.2109230401035323,11.38007,0,1
569,-8.661797,-4.810869,-19.45556,-0.6780195736953003,-0.12118447569798096,3.02692801239227,7.255350000000126,3.9067500000000646,-4.464999999999992,0.05751732549947997,0.03835011965407238,0.1534144412503246,11.40007,0,1
570,-8.527851,-4.766221,-19.54485,-0.6784030225319635,-0.12080099195473278,3.0303785283234626,6.697299999999543,2.2323999999998727,-4.464499999999792,-0.019172441833158287,0.019174187162408162,0.17252579655960776,11.42007,0,1
571,-8.393907,-4.732734,-19.65648,-0.6791699202052899,-0.12118447569798096,3.0334468171484685,6.697200000000124,1.674350000000038,-5.581500000000025,-0.03834488366631998,-0.019174187162409866,0.1534144412503024,11.44007,0,1
572,-8.259961,-4.71041,-19.7681,-0.6803204412482045,-0.1219514780910624,3.0365151059734745,6.697300000000138,1.116199999999991,-5.581000000000222,-0.05752605214573004,-0.03835011965407238,0.1534144412503024,11.46007,0,1
573,-8.14834,-4.688086,-19.87972,-0.6810875134544561,-0.12233496183431058,3.039199422363042,5.581050000000184,1.1162000000000354,-5.581000000000044,-0.03835361031258115,-0.019174187162409866,0.13421581947837,11.48007,0,1
574,-8.025557,-4.6546,-20.01366,-0.6818544111277823,-0.1219514780910624,3.0411175392109837,6.139150000000135,1.674300000000031,-6.697000000000274,-0.03834488366631443,0.019174187162409866,0.0959058423970947,11.50007,0,1
575,-8.003232,-4.643437,-20.05831,-0.6814709622911191,-0.1219514780910624,3.041883738752609,1.1162499999998545,0.5581499999999974,-2.232499999999709,0.019172441833158287,0.0,0.038309977081271894,11.52007,0,1
576,-7.93626,-4.587627,-20.15877,-0.6810875134544561,-0.12080099195473278,3.042267711188048,3.3486000000001064,2.790500000000022,-5.023000000000196,0.01917244183315444,0.05752430681648225,0.0191986217719324,11.54007,0,1
577,-7.869287,-4.542978,-20.25923,-0.6799369924115414,-0.12003398956165134,3.041883738752609,3.348650000000069,2.2324500000000778,-5.023000000000018,0.05752605214573559,0.03835011965407238,-0.0191986217719324,11.56007,0,1
578,-7.813477,-4.487168,-20.35969,-0.6787864713686266,-0.11850001968207352,3.041883738752609,2.789105447276233,2.789105447276233,-5.020489755122283,0.057497303493990126,0.07666016389693897,0.0,11.58008,0,1
579,-7.746504,-4.431357,-20.46015,-0.677635950325712,-0.11696603234920319,3.041883738752609,3.348650000000069,2.790550000000029,-5.023000000000018,0.05752605214573004,0.07669936664351809,0.0,11.60008,0,1
580,-7.668369,-4.364385,-20.56061,-0.6761019804461341,-0.11504856127308465,3.042267711188048,3.9067500000000646,3.348600000000062,-5.023000000000196,0.07669849397889558,0.09587355380592934,0.0191986217719324,11.62008,0,1
581,-7.556748,-4.275088,-20.69455,-0.6738011128932301,-0.1123640878038847,3.0426516836234865,5.58105000000014,4.464850000000104,-6.697000000000096,0.11504337764520446,0.13422367346000033,0.0191986217719324,11.64008,0,1
582,-7.489775,-4.219277,-20.76152,-0.6722671430136523,-0.11083011792430689,3.0426516836234865,3.3486499999997714,2.7905499999998256,-3.3484999999998393,0.07669849397888322,0.0766984939788853,0.0,11.66008,0,1
583,-7.378154,-4.118818,-20.86198,-0.6703495497644861,-0.10852914565164765,3.0426516836234865,5.581050000000095,5.0229500000001,-5.023000000000018,0.09587966245831119,0.1150486136329645,0.0,11.68008,0,1
584,-7.266533,-4.018359,-20.9736,-0.6688155798849083,-0.10546117098590697,3.042267711188048,5.58105000000014,5.0229500000001,-5.581000000000222,0.07669849397889558,0.15339873328703688,-0.0191986217719324,11.70008,0,1
585,-7.14375,-3.906738,-21.07406,-0.668048682211582,-0.10200973003021062,3.04149976631717,6.139150000000135,5.58105000000014,-5.023000000000018,0.03834488366631443,0.17257204778482146,-0.038397243543887,11.72008,0,1
586,-6.998642,-3.761631,-21.21917,-0.6665147123320041,-0.09740778548489214,3.039199422363042,7.255399999999489,7.255349999999504,-7.255499999999459,0.07669849397888877,0.23009722726590853,-0.11501719770640519,11.74008,0,1
587,-6.875859,-3.661172,-21.33079,-0.6653641912890895,-0.09433981081915147,3.036899078408913,6.139150000000135,5.0229500000001,-5.581000000000222,0.05752605214573004,0.15339873328703688,-0.1150171977064376,11.76008,0,1
588,-6.741914,-3.560713,-21.45358,-0.6649807424524262,-0.09165535480324401,3.0338307895839076,6.697250000000131,5.022950000000122,-6.139500000000051,0.019172441833165542,0.13422280079537574,-0.1534144412502802,11.78008,0,1
589,-6.552158,-3.426768,-21.59868,-0.6645971190828379,-0.08897088133404406,3.031528700300527,9.487800000000204,6.697250000000131,-7.255000000000299,0.01918116847941561,0.13422367346000033,-0.1151044641690271,11.80008,0,1
590,-6.429375,-3.370957,-21.67682,-0.6649807424524262,-0.08858739759079587,3.030762500758901,6.1391499999995895,2.7905499999998034,-3.906999999999619,-0.019181168479413906,0.019174187162408162,-0.0383099770812941,11.82008,0,1
591,-6.261943,-3.292822,-21.7996,-0.6653641912890895,-0.08858739759079587,3.0303785283234626,8.371600000000212,3.9067500000000868,-6.139000000000247,-0.019172441833165542,0.0,-0.0191986217719324,11.84008,0,1
592,-6.094512,-3.248174,-21.92238,-0.6668981611686673,-0.08897088133404406,3.0292283563463984,8.37155000000016,2.2324000000000486,-6.1390000000000695,-0.07669849397889003,-0.019174187162409866,-0.0575085988532077,11.86008,0,1
593,-5.938242,-3.214688,-22.034,-0.6684321310482452,-0.08973788372712549,3.0261600675213924,7.8135000000001735,1.674300000000031,-5.581000000000044,-0.07669849397889558,-0.03835011965407238,-0.1534144412503024,11.88008,0,1
594,-5.826621,-3.214688,-22.13446,-0.6711166219707376,-0.08973788372712549,3.019641262765193,5.5810499999996,0.0,-5.022999999999749,-0.1342245461246137,0.0,-0.32594023780994097,11.90008,0,1
595,-5.748487,-3.22585,-22.23492,-0.6738011128932301,-0.08897088133404406,3.0089039972069243,3.906700000000102,-0.5580999999999955,-5.023000000000018,-0.13422454612462562,0.03835011965407238,-0.5368632779134578,11.92008,0,1
596,-5.703838,-3.270498,-22.33538,-0.677635950325712,-0.08820389639425515,2.9958646423652744,2.2324500000000334,-2.2324000000000486,-5.023000000000196,-0.19174187162410003,0.0383492469894464,-0.6519677420825071,11.94008,0,1
597,-5.670352,-3.315146,-22.41352,-0.6814709622911191,-0.08897088133404406,2.987427720761134,1.674300000000031,-2.2324000000000486,-3.9069999999999663,-0.1917505982703612,-0.0383492469894464,-0.4218460802070202,11.96008,0,1
598,-5.614541,-3.382119,-22.50281,-0.6864563207665157,-0.09203885599978473,2.982825287523625,2.7905500000000734,-3.348650000000069,-4.464500000000188,-0.24926792376983561,-0.15339873328703688,-0.2301216618754647,11.98008,0,1
599,-5.536406,-3.471416,-22.59211,-0.6929758236544155,-0.09740778548489214,2.9824413150881863,3.9067499999997173,-4.464849999999708,-4.464999999999773,-0.32597514439496345,-0.26844647425535223,-0.019198621771930692,12.00008,0,1
600,-5.469434,-3.571875,-22.68141,-0.699495326542315,-0.10316021616654024,2.982825287523625,3.3469265367318037,-5.02043978011014,-4.46276861569223,-0.32581223827585504,-0.28747779518482425,0.01918902725830361,12.02009,0,1
601,-5.447109,-3.694658,-22.75954,-0.7063981037339525,-0.10584467218244768,2.981291143111122,1.116249999999998,-6.139150000000135,-3.906500000000163,-0.3451388595818801,-0.13422280079537505,-0.0767072206251401,12.04009,0,1
602,-5.469434,-3.817441,-22.84884,-0.7136845042951785,-0.10584467218244768,2.976690455202865,-1.116249999999899,-6.1391499999995895,-4.464999999999596,-0.36432002806127445,0.0,-0.23003439541285478,12.06009,0,1
603,-5.491758,-3.940225,-22.92697,-0.7209709048564045,-0.10546117098590697,2.9720880219653556,-1.1162000000000354,-6.13920000000012,-3.906500000000163,-0.3643200280613068,0.019175059827035844,-0.2301216618754647,12.08009,0,1
604,-5.514082,-4.063008,-23.01627,-0.7286409287872186,-0.10584467218244768,2.9694037055757887,-1.1162000000000354,-6.139150000000135,-4.464999999999992,-0.38350119654071685,-0.019175059827035844,-0.1342158194783478,12.10009,0,1
605,-5.547568,-4.152305,-23.10557,-0.7355437059788562,-0.10584467218244768,2.967101616292408,-1.674300000000031,-4.464850000000104,-4.4650000000001695,-0.34513885958188567,0.0,-0.1151044641690271,12.12009,0,1
606,-5.592217,-4.23044,-23.19486,-0.7420632088667559,-0.10431070230286986,2.9632671279257767,-2.2324499999998353,-3.9067499999997173,-4.464499999999615,-0.32597514439496345,0.07669849397888599,-0.19172441833156068,12.14009,0,1
607,-5.659189,-4.28625,-23.28416,-0.7481990883850672,-0.100859243893881,2.9563643507341393,-3.348600000000062,-2.7905000000000664,-4.4650000000001695,-0.3067939759155712,0.17257292044944675,-0.3451388595818801,12.16009,0,1
608,-5.748487,-4.342061,-23.38462,-0.7535680702300521,-0.0958737981520218,2.9475434566945595,-4.464900000000111,-2.7905500000000734,-5.023000000000196,-0.26844909224925123,0.2492722870929655,-0.441044701978997,12.18009,0,1
609,-5.837783,-4.386709,-23.47392,-0.7585534287054487,-0.09088836986345511,2.937956363113355,-4.464800000000097,-2.2324000000000264,-4.464999999999992,-0.24926792376983561,0.24927141442833953,-0.4793546790602279,12.20009,0,1
610,-5.92708,-4.453681,-23.56321,-0.7635389617137706,-0.08666990906138482,2.929519441509214,-4.464849999999708,-3.3485999999997644,-4.464499999999792,-0.24927665041607466,0.21092304010350038,-0.42184608020702713,12.22009,0,1
611,-6.005215,-4.520654,-23.67483,-0.7689079435587555,-0.08245146571260704,2.9214664923405125,-3.9067500000000646,-3.3486500000001134,-5.581000000000044,-0.26844909224925123,0.21092216743889314,-0.4026474584350878,12.24009,0,1
612,-6.105674,-4.632276,-23.81994,-0.7769612417933076,-0.07746603742404036,2.9114954263238686,-5.0229500000001,-5.581100000000102,-7.255500000000103,-0.4026649117276157,0.24927141442833953,-0.49855330083220467,12.26009,0,1
613,-6.127998,-4.688086,-23.88691,-0.7815631514320411,-0.07516506515138112,2.906510765980173,-1.1162000000000354,-2.7905000000000664,-3.348500000000137,-0.2300954819366812,0.1150486136329645,-0.24923301718478538,12.28009,0,1
614,-6.161484,-4.788545,-23.99854,-0.7880826543199407,-0.07133010554585154,2.900374188330161,-1.6742999999998822,-5.022949999999653,-5.581499999999529,-0.3259751443949579,0.19174798027646625,-0.30682888250057755,12.30009,0,1
615,-6.206133,-4.877842,-24.08783,-0.7946019826749152,-0.06749516339361447,2.895389527986465,-2.2324500000000778,-4.464850000000104,-4.464500000000188,-0.3259664177487312,0.1917471076118573,-0.2492330171848076,12.32009,0,1
616,-6.250781,-4.978301,-24.18829,-0.8003544133565633,-0.06289321884829599,2.8896369227718917,-2.2324000000000264,-5.0229500000001,-5.023000000000018,-0.2876215340824112,0.230097227265929,-0.28763026072867237,12.34009,0,1
617,-6.306592,-5.07876,-24.27759,-0.8057233952015482,-0.05790777310643678,2.881582228273938,-2.7905500000000734,-5.0229500000001,-4.4650000000001695,-0.26844909224925123,0.24927228709296587,-0.4027347248976995,12.36009,0,1
618,-6.373564,-5.179219,-24.36688,-0.8107089282098701,-0.052922344817870094,2.871612907586546,-3.348600000000062,-5.0229500000001,-4.464500000000011,-0.24927665041609678,0.24927141442833953,-0.49846603436959297,12.38009,0,1
619,-6.451699,-5.279678,-24.44502,-0.8156942866852667,-0.0479368990760109,2.8620240686760896,-3.9067499999997173,-5.022949999999653,-3.9069999999997966,-0.2492679237698135,0.24927228709294302,-0.479441945522797,12.40009,0,1
620,-6.518672,-5.380136,-24.51199,-0.8206796451606632,-0.04448544066702203,2.854355091942826,-3.348650000000069,-5.022900000000138,-3.348500000000137,-0.24926792376983006,0.17257292044944708,-0.3834488366631776,12.42009,0,1
621,-6.56332,-5.480596,-24.57896,-0.8256651781689851,-0.04295147078744421,2.849752658705317,-2.2324000000000708,-5.023000000000107,-3.348499999999959,-0.24927665041610234,0.07669849397889246,-0.2301216618754647,12.44009,0,1
622,-6.585645,-5.569892,-24.62361,-0.8295001901343922,-0.04333495453069241,2.8478345418573756,-1.115692153923003,-4.4625687156419644,-2.231384307846006,-0.19165477088490535,-0.01916460485997888,-0.09585791344034562,12.4601,0,1
623,-6.596807,-5.648027,-24.64594,-0.83103416001397,-0.04448544066702203,2.8478345418573756,-0.5580999999999955,-3.9067500000000646,-1.116500000000033,-0.07669849397889003,-0.05752430681648225,0.0,12.4801,0,1
624,-6.607969,-5.703838,-24.64594,-0.8302670878077185,-0.04640291174314056,2.8493686862698784,-0.5580999999999955,-2.7905500000000734,0.0,0.0383536103125756,-0.09587355380592864,0.0767072206251401,12.5001,0,1
625,-6.619131,-5.726162,-24.62361,-0.8283496690914776,-0.0479368990760109,2.8505206035761947,-0.5581000000000399,-1.1162000000000354,1.116500000000033,0.09587093581205001,-0.07669936664351844,0.0575958653158194,12.5201,0,1
626,-6.641455,-5.748487,-24.59013,-0.8264320758423114,-0.0487038840157998,2.8516707755532593,-1.116199999999892,-1.116249999999899,1.673999999999929,0.09587966245830268,-0.03834924698944265,0.0575085988532248,12.5401,0,1
627,-6.652617,-5.748487,-24.5678,-0.8241312082894072,-0.04947088640888123,2.852436975094885,-0.5581000000000399,0.0,1.116500000000033,0.11504337764521001,-0.03835011965407238,0.0383099770812753,12.5601,0,1
628,-6.652617,-5.748487,-24.55664,-0.8225972384098293,-0.04947088640888123,2.8528209475303234,0.0,0.0,0.5579999999998483,0.07669849397889558,0.0,0.0191986217719324,12.5801,0,1
629,-6.663779,-5.748487,-24.54548,-0.8214467173669148,-0.04908738521234052,2.853204919965762,-0.5580999999999955,0.0,0.5580000000000259,0.05752605214573004,0.01917505982703619,0.0191986217719324,12.6001,0,1
630,-6.663779,-5.748487,-24.54548,-0.8195292986506738,-0.0487038840157998,2.853587147071949,0.0,0.0,0.0,0.09587093581204151,0.019175059827034487,0.019111355309341202,12.6201,0,1
631,-6.686103,-5.759648,-24.51199,-0.8141603168056889,-0.04755339787947018,2.854355091942826,-1.1162000000000354,-0.5580500000000329,1.674500000000059,0.26844909224925123,0.05752430681648225,0.0383972435438648,12.6401,0,1
632,-6.708428,-5.748487,-24.45618,-0.8011214855628148,-0.044868941863562745,2.8562714634615163,-1.116249999999998,0.5580500000000329,2.790500000000111,0.651941562143718,0.1342228007953747,0.0958185759345052,12.6601,0,1
633,-6.71959,-5.748487,-24.40037,-0.7873155821136892,-0.04218446839436279,2.858189580309458,-0.5581000000000399,0.0,2.790500000000111,0.6902951724562937,0.1342236734600007,0.0959058423970947,12.6801,0,1
634,-6.730752,-5.748487,-24.37805,-0.7792622838791371,-0.04103398225803317,2.8589575251803354,-0.558099999999946,0.0,1.1159999999997752,0.4026649117275799,0.05752430681647713,0.038397243543861384,12.7001,0,1
635,-6.753076,-5.737324,-24.35572,-0.7742767508708152,-0.03911651118191463,2.8589575251803354,-1.1162000000000354,0.5581500000000025,1.116500000000033,0.24927665041610234,0.09587355380592899,0.0,12.7201,0,1
636,-6.753076,-5.737324,-24.35572,-0.7731264043608258,-0.03796602504558501,2.8589575251803354,0.0,0.0,0.0,0.05751732549946887,0.05752430681648225,0.0,12.7401,0,1
637,-6.764238,-5.737324,-24.35572,-0.7727427809912375,-0.03604855396946648,2.858189580309458,-0.5580999999999955,0.0,0.0,0.01918116847941561,0.0958735538059283,-0.0383972435438648,12.7601,0,1
638,-6.764238,-5.737324,-24.35572,-0.7727427809912375,-0.03413106544005543,2.857039408332394,0.0,0.0,0.0,0.0,0.09587442647055462,-0.0575085988532077,12.7801,0,1
639,-6.764238,-5.737324,-24.35572,-0.7731264043608258,-0.032597095560477615,2.8562714634615163,0.0,0.0,0.0,-0.019181168479413906,0.07669849397888565,-0.03839724354388359,12.8001,0,1
640,-6.764238,-5.737324,-24.36688,-0.7731264043608258,-0.031446609424147995,2.8551212914844517,0.0,0.0,-0.5579999999998483,0.0,0.05752430681648225,-0.057508598853229904,12.8201,0,1
641,-6.764238,-5.748487,-24.36688,-0.7731264043608258,-0.029912622091277655,2.8539711195073876,0.0,-0.5581500000000025,0.0,0.0,0.0766993666435186,-0.0575085988532077,12.8401,0,1
642,-6.7754,-5.748487,-24.36688,-0.7731264043608258,-0.02761164981861841,2.8520530026594457,-0.5581000000000399,0.0,0.0,0.0,0.11504861363296466,-0.0959058423970947,12.8601,0,1
643,-6.7754,-5.748487,-24.36688,-0.7731264043608258,-0.023776707666381354,2.848602486728253,0.0,0.0,0.0,0.0,0.19165128197085812,-0.17243957677124763,12.88011,0,1
644,-6.786562,-5.748487,-24.36688,-0.7731264043608258,-0.018407778181273957,2.843616081055305,-0.5580999999999955,0.0,0.0,0.0,0.26844647425537554,-0.24932028364739708,12.90011,0,1
645,-6.7754,-5.759648,-24.35572,-0.7735098531974889,-0.013422332439414753,2.839015393147048,0.5580999999999955,-0.5580500000000329,0.5579999999998483,-0.01917244183315444,0.2492722870929655,-0.230034395412853,12.92011,0,1
646,-6.764238,-5.759648,-24.3334,-0.7731264043608258,-0.010354369990978843,2.835947104322042,0.5580999999999904,0.0,1.1159999999999528,0.019172441833152736,0.15339812242178516,-0.15341444125028877,12.94011,0,1
647,-6.741914,-5.759648,-24.29991,-0.7727427809912375,-0.008053399463648851,2.8344129599095393,1.116199999999991,0.0,1.674500000000059,0.01918116847941561,0.11504852636650204,-0.0767072206251401,12.96011,0,1
648,-6.708428,-5.770811,-24.25526,-0.7712088111116596,-0.006902913327319229,2.8344129599095393,1.6743000000000754,-0.5581500000000025,2.2325000000000847,0.07669849397889558,0.05752430681648233,0.0,12.98011,0,1
649,-6.663779,-5.770811,-24.19945,-0.7696748412320817,-0.006519419112095523,2.8355631318866035,2.2324500000000334,0.0,2.790500000000111,0.07669849397889558,0.019174710761185702,0.0575085988532077,13.00011,0,1
650,-6.607969,-5.781973,-24.11016,-0.7669903503095893,-0.006135923151542565,2.8367133038636676,2.7904999999998186,-0.558099999999946,4.464499999999615,0.1342245461246137,0.01917479802764663,0.05750859885320259,13.02011,0,1
651,-6.574482,-5.781973,-24.06551,-0.7658398292666746,-0.0053689329757659,2.8370972762991062,1.674350000000038,0.0,2.2325000000000847,0.05752605214573559,0.03834950878883404,0.0191986217719324,13.04011,0,1
652,-6.529834,-5.781973,-23.98737,-0.7639224105504338,-0.0038349526242125722,2.8370972762991062,2.2324000000000264,0.0,3.907000000000144,0.09587093581204446,0.07669901757766803,0.0,13.06011,0,1
653,-6.474023,-5.793135,-23.90924,-0.7623884406708559,-0.00268446648788295,2.8367133038636676,2.7905500000000734,-0.5581000000000399,3.906499999999985,0.07669849397889558,0.05752430681648233,-0.0191986217719324,13.08011,0,1
654,-6.395889,-5.804297,-23.8311,-0.760854470791278,-0.00268446648788295,2.8367133038636676,3.9066999999997103,-0.558099999999946,3.9069999999997966,0.07669849397888877,0.0,0.0,13.10011,0,1
655,-6.317754,-5.826621,-23.74181,-0.7600873985850265,-0.0030679624484359082,2.8370972762991062,3.906750000000109,-1.1162000000000354,4.464500000000011,0.0383536103125756,-0.019174798027648314,0.0191986217719324,13.12011,0,1
656,-6.228457,-5.837783,-23.64135,-0.7589370520750371,-0.0030679624484359082,2.837865221169984,4.464850000000104,-0.5580999999999955,5.023000000000196,0.05751732549946887,0.0,0.038397243543887,13.14011,0,1
657,-6.150322,-5.848945,-23.55205,-0.757019458825871,-0.0023009705273299924,2.8382474482761704,3.9067500000000646,-0.5580999999999955,4.464999999999992,0.09587966245831119,0.03834959605529661,0.019111355309320694,13.16011,0,1
658,-6.072187,-5.860107,-23.46275,-0.7547185912729668,-0.0015339808751521037,2.839397620253235,3.9067499999997617,-0.5580999999999904,4.464999999999773,0.11504337764519978,0.03834948260889185,0.0575085988532248,13.18011,0,1
659,-5.982891,-5.87127,-23.38462,-0.7524175491871374,-0.0011504856127308467,2.840931764665738,4.464800000000053,-0.5581500000000025,3.906499999999985,0.11505210429147118,0.019174763121063258,0.0767072206251623,13.20011,0,1
660,-5.882432,-5.882432,-23.29532,-0.7505001304708965,-0.0011504856127308467,2.842465909078241,5.022950000000145,-0.5580999999999955,4.4650000000001695,0.09587093581205001,0.0,0.0767072206251401,13.22011,0,1
661,-5.781973,-5.893594,-23.21719,-0.7497330582646449,-0.0015339808751521037,2.844384025926183,5.0229500000001,-0.5581000000000399,3.906500000000163,0.03835361031258115,-0.019174763121063258,0.0959058423970947,13.24011,0,1
662,-5.659189,-5.904756,-23.13905,-0.7493496094279818,-0.0019174763121062861,2.84706834231575,6.139200000000142,-0.5580999999999955,3.9069999999999663,0.01917244183315444,-0.01917477184770953,0.13421581947837,13.26011,0,1
663,-5.547568,-5.92708,-23.07208,-0.7493496094279818,-0.0030679624484359082,2.849752658705317,5.5810499999996,-1.1161999999999364,3.3484999999998393,0.0,-0.05752430681647722,0.13421581947833588,13.28011,0,1
664,-5.424785,-5.938242,-22.99395,-0.7485827117546555,-0.004601942799989237,2.852436975094885,6.139150000000135,-0.5580999999999955,3.906499999999985,0.03834488366631443,-0.07669901757766806,0.1342158194783922,13.30011,0,1
665,-5.302002,-5.960567,-22.92697,-0.7474321907117409,-0.006135923151542565,2.8547390643782653,6.136081959020741,-1.115692153923102,3.3473263368317654,0.05749730349398413,-0.07666068723405246,0.11504694069867993,13.32012,0,1
666,-5.145732,-5.971728,-22.81535,-0.7462816696688261,-0.008053399463648851,2.8585735527448968,7.813499999999479,-0.558049999999939,5.580999999999726,0.05752605214573603,-0.09587381560530786,0.19172441833156068,13.34012,0,1
667,-5.011787,-5.982891,-22.74838,-0.7458982208321631,-0.00958737981520218,2.8612578691344637,6.697250000000131,-0.5581500000000469,3.348499999999959,0.01917244183315444,-0.07669901757766807,0.1342158194783478,13.36012,0,1
668,-4.877842,-5.994053,-22.67024,-0.7451311486259115,-0.011121360166755507,2.8639421855240315,6.697250000000131,-0.5580999999999955,3.907000000000144,0.03835361031258115,-0.07669901757766799,0.1342158194783922,13.38012,0,1
669,-4.755059,-6.005215,-22.60327,-0.7432137299096706,-0.01227184630308513,2.8662425294781597,6.139150000000135,-0.5580999999999955,3.348500000000137,0.09587093581204446,-0.05752430681648233,0.1150171977064154,13.40012,0,1
670,-4.643437,-6.016377,-22.52514,-0.7409126878238412,-0.012655342263638087,2.868160646326101,5.581099999999651,-0.5580999999999904,3.906499999999638,0.11505210429146095,-0.01917479802764659,0.09590584239706398,13.42012,0,1
671,-4.520654,-6.016377,-22.447,-0.7382281969013487,-0.012655342263638087,2.869694790738605,6.1391500000000905,0.0,3.907000000000144,0.13422454612463117,0.0,0.07670722062518451,13.44012,0,1
672,-4.386709,-6.027539,-22.39119,-0.736694227021771,-0.013422332439414753,2.8723791071281717,6.697250000000175,-0.5580999999999955,2.790499999999933,0.07669849397888448,-0.03834950878883413,0.1342158194783478,13.46012,0,1
673,-4.241601,-6.038701,-22.33538,-0.7370778503913593,-0.014956312790968079,2.8758296230593645,7.255400000000133,-0.5580999999999955,2.790500000000111,-0.01918116847941561,-0.07669901757766791,0.17252579655964528,13.48012,0,1
674,-4.096494,-6.049863,-22.29073,-0.7374612992280224,-0.016873789103074365,2.879281884319809,7.255349999999527,-0.5580999999999904,2.2324999999998867,-0.019172441833152736,-0.09587381560530786,0.17261306302221946,13.50012,0,1
675,-3.951387,-6.061026,-22.23492,-0.7374612992280224,-0.01802427698473324,2.8823501731448156,7.255350000000148,-0.5581500000000025,2.790500000000111,0.0,-0.05752439408294505,0.1534144412503246,13.52012,0,1
676,-3.806279,-6.061026,-22.17911,-0.736694227021771,-0.018407778181273957,2.884650517098944,7.255400000000155,0.0,2.790499999999933,0.03835361031257005,-0.01917505982703619,0.1150171977064154,13.54012,0,1
677,-3.661172,-6.072187,-22.13446,-0.7363107781851078,-0.019174763121062862,2.888102778359389,7.255350000000148,-0.5580499999999885,2.2325000000000847,0.01917244183315999,-0.038349246989446056,0.172613063022257,13.56012,0,1
678,-3.504902,-6.08335,-22.10098,-0.7363107781851078,-0.02070873300064068,2.8919372667260204,7.813499999999479,-0.5581499999999974,1.673999999999929,0.0,-0.07669849397888565,0.19172441833156068,13.58012,0,1
679,-3.348633,-6.094512,-22.05633,-0.7359273293484445,-0.022242720333511014,2.8961557275280905,7.8134500000001665,-0.5580999999999955,2.2325000000000847,0.019172441833165542,-0.07669936664351844,0.2109230401035101,13.60012,0,1
680,-3.214688,-6.094512,-22.02284,-0.7347768083055299,-0.02339320646984064,2.899224016353097,6.697250000000131,0.0,1.674500000000059,0.05752605214573004,-0.05752430681648242,0.1534144412503246,13.62012,0,1
681,-3.114228,-6.105674,-22.00052,-0.7336262872626153,-0.023776707666381354,2.901524360307225,5.023000000000107,-0.5580999999999955,1.1159999999998742,0.05752605214573559,-0.01917505982703619,0.1150171977064154,13.64012,0,1
682,-2.980283,-6.105674,-21.96703,-0.7320923173830375,-0.02454369260617026,2.904592649132231,6.697250000000153,0.0,1.674500000000059,0.07669849397889003,-0.038349246989446056,0.1534144412503024,13.66012,0,1
683,-2.846338,-6.105674,-21.93354,-0.7309417963401228,-0.025310677545959167,2.907660937957237,6.697249999999558,0.0,1.6744999999999102,0.05752605214573048,-0.03834924698944282,0.15341444125028877,13.68012,0,1
684,-2.712393,-6.116836,-21.90006,-0.7286409287872186,-0.02569417874249988,2.909961281911366,6.697250000000131,-0.5581000000000399,1.6740000000000779,0.11504337764521001,-0.019175059827036017,0.1150171977064376,13.70012,0,1
685,-2.567285,-6.116836,-21.85541,-0.7240390191484852,-0.024927193802710974,2.9118793987593077,7.255400000000155,0.0,2.2325000000000847,0.23009548193667564,0.038349246989446056,0.0959058423970947,13.72012,0,1
686,-2.455664,-6.116836,-21.83309,-0.7202040071830782,-0.024160191409629547,2.9137957702779977,5.5810500000001175,0.0,1.1160000000000518,0.19175059827035565,0.03835011965407221,0.0958185759345052,13.74012,0,1
687,-2.344043,-6.116836,-21.81076,-0.7175195162605856,-0.023776707666381354,2.9168640591030033,5.578260869564945,0.0,1.1159420289854622,0.13415746739092632,0.019164604859978708,0.15333777236408744,13.76013,0,1
688,-2.176611,-6.116836,-21.7996,-0.7156020975443447,-0.023776707666381354,2.921082519905074,8.371600000000191,0.0,0.5579999999998483,0.09587093581205001,0.0,0.2109230401035323,13.78013,0,1
689,-2.098477,-6.127998,-21.78844,-0.7148350253380932,-0.023776707666381354,2.9226166643175766,3.9067000000000798,-0.5580999999999955,0.5580000000000259,0.0383536103125756,0.0,0.0767072206251401,13.80013,0,1
690,-1.975693,-6.127998,-21.78844,-0.7121505344156007,-0.023776707666381354,2.9245347811655185,6.139199999999586,0.0,0.0,0.1342245461246137,0.0,0.09590584239708619,13.82013,0,1
691,-1.85291,-6.13916,-21.77728,-0.7086991458197819,-0.02339320646984064,2.9260689255780212,6.139150000000124,-0.5581000000000399,0.5580000000000259,0.1725694297909456,0.01917505982703619,0.0767072206251401,13.84013,0,1
692,-1.730127,-6.13916,-21.76611,-0.7056312060606262,-0.023009705273299923,2.92836926953215,6.139150000000135,0.0,0.558500000000007,0.1533969879577856,0.01917505982703619,0.1150171977064376,13.86013,0,1
693,-1.596182,-6.13916,-21.77728,-0.70371361281146,-0.02339320646984064,2.931437558357156,6.697250000000142,0.0,-0.558500000000007,0.09587966245831119,-0.01917505982703619,0.1534144412503024,13.88013,0,1
694,-1.462236,-6.13916,-21.78844,-0.7033301639747969,-0.024160191409629547,2.9352720467237874,6.697299999999543,0.0,-0.5579999999999764,0.019172441833158287,-0.03834924698944282,0.19172441833156068,13.90013,0,1
695,-1.328291,-6.13916,-21.7996,-0.7029467151381338,-0.024927193802710974,2.938724307984232,6.697250000000142,0.0,-0.5580000000000259,0.01917244183315444,-0.03835011965407221,0.1726130630222348,13.92013,0,1
696,-1.194346,-6.13916,-21.82192,-0.7021796429318823,-0.025310677545959167,2.942558796350864,6.697250000000153,0.0,-1.1159999999998742,0.0383536103125756,-0.01917418716241004,0.1917244183315999,13.94013,0,1
697,-1.049238,-6.13916,-21.83309,-0.7010292964218928,-0.02569417874249988,2.9463932847174954,7.255400000000155,0.0,-0.558500000000007,0.05751732549947442,-0.019175059827036017,0.1917244183315777,13.96013,0,1
698,-0.8818066,-6.150322,-21.86657,-0.7006456730523044,-0.02646116368228879,2.950611745519566,8.37156999999943,-0.558099999999946,-1.673999999999929,0.019181168479419457,-0.038349246989442996,0.21092304010351356,13.98013,0,1
699,-0.7255371,-6.161484,-21.90006,-0.7002622242156413,-0.027995151015159127,2.9552141787570747,7.813475000000164,-0.5580999999999955,-1.674500000000059,0.01917244183315444,-0.07669936664351844,0.2301216618754425,14.00013,0,1
700,-0.5692676,-6.161484,-21.93354,-0.6998787753789781,-0.029145637151488747,2.959432639559145,7.81347500000017,0.0,-1.6740000000000779,0.01917244183315999,-0.05752430681648225,0.2109230401035101,14.02013,0,1
701,-0.4129981,-6.161484,-21.96703,-0.699495326542315,-0.029912622091277655,2.9636511003612154,7.8134750000001665,0.0,-1.674500000000059,0.01917244183315444,-0.03834924698944623,0.2109230401035323,14.04013,0,1
702,-0.2790527,-6.172647,-22.00052,-0.699495326542315,-0.031063108227607276,2.9686357607049114,6.697270000000143,-0.5581500000000469,-1.674500000000059,0.0,-0.05752430681648225,0.2492330171848076,14.06013,0,1
703,-0.1339453,-6.172647,-22.04517,-0.7002622242156413,-0.03298057930372581,2.97323819394242,7.25536999999951,0.0,-2.232499999999709,-0.03834488366631102,-0.0958735538059203,0.23012166187542205,14.08013,0,1
704,-0.01116211,-6.183809,-22.08982,-0.7002622242156413,-0.034898067833136856,2.9778406271799294,6.13915950000013,-0.5580999999999955,-2.2325000000000847,0.0,-0.09587442647055427,0.2301216618754647,14.10013,0,1
705,0.100459,-6.183809,-22.13446,-0.699495326542315,-0.03604855396946648,2.981291143111122,5.58105550000012,0.0,-2.2320000000001037,0.03834488366631443,-0.057524306816482594,0.17252579655964528,14.12013,0,1
706,0.1897559,-6.183809,-22.16795,-0.6983448054994004,-0.03681553890925539,2.9851273768070055,4.464845000000095,0.0,-1.674500000000059,0.05752605214573559,-0.038349246989446056,0.1918116847941672,14.14013,0,1
707,0.2902148,-6.183809,-22.2126,-0.6987282543360634,-0.03758252384904429,2.988961865173637,5.022944999999661,0.0,-2.232499999999709,-0.019172441833152736,-0.03834924698944265,0.19172441833156068,14.16013,0,1
708,0.3906738,-6.183809,-22.26841,-0.6998787753789781,-0.03911651118191463,2.993564298411146,5.022950000000108,0.0,-2.790500000000111,-0.05752605214573559,-0.07669936664351844,0.2301216618754647,14.18013,0,1
709,0.4911328,-6.183809,-22.32422,-0.7021796429318823,-0.040650498514784965,2.998164986319403,5.020439780110145,0.0,-2.7891054472765253,-0.11498588470286075,-0.07666103612545716,0.22991943569500983,14.20014,0,1
710,0.5804297,-6.183809,-22.38003,-0.7044806850177117,-0.042567969590903504,3.002383447121473,4.464844999999702,0.0,-2.790499999999863,-0.11505210429146095,-0.09587355380592048,0.21092304010349136,14.22014,0,1
711,0.6697266,-6.183809,-22.43584,-0.7060146548972893,-0.04333495453069241,3.0058357083819183,4.46484500000009,0.0,-2.790499999999933,-0.07669849397888448,-0.038349246989446056,0.172613063022257,14.24014,0,1
712,0.7590234,-6.183809,-22.49165,-0.7067817271035409,-0.04333495453069241,3.0081360523360465,4.464840000000098,0.0,-2.790500000000111,-0.03835361031258115,0.0,0.1150171977064154,14.26014,0,1
713,0.8594824,-6.183809,-22.55862,-0.7067817271035409,-0.04333495453069241,3.010054169183989,5.0229500000001055,0.0,-3.348500000000137,0.0,0.0,0.0959058423971169,14.28014,0,1
714,0.9711035,-6.183809,-22.61443,-0.7075486247768672,-0.043718455727233124,3.0131224580089944,5.581054999999624,0.0,-2.7904999999996853,-0.03834488366631102,-0.019175059827034487,0.15341444125026657,14.30014,0,1
715,1.082725,-6.183809,-22.68141,-0.7086991458197819,-0.04525242560681094,3.0177231459172518,5.581075000000116,0.0,-3.349000000000118,-0.05752605214573559,-0.07669849397889246,0.2300343954128752,14.32014,0,1
716,1.205508,-6.183809,-22.74838,-0.7102331156993597,-0.04716991413622199,3.0227095515901996,6.139150000000135,0.0,-3.348500000000137,-0.07669849397889003,-0.09587442647055462,0.24932028364739708,14.34014,0,1
717,1.317129,-6.172647,-22.81535,-0.7113836367422743,-0.0487038840157998,3.02692801239227,5.5810500000001175,0.5580999999999955,-3.348499999999959,-0.05752605214573559,-0.07669849397889211,0.2109230401035323,14.36014,0,1
718,1.417588,-6.172647,-22.89349,-0.7110000133726859,-0.04947088640888123,3.0299963012172757,5.022949999999665,0.0,-3.9069999999997966,0.019181168479419457,-0.038350119654068975,0.15341444125026657,14.38014,0,1
719,1.506885,-6.161484,-22.96046,-0.7098496668626966,-0.04947088640888123,3.032296645171404,4.4648500000000935,0.5581500000000469,-3.348500000000137,0.05751732549946887,0.0,0.1150171977064154,14.40014,0,1
720,1.596182,-6.161484,-23.02743,-0.7083156969831187,-0.04947088640888123,3.0353649339964104,4.4648500000000935,0.0,-3.348499999999959,0.07669849397889558,0.0,0.1534144412503246,14.42014,0,1
721,1.685479,-6.150322,-23.0944,-0.7079320736135304,-0.05023787134867014,3.039199422363042,4.4648500000000935,0.5580999999999955,-3.348500000000137,0.01918116847941561,-0.038349246989446056,0.1917244183315777,14.44014,0,1
722,1.763613,-6.150322,-23.1837,-0.7083156969831187,-0.05215534242478868,3.043417883165112,3.9066999999997436,0.0,-4.464999999999773,-0.019181168479413906,-0.09587355380592048,0.21092304010349136,14.46014,0,1
723,1.85291,-6.150322,-23.26184,-0.7098496668626966,-0.05445631469744792,3.0472523715317434,4.4648500000000935,0.0,-3.9069999999999663,-0.07669849397889558,-0.1150486136329645,0.1917244183315777,14.48014,0,1
724,1.931045,-6.150322,-23.35113,-0.7113836367422743,-0.057140788166647874,3.0499366879213112,3.9067500000000757,0.0,-4.464500000000188,-0.07669849397889003,-0.1342236734600007,0.1342158194783922,14.50014,0,1
725,2.00918,-6.13916,-23.44043,-0.7121505344156007,-0.05867475804622569,3.0522387772046917,3.906750000000098,0.5580999999999955,-4.464999999999992,-0.03834488366631998,-0.07669849397889246,0.1151044641690271,14.52014,0,1
726,2.098477,-6.13916,-23.55205,-0.7117670855789375,-0.05944176043930712,3.054155148723381,4.464850000000082,0.0,-5.581000000000222,0.01917244183315999,-0.03835011965407238,0.09581857593446079,14.54014,0,1
727,2.154287,-6.127998,-23.60786,-0.7110000133726859,-0.059058259242766406,3.0549230935942586,2.7904999999998186,0.5580999999999904,-2.7904999999996853,0.038353610312577745,0.019175059827034487,0.03839724354388359,14.56014,0,1
728,2.232422,-6.116836,-23.69716,-0.7094660434931083,-0.059058259242766406,3.0572234375483873,3.9067500000000868,0.5580999999999955,-4.4650000000001695,0.07669849397888448,0.0,0.1150171977064376,14.58014,0,1
729,2.310557,-6.116836,-23.79762,-0.7086991458197819,-0.059058259242766406,3.0599077539379542,3.9067500000000868,0.0,-5.023000000000018,0.03834488366631998,0.0,0.1342158194783478,14.60014,0,1
730,2.399853,-6.105674,-23.89808,-0.7098496668626966,-0.060208745379096026,3.0637439876338384,4.464800000000075,0.5581000000000399,-5.023000000000196,-0.05752605214573559,-0.05752430681648225,0.1918116847942116,14.62014,0,1
731,2.500313,-6.105674,-23.99854,-0.7113836367422743,-0.06135923151542565,3.0675784760004694,5.0204897551221945,0.0,-5.020489755122106,-0.0766601638969362,-0.05749555903695975,0.19162860402952733,14.64015,0,1
732,2.600771,-6.094512,-24.09899,-0.712534157785189,-0.06250971765175527,3.0710289919316622,5.022900000000115,0.5580999999999955,-5.022500000000215,-0.05752605214573559,-0.05752430681648225,0.17252579655964528,14.66015,0,1
733,2.690068,-6.08335,-24.19945,-0.712534157785189,-0.06289321884829599,3.0733310812150427,4.464850000000104,0.5580999999999955,-5.023000000000018,0.0,-0.019175059827036538,0.1151044641690271,14.68015,0,1
734,2.779365,-6.072187,-24.28875,-0.7110000133726859,-0.06250971765175527,3.074865225627546,4.464849999999686,0.5581499999999974,-4.464999999999773,0.07670722062514994,0.019175059827034834,0.07670722062515549,14.70015,0,1
735,2.8575,-6.061026,-24.37805,-0.7090825946564451,-0.06174273271196636,3.0767815971462356,3.9067500000000868,0.5580499999999885,-4.4650000000001695,0.09587093581204446,0.038349246989446056,0.095818575934483,14.72015,0,1
736,2.935635,-6.049863,-24.47851,-0.7083156969831187,-0.06135923151542565,3.079849885971242,3.9067500000000868,0.5581500000000025,-5.023000000000018,0.03834488366631998,0.01917505982703619,0.1534144412503246,14.74015,0,1
737,3.024932,-6.049863,-24.57896,-0.7094660434931083,-0.06212621645521455,3.0833021472316866,4.464850000000104,0.0,-5.022500000000037,-0.05751732549947997,-0.038349246989446056,0.1726130630222348,14.76015,0,1
738,3.114228,-6.038701,-24.67942,-0.7113836367422743,-0.06327670259154418,3.087136635598318,4.464799999999701,0.5580999999999904,-5.022999999999749,-0.09587966245829713,-0.05752430681647748,0.19172441833156068,14.78015,0,1
739,3.192363,-6.038701,-24.79104,-0.7133010554585154,-0.06404370498462561,3.090204924423324,3.9067500000000646,0.0,-5.581000000000044,-0.09587093581205557,-0.03835011965407238,0.1534144412503024,14.80015,0,1
740,3.270498,-6.027539,-24.8915,-0.7148350253380932,-0.06519419112095523,3.0928892408128914,3.9067500000000868,0.5580999999999955,-5.023000000000196,-0.07669849397889003,-0.05752430681648225,0.13421581947837,14.82015,0,1
741,3.348633,-6.016377,-24.9808,-0.7156020975443447,-0.06596117606074414,3.0951895847670197,3.9067500000000868,0.5580999999999955,-4.464999999999992,-0.0383536103125756,-0.0383492469894464,0.1150171977064154,14.84015,0,1
742,3.415606,-6.005215,-25.08126,-0.7152184741747563,-0.06672816100053304,3.0974899287211484,3.3486499999997714,0.5580999999999904,-5.022999999999749,0.019181168479419457,-0.0383492469894423,0.11501719770642739,14.86015,0,1
743,3.460254,-5.994053,-25.17056,-0.7140681276647668,-0.06711166219707376,3.0990240731336516,2.2324000000000486,0.5580999999999955,-4.464999999999992,0.05751732549947442,-0.019175059827036538,0.0767072206251623,14.88015,0,1
744,3.504902,-5.994053,-25.25985,-0.7129176066218521,-0.06749516339361447,3.100942189981593,2.2324000000000486,0.0,-4.464500000000188,0.05752605214573559,-0.019175059827035844,0.09590584239707249,14.90015,0,1
745,3.538389,-5.982891,-25.34915,-0.7117670855789375,-0.06749516339361447,3.102860306829535,1.674350000000038,0.5580999999999955,-4.4650000000001695,0.05752605214573004,0.0,0.0959058423970947,14.92015,0,1
746,3.583037,-5.971728,-25.43845,-0.7113836367422743,-0.06749516339361447,3.104394451242038,2.2324000000000486,0.5581500000000469,-4.464999999999992,0.01917244183315999,0.0,0.0767072206251623,14.94015,0,1
747,3.627686,-5.960567,-25.52774,-0.7121505344156007,-0.06749516339361447,3.1063108227607277,2.2324499999998575,0.558049999999939,-4.464499999999792,-0.038344883666316575,0.0,0.09581857593447449,14.96015,0,1
748,3.683496,-5.949404,-25.6282,-0.7133010554585154,-0.06826214833340338,3.1078449671732304,2.790500000000044,0.5581500000000025,-5.023000000000018,-0.05752605214573559,-0.0383492469894464,0.0767072206251401,14.98015,0,1
749,3.750469,-5.938242,-25.76215,-0.7140681276647668,-0.0697961182129812,3.1101453111273596,3.348650000000069,0.5581000000000399,-6.697500000000077,-0.03835361031257005,-0.0766984939788928,0.11501719770645981,15.00015,0,1
750,3.783955,-5.938242,-25.84028,-0.71445157650143,-0.07094660434931083,3.1112972284336755,1.6743000000000532,0.0,-3.906500000000163,-0.01917244183315999,-0.05752430681648225,0.0575958653157972,15.02015,0,1
751,3.817441,-5.938242,-25.94074,-0.7148350253380932,-0.07209709048564045,3.1128313728461787,1.6742999999998822,0.0,-5.022999999999749,-0.019172441833158287,-0.05752430681647713,0.07670722062515549,15.04015,0,1
752,3.850928,-5.92708,-26.0412,-0.7159855463810079,-0.07209709048564045,3.1143637719294297,1.674350000000038,0.5580999999999955,-5.023000000000018,-0.05752605214573559,0.0,0.0766199541625506,15.06015,0,1
753,3.895576,-5.915918,-26.14166,-0.7159855463810079,-0.07171360674239224,3.1151317168003074,2.2312843578211803,0.5578210894553228,-5.020489755122729,0.0,0.019164604859980932,0.038378054516629415,15.08016,0,1
754,3.940225,-5.904756,-26.25328,-0.7148350253380932,-0.07133010554585154,3.115515689235746,2.2324499999998353,0.558099999999946,-5.580999999999548,0.05752605214573048,0.01917505982703414,0.019198621771930692,15.10016,0,1
755,3.984873,-5.893594,-26.3649,-0.7129176066218521,-0.07017961940952192,3.115515689235746,2.2324000000000486,0.5580999999999955,-5.581000000000044,0.09587093581205557,0.05752430681648225,0.0,15.12016,0,1
756,4.018359,-5.87127,-26.46536,-0.7106165645360228,-0.06902913327319228,3.1162818887773716,1.6743000000000532,1.1162000000000354,-5.023000000000196,0.11505210429146563,0.05752430681648294,0.0383099770812753,15.14016,0,1
757,4.051846,-5.848945,-26.58814,-0.7090825946564451,-0.06787864713686266,3.1178160331898743,1.674350000000038,1.1162500000000424,-6.1390000000000695,0.07669849397889003,0.05752430681648225,0.0767072206251401,15.16016,0,1
758,4.096494,-5.826621,-26.71093,-0.7083156969831187,-0.06711166219707376,3.119734150037816,2.2323999999998283,1.116199999999892,-6.139499999999683,0.038344883666316575,0.0383492469894423,0.09590584239708619,15.18016,0,1
759,4.141142,-5.815459,-26.84487,-0.7079320736135304,-0.06672816100053304,3.1216505215565062,2.2324000000000708,0.5581000000000399,-6.697000000000096,0.01918116847941561,0.019175059827036538,0.0958185759345052,15.20016,0,1
760,4.196953,-5.815459,-26.96766,-0.7075486247768672,-0.06711166219707376,3.123184665969009,2.790550000000029,0.0,-6.139500000000051,0.01917244183315999,-0.019175059827036538,0.0767072206251401,15.22016,0,1
761,4.241601,-5.804297,-27.1016,-0.7079320736135304,-0.06787864713686266,3.125102782816951,2.2324000000000708,0.5580999999999955,-6.697000000000274,-0.01917244183315999,-0.03834924698944571,0.0959058423970947,15.24016,0,1
762,4.28625,-5.793135,-27.23555,-0.7090825946564451,-0.06902913327319228,3.1270191543356405,2.2324499999998353,0.558099999999946,-6.697499999999482,-0.05752605214573048,-0.05752430681647713,0.09581857593447449,15.26016,0,1
763,4.319736,-5.770811,-27.38065,-0.7102331156993597,-0.07017961940952192,3.1289372711835823,1.674300000000031,1.1162000000000354,-7.255000000000122,-0.05752605214573004,-0.05752430681648294,0.0959058423970947,15.28016,0,1
764,4.353223,-5.759648,-27.57041,-0.7113836367422743,-0.07171360674239224,3.1316215875731492,1.674350000000038,0.5581500000000025,-9.488000000000188,-0.05752605214573559,-0.07669936664351809,0.1342158194783478,15.30016,0,1
765,4.375547,-5.759648,-27.65971,-0.7113836367422743,-0.07248059168218116,3.132389532444027,1.1162000000000354,0.0,-4.4650000000001695,0.0,-0.0383492469894464,0.038397243543887,15.32016,0,1
766,4.397871,-5.748487,-27.8383,-0.7117670855789375,-0.07439806275829969,3.134305903962717,1.1162000000000354,0.5580500000000329,-8.92950000000018,-0.01917244183315999,-0.09587355380592864,0.0958185759345052,15.34016,0,1
767,4.409033,-5.737324,-27.9276,-0.712534157785189,-0.07554854889462931,3.135456075939781,0.558099999999946,0.558149999999953,-4.464999999999773,-0.038353610312572194,-0.05752430681647713,0.05750859885320259,15.36016,0,1
768,4.409033,-5.715,-28.06154,-0.7133010554585154,-0.07669903503095893,3.1373741927877226,0.0,1.1162000000000354,-6.697000000000096,-0.03834488366631998,-0.05752430681648225,0.09590584239707249,15.38016,0,1
769,4.409033,-5.703838,-28.19549,-0.7136845042951785,-0.07861652356036998,3.1396745367418513,0.0,0.5580999999999955,-6.697500000000077,-0.01917244183315444,-0.09587442647055462,0.1150171977064376,15.40016,0,1
770,4.386709,-5.681514,-28.32943,-0.7129176066218521,-0.08091747837973672,-3.140442481612729,-1.1162000000000354,1.1162000000000354,-6.697000000000096,0.03834488366631998,-0.11504774096833921,-314.00585091773576,15.42016,0,1
771,4.364385,-5.670352,-28.44106,-0.7113836367422743,-0.08360195184893666,-3.136990220352284,-1.116199999999892,0.558099999999946,-5.581499999999707,0.07669849397888322,-0.13422367345998842,0.17261306302224166,15.44016,0,1
772,4.330898,-5.659189,-28.55268,-0.7102331156993597,-0.08628642531813663,-3.134305903962717,-1.674350000000038,0.5581500000000469,-5.581000000000044,0.05752605214573559,-0.13422367346000103,0.1342158194783478,15.46016,0,1
773,4.297412,-5.636865,-28.6643,-0.7094660434931083,-0.08897088133404406,-3.132771759550214,-1.6743000000000754,1.116199999999991,-5.581000000000222,0.03835361031257005,-0.13422280079537435,0.0767072206251623,15.48016,0,1
774,4.275088,-5.614541,-28.77592,-0.7090825946564451,-0.09050486866691439,-3.1320055600085883,-1.116199999999991,1.1162000000000354,-5.581000000000044,0.01917244183315999,-0.07669936664351809,0.0383099770812753,15.50016,0,1
775,4.23044,-5.603379,-28.88754,-0.7079320736135304,-0.09165535480324401,-3.1316215875731492,-2.2312843578210044,0.5578210894552289,-5.578210894552555,0.057497303493984575,-0.05749555903695975,0.0191890272583241,15.52017,0,1
776,4.185791,-5.592217,-28.99916,-0.7067817271035409,-0.09203885599978473,-3.131237615137711,-2.2324500000000334,0.5581000000000399,-5.581000000000044,0.05751732549947442,-0.019175059827036538,0.019198621771910195,15.54017,0,1
777,4.118818,-5.581055,-29.09962,-0.7060146548972893,-0.09165535480324401,-3.130855388031524,-3.348650000000069,0.5580999999999955,-5.023000000000196,0.03835361031258115,0.019175059827036538,0.0191113553093429,15.56017,0,1
778,4.063008,-5.558731,-29.21124,-0.7060146548972893,-0.09088836986345511,-3.1316215875731492,-2.7904999999998186,1.1161999999999364,-5.580999999999548,0.0,0.0383492469894423,-0.03830997708124969,15.58017,0,1
779,4.007197,-5.547568,-29.32286,-0.7063981037339525,-0.09050486866691439,-3.132771759550214,-2.7905500000000734,0.5581500000000025,-5.581000000000044,-0.01917244183315999,0.019175059827036538,-0.057508598853229904,15.60017,0,1
780,3.962549,-5.536406,-29.44564,-0.7067817271035409,-0.09088836986345511,-3.132771759550214,-2.2324000000000264,0.5580999999999955,-6.139000000000247,-0.01918116847942116,-0.019175059827036538,0.0,15.62017,0,1
781,3.906738,-5.525244,-29.55727,-0.7075486247768672,-0.09242233974303293,-3.1320055600085883,-2.7905500000000734,0.5581000000000399,-5.581500000000025,-0.03834488366631443,-0.0766984939788928,0.0383099770812753,15.64017,0,1
782,3.850928,-5.514082,-29.66889,-0.7086991458197819,-0.09472331201569217,-3.130855388031524,-2.7904999999997964,0.558099999999946,-5.580999999999726,-0.05752605214573048,-0.11504861363295427,0.05750859885320259,15.66017,0,1
783,3.783955,-5.50292,-29.78051,-0.7102331156993597,-0.09702428428835141,-3.129703470725208,-3.348650000000069,0.5581000000000399,-5.581000000000044,-0.07669849397889003,-0.1150486136329645,0.0575958653158194,15.68017,0,1
784,3.716982,-5.491758,-29.89213,-0.7110000133726859,-0.09855827162122176,-3.128171071641957,-3.348650000000091,0.5580999999999955,-5.581000000000222,-0.03834488366631443,-0.07669936664351878,0.0766199541625506,15.70017,0,1
785,3.638848,-5.480596,-29.99259,-0.7094660434931083,-0.10047574269734028,-3.1258689823585764,-3.9067000000000798,0.5580999999999955,-5.023000000000018,0.07669849397888448,-0.09587355380592795,0.1151044641690271,15.72017,0,1
786,3.571875,-5.469434,-30.09305,-0.7071651759402041,-0.10239321377345881,-3.123184665969009,-3.3486499999997714,0.5580999999999904,-5.022999999999749,0.11504337764519978,-0.09587355380592014,0.1342158194783581,15.74017,0,1
787,3.471416,-5.424785,-30.22699,-0.70371361281146,-0.10354369990978843,-3.120116377144003,-5.0229500000001,2.2324500000000334,-6.697000000000096,0.17257815643720678,-0.05752430681648225,0.1534144412503024,15.76017,0,1
788,3.426768,-5.413623,-30.30513,-0.7025632663014706,-0.10392720110632914,-3.1189662051669385,-2.2324000000000486,0.5580999999999955,-3.9069999999999663,0.05751732549947442,-0.019175059827035844,0.057508598853229904,15.78017,0,1
789,3.348633,-5.391299,-30.41675,-0.7017961940952192,-0.10392720110632914,-3.1189662051669385,-3.9067500000000868,1.1162000000000354,-5.581000000000222,0.03835361031257005,0.0,0.0,15.80017,0,1
790,3.259336,-5.368975,-30.52837,-0.7017961940952192,-0.10392720110632914,-3.119350177602377,-4.464850000000104,1.1162000000000354,-5.581000000000044,0.0,0.0,-0.0191986217719324,15.82017,0,1
791,3.158877,-5.357812,-30.62883,-0.7025632663014706,-0.10469418604611806,-3.120116377144003,-5.022949999999653,0.558149999999953,-5.022999999999749,-0.03835361031256664,-0.03834924698944369,-0.0383099770812941,15.84017,0,1
792,3.047256,-5.346651,-30.72929,-0.7025632663014706,-0.10507768724265877,-3.119350177602377,-5.5810500000001175,0.5580500000000329,-5.023000000000018,0.0,-0.019175059827035844,0.038309977081297505,15.86017,0,1
793,2.946797,-5.335488,-30.81858,-0.7006456730523044,-0.10584467218244768,-3.1174320607544357,-5.0229500000001,0.5581500000000025,-4.464500000000188,0.09587966245831119,-0.0383492469894464,0.09590584239707249,15.88017,0,1
794,2.846338,-5.324326,-30.90788,-0.6975777332931489,-0.1066116571222366,-3.115515689235746,-5.022950000000122,0.5580999999999955,-4.464999999999992,0.15339698795778006,-0.0383492469894464,0.095818575934483,15.90017,0,1
795,2.768203,-5.313164,-30.99718,-0.69412634469733,-0.1066116571222366,-3.1143637719294297,-3.9067499999997173,0.558099999999946,-4.464999999999773,0.17256942979093026,0.0,0.05759586531581429,15.92017,0,1
796,2.64542,-5.279678,-31.13112,-0.6925923748177523,-0.1066116571222366,-3.1151317168003074,-6.136081959020741,1.673463268365924,-6.693653173413516,0.07666016389694301,0.0,-0.038378054516629415,15.94018,0,1
797,2.578447,-5.268516,-31.1981,-0.6933592724910785,-0.10622817337898839,-3.115897916341933,-3.348650000000069,0.5580999999999955,-3.349000000000118,-0.03834488366631443,0.01917418716241056,-0.0383099770812753,15.96018,0,1
798,2.477988,-5.235029,-31.29856,-0.6952768657402447,-0.10546117098590697,-3.1174320607544357,-5.022949999999676,1.6743499999998892,-5.022999999999572,-0.09587966245830268,0.03835011965406828,-0.07670722062513328,15.98018,0,1
799,2.366367,-5.223867,-31.41018,-0.6971942844564856,-0.10507768724265877,-3.1178160331898743,-5.5810500000001175,0.5580999999999955,-5.581000000000222,-0.09587093581204446,0.01917418716241056,-0.0191986217719324,16.00018,0,1
800,2.288232,-5.223867,-31.5218,-0.6968108356198225,-0.10507768724265877,-3.1174320607544357,-3.9067500000000868,0.0,-5.581000000000044,0.01917244183315444,0.0,0.0191986217719324,16.02018,0,1
801,2.22126,-5.223867,-31.62226,-0.6945097935339931,-0.10507768724265877,-3.117049833648249,-3.348600000000062,0.0,-5.023000000000196,0.11505210429147118,0.0,0.0191113553093429,16.04018,0,1
802,2.098477,-5.212705,-31.7562,-0.690291332731923,-0.10469418604611806,-3.1162818887773716,-6.139150000000135,0.5581000000000399,-6.697000000000096,0.2109230401035101,0.019175059827035844,0.0383972435438648,16.06018,0,1
803,2.06499,-5.212705,-31.77853,-0.6899078838952597,-0.10431070230286986,-3.11666586121281,-1.674350000000038,0.0,-1.116500000000033,0.019172441833165542,0.01917418716241056,-0.0191986217719324,16.08018,0,1
804,1.964531,-5.179219,-31.86782,-0.690291332731923,-0.10354369990978843,-3.117049833648249,-5.0229499999992075,1.6742999999997334,-4.464499999999218,-0.019172441833162135,0.03835011965406557,-0.01919862177192899,16.10018,0,1
805,1.864072,-5.168056,-31.97944,-0.6918253026115007,-0.10277671496999952,-3.1178160331898743,-5.022950000000111,0.5581500000000025,-5.581000000000222,-0.07669849397888448,0.0383492469894464,-0.0383099770812753,16.12018,0,1
806,1.763613,-5.156895,-32.0799,-0.6937428958606668,-0.10239321377345881,-3.1189662051669385,-5.0229500000001,0.5580500000000329,-5.023000000000196,-0.09587966245831119,0.019175059827035844,-0.0575085988532077,16.14018,0,1
807,1.663154,-5.156895,-32.1692,-0.6945097935339931,-0.10239321377345881,-3.119734150037816,-5.022950000000111,0.0,-4.464999999999814,-0.03834488366631443,0.0,-0.038397243543887,16.16018,0,1
808,1.573857,-5.145732,-32.2585,-0.6945097935339931,-0.10277671496999952,-3.1189662051669385,-4.4648500000000935,0.5581500000000025,-4.4650000000001695,0.0,-0.019175059827035844,0.038397243543887,16.18018,0,1
809,1.473398,-5.123408,-32.34779,-0.6933592724910785,-0.10354369990978843,-3.117049833648249,-5.022950000000111,1.116199999999991,-4.464500000000366,0.05752605214573004,-0.0383492469894464,0.095818575934483,16.20018,0,1
810,1.384102,-5.101084,-32.43709,-0.6922087514481639,-0.10469418604611806,-3.115515689235746,-4.464800000000097,1.1162000000000354,-4.464999999999814,0.05752605214573559,-0.05752430681648294,0.0767072206251401,16.22018,0,1
811,1.283643,-5.07876,-32.51522,-0.6914418537748376,-0.10546117098590697,-3.115897916341933,-5.0229500000001,1.1162000000000354,-3.906500000000163,0.03834488366631443,-0.0383492469894464,-0.0191113553093429,16.24018,0,1
812,1.194346,-5.067598,-32.5822,-0.6918253026115007,-0.10546117098590697,-3.1174320607544357,-4.464850000000104,0.5580999999999955,-3.349000000000118,-0.01917244183315444,0.0,-0.0767072206251401,16.26018,0,1
813,1.049238,-5.045273,-32.67149,-0.6933592724910785,-0.10584467218244768,-3.1185822327315,-7.2553999999988665,1.116249999999844,-4.464499999999218,-0.07669849397888195,-0.019175059827032437,-0.05750859885319748,16.28018,0,1
814,0.9487793,-5.022949,-32.73847,-0.6945097935339931,-0.1069951583187773,-3.118200005625313,-5.0229350000001025,1.1162000000000354,-3.349000000000118,-0.05752605214573004,-0.05752430681648225,0.0191113553093429,16.30018,0,1
815,0.8483203,-5.011787,-32.80544,-0.69412634469733,-0.10852914565164765,-3.117049833648249,-5.0229500000001055,0.5580999999999955,-3.348499999999959,0.01917244183315444,-0.07669936664351878,0.0575085988532077,16.32018,0,1
816,0.7590234,-5.000625,-32.85009,-0.6929758236544155,-0.11006311553122546,-3.117049833648249,-4.464845000000095,0.5580999999999955,-2.2325000000002624,0.05752605214573004,-0.07669849397889211,0.0,16.34018,0,1
817,0.6027539,-4.978301,-32.9059,-0.6925923748177523,-0.11006311553122546,-3.1185822327315,-7.81347500000017,1.1162000000000354,-2.790500000000111,0.01917244183315999,0.0,-0.0766199541625506,16.36018,0,1
818,0.4688086,-4.967139,-32.95055,-0.6937428958606668,-0.10967963178797727,-3.120500349579442,-6.697265000000139,0.5580999999999955,-2.232499999999907,-0.05752605214573004,0.019174187162409866,-0.0959058423971169,16.38018,0,1
819,0.3237012,-4.967139,-32.99519,-0.6948932423706563,-0.10967963178797727,-3.121266549121067,-7.255370000000155,0.0,-2.2320000000001037,-0.05751732549947442,0.0,-0.0383099770812531,16.40018,0,1
820,0.1897559,-4.967139,-33.03984,-0.6948932423706563,-0.11083011792430689,-3.1208843220148808,-6.693918040978592,0.0,-2.23138430784563,0.0,-0.05749555903695464,0.019101804407114106,16.42019,0,1
821,0.06697266,-4.955976,-33.07333,-0.6937428958606668,-0.1127475890004254,-3.120116377144003,-6.139162000000131,0.5581500000000469,-1.674500000000059,0.05751732549947442,-0.09587355380592795,0.038397243543887,16.44019,0,1
822,-0.06697266,-4.944815,-33.09565,-0.6925923748177523,-0.11466506007654394,-3.120116377144003,-6.697266000000143,0.5580499999999885,-1.1160000000000518,0.05752605214573004,-0.09587355380592864,0.0,16.46019,0,1
823,-0.200918,-4.933652,-33.11798,-0.6918253026115007,-0.11581554621287356,-3.120116377144003,-6.697267000000144,0.5581500000000025,-1.1165000000002105,0.03835361031258115,-0.05752430681648225,0.0,16.48019,0,1
824,-0.3348633,-4.911328,-33.12914,-0.690291332731923,-0.1173495335457439,-3.119350177602377,-6.697265000000141,1.1162000000000354,-0.5579999999998483,0.07669849397888448,-0.07669936664351878,0.038309977081297505,16.50019,0,1
825,-0.4688086,-4.900166,-33.15147,-0.6872233929727672,-0.11811651848553281,-3.119350177602377,-6.697265000000145,0.5581000000000399,-1.1165000000002105,0.15339698795779116,-0.0383492469894464,0.0,16.52019,0,1
826,-0.5915918,-4.900166,-33.15147,-0.6833883810073601,-0.11850001968207352,-3.121266549121067,-6.13916000000013,0.0,0.0,0.1917505982703612,-0.019175059827035844,-0.0958185759345052,16.54019,0,1
827,-0.7255371,-4.889004,-33.16263,-0.6814709622911191,-0.1173495335457439,-3.1239526108398863,-6.697265000000145,0.5580999999999955,-0.5579999999998483,0.09587093581205001,0.05752430681648225,-0.1343030859409595,16.56019,0,1
828,-0.8706445,-4.877842,-33.17379,-0.6814709622911191,-0.11619904740941427,-3.1266369272294536,-7.255369999998866,0.5580999999998963,-0.5579999999997491,0.0,0.05752430681647272,-0.13421581947834615,16.58019,0,1
829,-1.015752,-4.855517,-33.19611,-0.6826214833340338,-0.11619904740941427,-3.1285532987481437,-7.255375000000152,1.1162500000000424,-1.1160000000000518,-0.05752605214573559,0.0,-0.0958185759345052,16.60019,0,1
830,-1.138535,-4.844356,-33.21844,-0.6833883810073601,-0.11696603234920319,-3.129321243619021,-6.139150000000135,0.5580499999999885,-1.1165000000002105,-0.03834488366631443,-0.0383492469894471,-0.0383972435438648,16.62019,0,1
831,-1.250156,-4.844356,-33.24076,-0.6833883810073601,-0.11811651848553281,-3.130855388031524,-5.5810500000001175,0.0,-1.1160000000000518,0.0,-0.05752430681648225,-0.0767072206251623,16.64019,0,1
832,-1.384102,-4.844356,-33.24076,-0.6841554532136116,-0.11811651848553281,-3.133155731985653,-6.697300000000138,0.0,0.0,-0.0383536103125756,0.0,-0.1150171977064376,16.66019,0,1
833,-1.540371,-4.833193,-33.24076,-0.6856894230931894,-0.1173495335457439,-3.13584004837522,-7.8134500000001665,0.5581500000000469,0.0,-0.07669849397889003,0.0383492469894464,-0.1342158194783478,16.68019,0,1
834,-1.696641,-4.833193,-33.25192,-0.6876068418094304,-0.1173495335457439,-3.138524364764787,-7.8135000000001735,0.0,-0.5579999999998483,-0.09587093581205557,0.0,-0.13421581947837,16.70019,0,1
835,-1.841748,-4.822031,-33.25192,-0.6883739140156819,-0.1173495335457439,3.1412086811543545,-7.255350000000148,0.5580999999999955,0.0,-0.0383536103125756,0.0,313.9866522959638,16.72019,0,1
836,-1.986856,-4.822031,-33.25192,-0.6891408116890082,-0.11658254860595499,3.1362240208106584,-7.255400000000155,0.0,0.0,-0.03834488366631443,0.0383492469894464,-0.2492330171848076,16.74019,0,1
837,-2.154287,-4.822031,-33.24076,-0.690291332731923,-0.11543206246962537,3.130855388031524,-8.371549999998697,0.0,0.5579999999997491,-0.05752605214573092,0.057524306816472026,-0.2684316389566701,16.76019,0,1
838,-2.321719,-4.822031,-33.2296,-0.6918253026115007,-0.11428157633329575,3.1274031267710796,-8.371600000000168,0.0,0.5580000000002036,-0.07669849397888448,0.05752430681648225,-0.1726130630222348,16.78019,0,1
839,-2.477988,-4.822031,-33.2296,-0.6937428958606668,-0.11428157633329575,3.124334837946073,-7.8134500000001665,0.0,0.0,-0.09587966245831119,0.0,-0.1534144412503246,16.80019,0,1
840,-2.678906,-4.822031,-33.24076,-0.696043763413571,-0.11389807513675503,3.1185822327315,-10.045900000000222,0.0,-0.5580000000002036,-0.11504337764521001,0.019175059827036538,-0.28763026072867237,16.82019,0,1
841,-2.779365,-4.822031,-33.24076,-0.697961182129812,-0.11313109019696613,3.113981544823243,-5.0229500000001,0.0,0.0,-0.09587093581205001,0.03834924698944571,-0.230034395412853,16.84019,0,1
842,-2.946797,-4.822031,-33.21844,-0.7017961940952192,-0.11121360166755508,3.1078449671732304,-8.367416291854422,0.0,1.1154422788606426,-0.1916547708849279,0.09582651321394946,-0.3066755447282687,16.8602,0,1
843,-3.125391,-4.822031,-33.20728,-0.7052475826910379,-0.10891262939489584,3.102092361958657,-8.929700000000187,0.0,0.5580000000002036,-0.17256942979094006,0.1150486136329645,-0.28763026072867237,16.8802,0,1
844,-3.303984,-4.810869,-33.19611,-0.7083156969831187,-0.10737865951531803,3.0971077016149615,-8.929649999998594,0.5580999999998963,0.5584999999999078,-0.15340571460401398,0.07669849397887848,-0.2492330171847411,16.9002,0,1
845,-3.482578,-4.799707,-33.18495,-0.7098496668626966,-0.1066116571222366,3.092121295942014,-8.929700000000208,0.5581000000000399,0.5579999999998483,-0.07669849397889558,0.03835011965407238,-0.24932028364737488,16.9202,0,1
846,-3.672334,-4.799707,-33.16263,-0.7106165645360228,-0.1066116571222366,3.087520608033757,-9.487800000000204,0.0,1.1160000000000518,-0.03834488366631443,0.0,-0.230034395412853,16.9402,0,1
847,-3.850928,-4.788545,-33.11798,-0.7113836367422743,-0.1069951583187773,3.0833021472316866,-8.929700000000187,0.5580999999999955,2.232499999999907,-0.0383536103125756,-0.019175059827035844,-0.2109230401035323,16.9602,0,1
848,-4.040684,-4.766221,-33.07333,-0.7121505344156007,-0.10622817337898839,3.0786997139941774,-9.487800000000181,1.1162000000000354,2.2325000000002624,-0.03834488366631998,0.0383492469894464,-0.2301216618754647,16.9802,0,1
849,-4.23044,-4.766221,-33.02868,-0.7129176066218521,-0.10622817337898839,3.0740972807566687,-9.487800000000204,0.0,2.232499999999907,-0.03835361031257005,0.0,-0.2301216618754425,17.0002,0,1
850,-4.397871,-4.766221,-32.98403,-0.7129176066218521,-0.1066116571222366,3.0702627923900367,-8.371550000000205,0.0,2.2325000000002624,0.0,-0.01917418716241056,-0.1917244183315999,17.0202,0,1
851,-4.565303,-4.777383,-32.92822,-0.7117670855789375,-0.10737865951531803,3.0664283040234053,-8.371600000000168,-0.5581000000000399,2.7904999999997555,0.05752605214573004,-0.03835011965407238,-0.1917244183315777,17.0402,0,1
852,-4.732734,-4.777383,-32.86125,-0.7106165645360228,-0.1066116571222366,3.0610579259150192,-8.37155000000016,0.0,3.3485000000003144,0.05752605214573559,0.03835011965407238,-0.2685189054193073,17.0602,0,1
853,-4.911328,-4.777383,-32.78312,-0.7110000133726859,-0.10546117098590697,3.0556892931358846,-8.929699999998622,0.0,3.9064999999994687,-0.019172441833151033,0.057524306816472026,-0.2684316389566923,17.0802,0,1
854,-5.067598,-4.766221,-32.69382,-0.7117670855789375,-0.10431070230286986,3.0522387772046917,-7.8135000000001735,0.5581000000000399,4.464999999999814,-0.03835361031258115,0.05752343415185696,-0.17252579655964528,17.1002,0,1
855,-5.223867,-4.766221,-32.60452,-0.7117670855789375,-0.10316021616654024,3.0491704883796853,-7.8134500000001665,0.0,4.4650000000001695,0.0,0.05752430681648225,-0.1534144412503246,17.1202,0,1
856,-5.424785,-4.799707,-32.47058,-0.7098496668626966,-0.1016262288336699,3.043417883165112,-10.0459000000002,-1.674300000000031,6.697000000000274,0.09587093581205001,0.07669936664351878,-0.28763026072867237,17.1402,0,1
857,-5.514082,-4.810869,-32.39244,-0.7090825946564451,-0.10047574269734028,3.0399656219046673,-4.464850000000104,-0.5581000000000399,3.9069999999999663,0.0383536103125756,0.05752430681648225,-0.1726130630222348,17.1602,0,1
858,-5.636865,-4.833193,-32.28082,-0.7083156969831187,-0.09970875775755138,3.035747161102597,-6.139150000000135,-1.116199999999991,5.581000000000222,0.03834488366631998,0.03834924698944571,-0.2109230401035323,17.1802,0,1
859,-5.726162,-4.822031,-32.18036,-0.7086991458197819,-0.09932525656101066,3.032680617606843,-4.464850000000104,0.5580999999999955,5.023000000000018,-0.01917244183315999,0.019175059827036538,-0.1533271747876907,17.2002,0,1
860,-5.837783,-4.799707,-32.06874,-0.7086991458197819,-0.09855827162122176,3.028462156804773,-5.581050000000095,1.1162000000000354,5.581000000000222,0.0,0.03834924698944571,-0.2109230401035101,17.2202,0,1
861,-5.982891,-4.810869,-31.94596,-0.7083156969831187,-0.09740778548489214,3.023091778696386,-7.255399999998889,-0.5580999999999408,6.13899999999898,0.019172441833156584,0.057524306816472026,-0.268518905419304,17.2402,0,1
862,-6.13916,-4.833193,-31.81201,-0.7079320736135304,-0.09625729934856252,3.0177231459172518,-7.8134500000001665,-1.116199999999991,6.697500000000077,0.01918116847941561,0.05752430681648225,-0.2684316389567178,17.2602,0,1
863,-6.328916,-4.855517,-31.61109,-0.7090825946564451,-0.0958737981520218,3.0131224580089944,-9.487800000000204,-1.1162000000000354,10.046000000000214,-0.05752605214573559,0.019175059827036538,-0.2300343954128752,17.2802,0,1
864,-6.407051,-4.86668,-31.51064,-0.7090825946564451,-0.09625729934856252,3.011204341161053,-3.9047976011995384,-0.5578710644677791,5.01999000499781,0.0,-0.019165477088492654,-0.09585791344035413,17.30021,0,1
865,-6.529834,-4.86668,-31.35436,-0.7094660434931083,-0.0958737981520218,3.007369852794421,-6.139150000000135,0.0,7.81400000000011,-0.01917244183315999,0.019175059827036538,-0.1917244183315999,17.32021,0,1
866,-6.663779,-4.877842,-31.20926,-0.7098496668626966,-0.09472331201569217,3.0016172475798477,-6.697250000000131,-0.5581000000000399,7.255000000000122,-0.01918116847941561,0.05752430681648225,-0.28763026072867237,17.34021,0,1
867,-6.786562,-4.889004,-31.05299,-0.7106165645360228,-0.09318932468282184,2.9954806699298357,-6.139150000000135,-0.5580999999999955,7.813500000000129,-0.03834488366631443,0.07669936664351809,-0.3068288825006048,17.36021,0,1
868,-6.909346,-4.900166,-30.88556,-0.7121505344156007,-0.09203885599978473,2.99049600958614,-6.139199999999052,-0.5580999999998963,8.371499999998667,-0.07669849397888195,0.05752343415184674,-0.2492330171847411,17.38021,0,1
869,-7.009805,-4.900166,-30.72929,-0.7133010554585154,-0.0912718536067033,2.9870437483256955,-5.0229500000001,0.0,7.813500000000307,-0.05752605214573559,0.03835011965407238,-0.1726130630222348,17.40021,0,1
870,-7.110264,-4.911328,-30.55069,-0.7129176066218521,-0.09012136747037368,2.9835932323945027,-5.0229500000001,-0.5581000000000399,8.930000000000161,0.019172441833165542,0.05752430681648225,-0.17252579655964528,17.42021,0,1
871,-7.199561,-4.933652,-30.3721,-0.7113836367422743,-0.08897088133404406,2.979374771592432,-4.464850000000104,-1.1162000000000354,8.92950000000018,0.07669849397889003,0.05752430681648225,-0.2109230401035323,17.44021,0,1
872,-7.288857,-4.955976,-30.17118,-0.7098496668626966,-0.08666990906138482,2.9747723383549234,-4.464800000000097,-1.116199999999991,10.046000000000214,0.07669849397889003,0.1150486136329645,-0.2301216618754425,17.46021,0,1
873,-7.366992,-4.978301,-29.98143,-0.7090825946564451,-0.08398545304547737,2.970169905117414,-3.9067500000000646,-1.1162500000000424,9.487500000000207,0.0383536103125756,0.13422280079537505,-0.2301216618754647,17.48021,0,1
874,-7.445127,-5.000625,-29.79167,-0.7090825946564451,-0.08130097957627742,2.965185244773718,-3.906750000000109,-1.1162000000000354,9.488000000000188,0.0,0.13422367346000033,-0.2492330171848076,17.50021,0,1
875,-7.489775,-5.022949,-29.60191,-0.7090825946564451,-0.0797670096966996,2.9613507564070867,-2.2324000000000264,-1.116199999999991,9.488000000000188,0.0,0.0766984939788928,-0.1917244183315777,17.52021,0,1
876,-7.534424,-5.045273,-29.41216,-0.7086991458197819,-0.07900000730361817,2.9582824675820807,-2.2324500000000334,-1.1162000000000354,9.487500000000207,0.01917244183315999,0.03835011965407238,-0.1534144412503024,17.54021,0,1
877,-7.56791,-5.07876,-29.23356,-0.7086991458197819,-0.07823302236382926,2.9559803782987,-1.6742999999997779,-1.6743499999997404,8.929999999998575,0.0,0.03834924698943959,-0.11510446416900665,17.56021,0,1
878,-7.612558,-5.101084,-28.97684,-0.7090825946564451,-0.07554854889462931,2.9525298623675074,-2.2324000000000264,-1.1162000000000354,12.836000000000343,-0.01917244183315999,0.13422367346000033,-0.17252579655964528,17.58021,0,1
879,-7.634883,-5.112246,-28.85405,-0.7090825946564451,-0.0740145790150515,2.950611745519566,-1.1162500000000424,-0.5580999999999955,6.139500000000051,0.0,0.07669849397889211,-0.09590584239707249,17.60021,0,1
880,-7.657207,-5.123408,-28.6643,-0.7086991458197819,-0.07209709048564045,2.948695374000876,-1.116199999999991,-0.5581000000000399,9.487500000000207,0.01917244183315999,0.09587442647055462,-0.0958185759345052,17.62021,0,1
881,-7.668369,-5.156895,-28.47454,-0.7071651759402041,-0.07133010554585154,2.946777257152934,-0.5581000000000399,-1.6743499999999936,9.488000000000188,0.07669849397889003,0.0383492469894464,-0.0959058423970947,17.64021,0,1
882,-7.679531,-5.190381,-28.28478,-0.7048641338543747,-0.07094660434931083,2.94562708517587,-0.5580999999999955,-1.6743000000000754,9.488000000000188,0.11505210429147118,0.019175059827035844,-0.0575085988532077,17.66021,0,1
883,-7.690693,-5.223867,-28.08387,-0.7033301639747969,-0.0697961182129812,2.9444769131988053,-0.5580999999999955,-1.674300000000031,10.045500000000233,0.07669849397889558,0.05752430681648225,-0.057508598853229904,17.68021,0,1
884,-7.713017,-5.235029,-27.89411,-0.7017961940952192,-0.06787864713686266,2.9429427687863026,-1.1162000000000354,-0.5580999999999955,9.488000000000188,0.07669849397888448,0.09587355380592934,-0.0767072206251401,17.70021,0,1
885,-7.713017,-5.235029,-27.71552,-0.7014127452585559,-0.06557767486420342,2.940640679502922,0.0,0.0,8.929499999998594,0.019172441833162135,0.11504861363294405,-0.11510446416900665,17.72021,0,1
886,-7.713017,-5.257353,-27.46995,-0.699495326542315,-0.06327670259154418,2.9383403355487934,0.0,-1.1156421789106012,12.272363818091485,0.09582302429989634,0.1149911180739297,-0.11495971784751602,17.74022,0,1
887,-7.701856,-5.268516,-27.34717,-0.6983448054994004,-0.06250971765175527,2.9375723906779156,0.5580499999999885,-0.5581500000000025,6.139000000000247,0.05752605214573559,0.0383492469894464,-0.038397243543887,17.76022,0,1
888,-7.690693,-5.29084,-27.15741,-0.6968108356198225,-0.06097573031888493,2.9364222187008515,0.5581500000000469,-1.1162000000000354,9.488000000000188,0.07669849397889558,0.07669936664351844,-0.0575085988532077,17.78022,0,1
889,-7.668369,-5.313164,-26.96766,-0.6956603145769079,-0.05944176043930712,2.9352720467237874,1.116199999999991,-1.1162000000000354,9.487500000000207,0.05752605214573004,0.07669849397889211,-0.0575085988532077,17.80022,0,1
890,-7.646045,-5.324326,-26.80022,-0.6948932423706563,-0.05752427190989607,2.9341218747467233,1.1162000000000354,-0.5580999999999955,8.372000000000135,0.03835361031258115,0.09587442647055462,-0.0575085988532077,17.82022,0,1
891,-7.612558,-5.357812,-26.62163,-0.6937428958606668,-0.05637378577356644,2.933353929875846,1.674350000000038,-1.674300000000031,8.92950000000018,0.05751732549947442,0.057524306816482594,-0.0383972435438648,17.84022,0,1
892,-7.56791,-5.380136,-26.4542,-0.6925923748177523,-0.055990302030318254,2.933353929875846,2.23239999999963,-1.116199999999837,8.371499999998667,0.05752605214571982,0.01917418716240646,0.0,17.86022,0,1
893,-7.523262,-5.402461,-26.28677,-0.6918253026115007,-0.05560680083377754,2.9341218747467233,2.2324000000000708,-1.116249999999998,8.371500000000154,0.03835361031258115,0.01917505982703619,0.0383972435438648,17.88022,0,1
894,-7.467451,-5.424785,-26.10817,-0.6906747815685861,-0.05522331709052934,2.9348880742883487,2.7905500000000734,-1.1162000000000354,8.930000000000161,0.05752605214573004,0.019174187162410213,0.0383099770812753,17.90022,0,1
895,-7.411641,-5.447109,-25.92958,-0.6891408116890082,-0.05445631469744792,2.9356560191592265,2.790500000000022,-1.1162000000000354,8.92950000000018,0.07669849397889558,0.038350119654072035,0.038397243543887,17.92022,0,1
896,-7.344668,-5.469434,-25.76215,-0.6864563207665157,-0.05368932975765901,2.936039991594665,3.348650000000069,-1.116249999999998,8.371500000000331,0.13422454612462562,0.038349246989446056,0.0191986217719324,17.94022,0,1
897,-7.277695,-5.491758,-25.59472,-0.6833883810073601,-0.0533058285611183,2.9364222187008515,3.3486500000001134,-1.1162000000000354,8.371500000000154,0.1533969879577856,0.01917505982703619,0.019111355309320694,17.96022,0,1
898,-7.199561,-5.514082,-25.41612,-0.6803204412482045,-0.052538843621329386,2.9368061911362906,3.9067000000000576,-1.1162000000000354,8.930000000000161,0.1533969879577856,0.0383492469894464,0.019198621771954603,17.98022,0,1
899,-7.132588,-5.525244,-25.24869,-0.677635950325712,-0.051771858681540474,2.9375723906779156,3.348650000000069,-0.5580999999999955,8.371500000000154,0.13422454612462562,0.0383492469894464,0.0383099770812531,18.00022,0,1
900,-7.054453,-5.547568,-25.08126,-0.675718531609471,-0.05138835748499976,2.938724307984232,3.906750000000109,-1.1162000000000354,8.371500000000154,0.09587093581205001,0.01917505982703619,0.0575958653158194,18.02022,0,1
901,-6.953994,-5.569892,-24.8915,-0.675718531609471,-0.051771858681540474,2.941790851479986,5.0229499999992075,-1.116199999999837,9.487999999998502,0.0,-0.019175059827032784,0.15332717478768565,18.04022,0,1
902,-6.909346,-5.581055,-24.80221,-0.6761019804461341,-0.05215534242478868,2.943324995892489,2.2324000000000264,-0.5581500000000025,4.464500000000188,-0.01917244183315444,-0.01917418716241056,0.0767072206251401,18.06022,0,1
903,-6.853535,-5.603379,-24.66826,-0.6772525014890489,-0.052538843621329386,2.9460093122820568,2.7905500000000734,-1.1162000000000354,6.697500000000077,-0.05752605214574114,-0.019175059827035844,0.1342158194783922,18.08022,0,1
904,-6.797725,-5.614541,-24.54548,-0.6780195736953003,-0.0533058285611183,2.9483114015654373,2.7905000000000664,-0.5580999999999955,6.1390000000000695,-0.03835361031257005,-0.0383492469894464,0.1151044641690271,18.10022,0,1
905,-6.741914,-5.636865,-24.43386,-0.6780195736953003,-0.05407283095419972,2.950611745519566,2.790550000000029,-1.1162000000000354,5.581000000000222,0.0,-0.038350119654072035,0.1150171977064376,18.12022,0,1
906,-6.697266,-5.648027,-24.3334,-0.677635950325712,-0.05522331709052934,2.9529138348029464,2.2324000000000708,-0.5580999999999955,5.023000000000018,0.01918116847941561,-0.05752430681648225,0.1151044641690271,18.14022,0,1
907,-6.663779,-5.670352,-24.26643,-0.6768690526523857,-0.05637378577356644,2.9555981511925133,1.674350000000038,-1.1162500000000424,3.348500000000137,0.03834488366631443,-0.05752343415185627,0.1342158194783478,18.16022,0,1
908,-6.652617,-5.681514,-24.21062,-0.675718531609471,-0.058291274302977494,2.9586646946882675,0.5578210894551794,-0.5578210894551794,2.78910544727603,0.057497303493979475,-0.09582651321393244,0.1532505495129321,18.18023,0,1
909,-6.641455,-5.681514,-24.16597,-0.6741845617298932,-0.060208745379096026,2.9613507564070867,0.5581000000000399,0.0,2.232499999999907,0.07669849397889558,-0.09587355380592864,0.1343030859409595,18.20023,0,1
910,-6.630293,-5.681514,-24.1548,-0.6726505918503154,-0.06212621645521455,2.964035072796654,0.5580999999999955,0.0,0.558500000000007,0.07669849397889003,-0.0958735538059283,0.13421581947837,18.22023,0,1
911,-6.630293,-5.670352,-24.14364,-0.6711166219707376,-0.0644271887278738,2.9655692172091572,0.0,0.5580999999999955,0.5580000000000259,0.07669849397889003,-0.11504861363296484,0.0767072206251623,18.24023,0,1
912,-6.619131,-5.670352,-24.14364,-0.6695826520911597,-0.06634467725728485,2.9659514443153436,0.5580999999999955,0.0,0.0,0.07669849397889558,-0.09587442647055462,0.019111355309320694,18.26023,0,1
913,-6.619131,-5.670352,-24.14364,-0.6684321310482452,-0.06787864713686266,2.9663354167507823,0.0,0.0,0.0,0.05752605214573004,-0.07669849397889211,0.0191986217719324,18.28023,0,1
914,-6.607969,-5.670352,-24.13248,-0.6672816100053304,-0.06864563207665157,2.9663354167507823,0.5581000000000399,0.0,0.5580000000000259,0.05752605214574114,-0.0383492469894464,0.0,18.30023,0,1
915,-6.607969,-5.670352,-24.13248,-0.6668981611686673,-0.069412634469733,2.9663354167507823,0.0,0.0,0.0,0.01917244183315444,-0.03835011965407238,0.0,18.32023,0,1
916,-6.607969,-5.670352,-24.13248,-0.6668981611686673,-0.07017961940952192,2.9663354167507823,0.0,0.0,0.0,0.0,-0.0383492469894464,0.0,18.34023,0,1
917,-6.607969,-5.670352,-24.13248,-0.6672816100053304,-0.07094660434931083,2.9663354167507823,0.0,0.0,0.0,-0.019172441833151033,-0.03834924698943959,0.0,18.36023,0,1
918,-6.607969,-5.659189,-24.14364,-0.6688155798849083,-0.07248059168218116,2.9659514443153436,0.0,0.5581500000000469,-0.5580000000000259,-0.07669849397889558,-0.07669936664351809,-0.0191986217719324,18.38023,0,1
919,-6.607969,-5.648027,-24.16597,-0.675718531609471,-0.07593205009117002,2.9632671279257767,0.0,0.5580999999999955,-1.116500000000033,-0.34514758622814684,-0.17257292044944675,-0.1342158194783478,18.40023,0,1
920,-6.630293,-5.569892,-24.21062,-0.6956603145769079,-0.08206796451606634,2.9548302063216356,-1.1162000000000354,3.9067500000000646,-2.232499999999907,-0.9970891483718648,-0.30679572124482246,-0.4218460802070646,18.42023,0,1
921,-6.686103,-5.435947,-24.21062,-0.7113836367422743,-0.08475243798526629,2.9475434566945595,-2.7905000000000664,6.697250000000175,0.0,-0.7861661082683381,-0.13422367346000033,-0.3643374813538125,18.44023,0,1
922,-6.730752,-5.257353,-24.14364,-0.7133010554585154,-0.08628642531813663,2.9452431127404313,-2.2324500000000334,8.929700000000164,3.3489999999999402,-0.09587093581205557,-0.07669936664351878,-0.1150171977064154,18.46023,0,1
923,-6.786562,-5.034111,-24.0097,-0.7083156969831187,-0.08973788372712549,2.9460093122820568,-2.7905000000000664,11.162100000000235,6.697000000000274,0.24926792376984117,-0.17257292044944675,0.0383099770812753,18.48023,0,1
924,-6.898184,-4.632276,-23.73064,-0.69412634469733,-0.09510681321223288,2.947927429129998,-5.581100000000102,20.091750000000438,13.953000000000179,0.709467614289448,-0.2684464742553754,0.09590584239707249,18.50023,0,1
925,-6.965156,-4.44252,-23.58554,-0.6856894230931894,-0.09817477042468103,2.9490776011070623,-3.3485999999995113,9.487799999998519,7.254999999998833,0.42184608020696746,-0.15339786062238364,0.05750859885319748,18.52023,0,1
926,-7.076777,-4.141142,-23.3623,-0.6741845617298932,-0.10124272763712919,2.950611745519566,-5.581050000000095,15.068900000000307,11.162000000000265,0.5752430681648224,-0.1533978606224109,0.07670722062518451,18.54023,0,1
927,-7.221885,-3.873252,-23.13905,-0.6642136702461748,-0.10392720110632914,2.9521458899320687,-7.2554000000001775,13.394500000000306,11.162500000000247,0.49854457418592685,-0.13422367346000033,0.0767072206251401,18.56023,0,1
928,-7.389317,-3.638848,-22.91581,-0.6553932998053711,-0.10584467218244768,2.9525298623675074,-8.371600000000168,11.720200000000252,11.162000000000265,0.4410185220401968,-0.09587355380592934,0.0191986217719324,18.58023,0,1
929,-7.56791,-3.43793,-22.68141,-0.6481068992441451,-0.10776214325856621,2.95176191749663,-8.929650000000201,10.0459000000002,11.720000000000292,0.3643200280613068,-0.09587355380592864,-0.0383972435438648,18.60023,0,1
930,-7.757666,-3.292822,-22.43584,-0.6419710197258338,-0.11006311553122546,2.950611745519566,-9.483058470765,7.251774112943821,12.272363818091485,0.30664065558778314,-0.1149911180739297,-0.057479858923746914,18.62024,0,1
931,-7.93626,-3.192363,-22.19027,-0.6373689355541752,-0.1127475890004254,2.9490776011070623,-8.929700000000164,5.022950000000122,12.27850000000012,0.23010420858293681,-0.13422367346000033,-0.07670722062518451,18.64024,0,1
932,-8.103691,-3.136553,-21.94471,-0.6339175469583564,-0.11581554621287356,2.947927429129998,-8.371549999998674,2.7904999999995486,12.277999999998137,0.1725694297909094,-0.15339786062238364,-0.05750859885319748,18.66024,0,1
933,-8.271123,-3.125391,-21.69914,-0.6316165048725272,-0.11811651848553281,2.94562708517587,-8.371600000000168,0.5581000000000177,12.278500000000298,0.11505210429146563,-0.11504861363296519,-0.1150171977064154,18.68024,0,1
934,-8.449717,-3.147715,-21.43125,-0.6296990861562861,-0.11888350342532172,2.941790851479986,-8.929700000000208,-1.1162000000000132,13.39450000000035,0.09587093581205557,-0.0383492469894464,-0.1918116847941894,18.70024,0,1
935,-8.617148,-3.192363,-21.16336,-0.6277816674400452,-0.11926700462186243,2.9371901635717292,-8.371550000000205,-2.2324000000000486,13.394500000000173,0.09587093581205001,-0.019175059827035844,-0.230034395412853,18.72024,0,1
936,-8.78458,-3.259336,-20.89547,-0.6254806253542159,-0.12003398956165134,2.9325877303342205,-8.371600000000168,-3.348650000000069,13.39450000000035,0.11505210429146563,-0.0383492469894464,-0.2301216618754425,18.74024,0,1
937,-8.940849,-3.359795,-20.62758,-0.6243301043113011,-0.12156797689452167,2.928753241967589,-7.8134500000001665,-5.022950000000122,13.39450000000035,0.05752605214574114,-0.07669936664351809,-0.1917244183315777,18.76024,0,1
938,-9.085957,-3.482578,-20.37085,-0.6243301043113011,-0.12310196422739202,2.9256849531425826,-7.2554000000001775,-6.139150000000135,12.836500000000147,0.0,-0.07669936664351878,-0.1534144412503246,18.78024,0,1
939,-9.342686,-3.739307,-19.99134,-0.6273982186033821,-0.12501943530351053,2.921082519905074,-12.836450000000273,-12.836450000000273,18.975500000000395,-0.15340571460405233,-0.09587355380592795,-0.2301216618754425,18.80024,0,1
940,-9.387334,-3.795117,-19.9132,-0.6285485651133714,-0.12501943530351053,2.9199323479280093,-2.232399999999982,-2.790500000000044,3.907000000000144,-0.05751732549946887,0.0,-0.057508598853229904,18.82024,0,1
941,-9.532441,-3.951387,-19.71229,-0.6316165048725272,-0.12578642024329945,2.9168640591030033,-7.255349999998926,-7.813499999998785,10.045499999998448,-0.1533969879577639,-0.03834924698943959,-0.15341444125027515,18.84024,0,1
942,-9.666387,-4.118818,-19.53369,-0.6358349656745975,-0.12655342263638086,2.914179742713436,-6.697300000000138,-8.371550000000184,8.930000000000161,-0.2109230401035212,-0.03835011965407169,-0.13421581947837,18.86024,0,1
943,-9.778008,-4.297412,-19.37742,-0.6412039475195824,-0.12693690637962907,2.9118793987593077,-5.581050000000095,-8.929700000000164,7.813500000000129,-0.26844909224925123,-0.01917418716241056,-0.1150171977064154,18.88024,0,1
944,-9.889629,-4.476006,-19.25464,-0.6473398270378937,-0.12693690637962907,2.9103452543468045,-5.581050000000095,-8.929700000000208,6.139000000000247,-0.3067939759155712,0.0,-0.0767072206251623,18.90024,0,1
945,-9.990088,-4.6546,-19.15418,-0.6542427787624564,-0.12616992143984015,2.909577309475927,-5.022950000000145,-8.929700000000208,5.023000000000018,-0.3451475862281413,0.0383492469894464,-0.0383972435438648,18.92024,0,1
946,-10.05706,-4.833193,-19.08721,-0.6615291793236824,-0.12578642024329945,2.9088111099343013,-3.348600000000062,-8.929650000000157,3.348500000000137,-0.3643200280613068,0.019175059827035844,-0.038309977081297505,18.94024,0,1
947,-10.12403,-5.07876,-19.0314,-0.6715000708074007,-0.12578642024329945,2.9088111099343013,-3.348500000000048,-12.278350000000277,2.790499999999933,-0.49854457418592685,0.0,0.0,18.96024,0,1
948,-10.1352,-5.190381,-19.00907,-0.6768690526523857,-0.12616992143984015,2.909961281911366,-0.558500000000007,-5.58105000000014,1.116500000000033,-0.2684490922492568,-0.019175059827035844,0.057508598853229904,18.98024,0,1
949,-10.10171,-5.447109,-19.00907,-0.6883739140156819,-0.1284708937124994,2.9134135431718104,1.6744999999996726,-12.836399999997985,0.0,-0.5752430681647203,-0.11504861363294405,0.17261306302220414,19.00024,0,1
950,-10.0459,-5.625703,-19.0314,-0.6964272122502342,-0.1288543949090401,2.9168640591030033,2.790500000000111,-8.929700000000164,-1.116500000000033,-0.40266491172762126,-0.019175059827035844,0.17252579655964528,19.02024,0,1
951,-9.978926,-5.804297,-19.04256,-0.7006456730523044,-0.12655342263638086,2.9191661483863838,3.3470264867567607,-8.925237381309723,-0.5577211394303213,-0.2108176312878757,0.1149911180739297,0.11504694069867993,19.04025,0,1
952,-9.911953,-5.938242,-19.04256,-0.6987282543360634,-0.12156797689452167,2.920316320363448,3.3486500000000246,-6.697250000000131,0.0,0.09587093581205001,0.2492722870929648,0.0575085988532077,19.06025,0,1
953,-9.878467,-6.005215,-19.02024,-0.6922087514481639,-0.1173495335457439,2.9230006367530152,1.674300000000031,-3.348650000000069,1.1160000000000518,0.3259751443949868,0.21092216743889314,0.13421581947837,19.08025,0,1
954,-9.84498,-6.038701,-18.99791,-0.6845389020502748,-0.1173495335457439,2.927603069990524,1.6743500000000824,-1.674300000000031,1.116500000000033,0.38349246989446123,0.0,0.2301216618754425,19.10025,0,1
955,-9.811494,-6.027539,-18.97559,-0.6784030225319635,-0.11965050581840316,2.9318215307925946,1.674300000000031,0.5580999999999955,1.1160000000000518,0.3067939759155712,-0.11504861363296519,0.2109230401035323,19.12025,0,1
956,-9.78917,-6.016377,-18.97559,-0.6749516339361448,-0.12118447569798096,2.933353929875846,1.1161999999997927,0.5580999999998963,0.0,0.1725694297909094,-0.07669849397887848,0.07661995416255919,19.14025,0,1
957,-9.778008,-6.016377,-18.97559,-0.6718835196440639,-0.12156797689452167,2.933353929875846,0.5581000000000399,0.0,0.0,0.15340571460404678,-0.019175059827035844,0.0,19.16025,0,1
958,-9.755684,-6.016377,-18.97559,-0.6691992032544966,-0.12156797689452167,2.933353929875846,1.116199999999991,0.0,0.0,0.13421581947837,0.0,0.0,19.18025,0,1
959,-9.755684,-6.016377,-18.96442,-0.6657476401257527,-0.12118447569798096,2.933353929875846,0.0,0.0,0.558500000000007,0.17257815643719568,0.019175059827035844,0.0,19.20025,0,1
960,-9.744521,-6.005215,-18.95326,-0.6619126281603455,-0.12156797689452167,2.9337379023112846,0.5581500000000025,0.5581000000000399,0.5580000000000259,0.19175059827036675,-0.019175059827035844,0.0191986217719324,19.22025,0,1
961,-9.733359,-6.005215,-18.9421,-0.657310718521612,-0.12233496183431058,2.9352720467237874,0.5581000000000399,0.0,0.5580000000000259,0.23009548193667564,-0.0383492469894464,0.0767072206251401,19.24025,0,1
962,-9.733359,-6.005215,-18.93094,-0.6527088088828786,-0.12386894916718091,2.9368061911362906,0.0,0.0,0.5580000000000259,0.23009548193667564,-0.07669936664351809,0.0767072206251623,19.26025,0,1
963,-9.733359,-6.005215,-18.91978,-0.6488737969174714,-0.12463593410696983,2.9375723906779156,0.0,0.0,0.5580000000000259,0.19175059827036675,-0.0383492469894464,0.0383099770812531,19.28025,0,1
964,-9.733359,-6.005215,-18.91978,-0.6469563782012304,-0.12425245036372164,2.9375723906779156,0.0,0.0,0.0,0.09587093581205001,0.019174187162409866,0.0,19.30025,0,1
965,-9.733359,-6.005215,-18.90861,-0.6461894805279041,-0.12310196422739202,2.9368061911362906,0.0,0.0,0.5584999999999078,0.038344883666307616,0.057524306816472026,-0.03830997708124629,19.32025,0,1
966,-9.733359,-6.005215,-18.90861,-0.6461894805279041,-0.12156797689452167,2.936039991594665,0.0,0.0,0.0,0.0,0.07669936664351878,-0.0383099770812753,19.34025,0,1
967,-9.744521,-6.016377,-18.90861,-0.6461894805279041,-0.12003398956165134,2.9352720467237874,-0.5581000000000399,-0.5581000000000399,0.0,0.0,0.07669936664351809,-0.038397243543887,19.36025,0,1
968,-9.744521,-6.016377,-18.90861,-0.6461894805279041,-0.11888350342532172,2.9348880742883487,0.0,0.0,0.0,0.0,0.05752430681648225,-0.0191986217719324,19.38025,0,1
969,-9.744521,-6.027539,-18.90861,-0.6461894805279041,-0.1173495335457439,2.9345058471821623,0.0,-0.5580999999999955,0.0,0.0,0.0766984939788928,-0.019111355309320694,19.40025,0,1
970,-9.755684,-6.027539,-18.90861,-0.6458058571583158,-0.11619904740941427,2.9345058471821623,-0.5581500000000025,0.0,0.0,0.01918116847941561,0.05752430681648294,0.0,19.42025,0,1
971,-9.755684,-6.027539,-18.89745,-0.6450389594849896,-0.11504856127308465,2.9345058471821623,0.0,0.0,0.5580000000000259,0.03834488366631443,0.05752430681648225,0.0,19.44025,0,1
