,0,1,2,3,4,5,6,7,8,9,10,11,12,13,14,15,16,17,18,19,20,21
0,0.0,1.0,0.0,0.02,0.6237792777777778,0.43127441666666666,0.028320277777777788,0.02,0.0,0.0,0.0,0.0,0.0,0.0,0.0,0.0,0.0,0.0,0.0,0.0,0.0,1.0
1,0.0,1.0,0.0,0.04,0.623291,0.43127441666666666,0.0289916666666667,0.04,0.0,0.0,0.0,0.0,0.0,0.0,0.0,0.0,0.0,0.0,0.0,0.0,0.0,1.0
2,0.0,1.0,0.0,0.06,0.6164550555555556,0.4317626944444445,0.029479999999999982,0.06,0.0,0.0,0.0,0.0,0.0,0.0,0.0,0.0,0.0,0.0,0.0,0.0,0.0,1.0
3,0.0,1.0,0.0,0.08,0.6164550555555556,0.4317626944444445,0.029479999999999982,0.08,0.0,0.0,0.0,0.0,0.0,0.0,0.0,0.0,0.0,0.0,0.0,0.0,0.0,1.0
4,0.0,1.0,0.0,0.09999999,0.6164550555555556,0.4317626944444445,0.029479999999999982,0.09999999,0.0,0.0,0.0,0.0,0.0,0.0,0.0,0.0,0.0,0.0,0.0,0.0,0.0,1.0
5,0.0,1.0,0.0,0.12,0.6165771666666667,0.4317626944444445,0.029541111111111146,0.12,0.0,0.0,0.0,0.0,0.0,0.0,0.0,0.0,0.0,0.0,0.0,0.0,0.0,1.0
6,0.0,1.0,0.0,0.14,0.6165771666666667,0.4317626944444445,0.029541111111111146,0.14,0.0,0.0,0.0,0.0,0.0,0.0,0.0,0.0,0.0,0.0,0.0,0.0,0.0,1.0
7,0.0,1.0,0.0,0.16,0.6165771666666667,0.4317626944444445,0.029541111111111146,0.16,0.0,0.0,0.0,0.0,0.0,0.0,0.0,0.0,0.0,0.0,0.0,0.0,0.0,1.0
8,0.0,1.0,0.0,0.18,0.6165771666666667,0.4317626944444445,0.029541111111111146,0.18,0.0,0.0,0.0,0.0,0.0,0.0,0.0,0.0,0.0,0.0,0.0,0.0,0.0,1.0
9,0.0,1.0,0.0,0.2,0.6165771666666667,0.4317626944444445,0.029541111111111146,0.2,0.0,0.0,0.0,0.0,0.0,0.0,0.0,0.0,0.0,0.0,0.0,0.0,0.0,1.0
10,0.0,1.0,0.0,0.22,0.6165771666666667,0.4317626944444445,0.029541111111111146,0.22,0.0,0.0,0.0,0.0,0.0,0.0,0.0,0.0,0.0,0.0,0.0,0.0,0.0,1.0
11,0.0,1.0,0.0,0.24,0.6165771666666667,0.4317626944444445,0.029541111111111146,0.24,0.0,0.0,0.0,0.0,0.0,0.0,0.0,0.0,0.0,0.0,0.0,0.0,0.0,1.0
12,0.0,1.0,0.0,0.26,0.6165771666666667,0.4317626944444445,0.029541111111111146,0.26,0.0,0.0,0.0,0.0,0.0,0.0,0.0,0.0,0.0,0.0,0.0,0.0,0.0,1.0
13,0.0,1.0,0.0,0.28,0.6165771666666667,0.4317626944444445,0.029541111111111146,0.28,0.0,0.0,0.0,0.0,0.0,0.0,0.0,0.0,0.0,0.0,0.0,0.0,0.0,1.0
14,0.0,1.0,0.0,0.3,0.6165771666666667,0.4317626944444445,0.029541111111111146,0.3,0.0,0.0,0.0,0.0,0.0,0.0,0.0,0.0,0.0,0.0,0.0,0.0,0.0,1.0
15,0.0,1.0,0.0,0.32,0.6165771666666667,0.4317626944444445,0.029601944444444448,0.32,0.0,0.0,0.0,0.0,0.0,0.0,0.0,0.0,0.0,0.0,0.0,0.0,0.0,1.0
16,0.0,1.0,0.0,0.34,0.6165771666666667,0.4317626944444445,0.029601944444444448,0.34,0.0,0.0,0.0,0.0,0.0,0.0,0.0,0.0,0.0,0.0,0.0,0.0,0.0,1.0
17,0.0,1.0,0.0,0.36,0.6165771666666667,0.4317626944444445,0.029601944444444448,0.36,0.0,0.0,0.0,0.0,0.0,0.0,0.0,0.0,0.0,0.0,0.0,0.0,0.0,1.0
18,0.0,1.0,0.0,0.38,0.6169433333333334,0.4318237222222222,0.02996833333333334,0.38,0.0,0.0,0.0,0.0,0.0,0.0,0.0,0.0,0.0,0.0,0.0,0.0,0.0,1.0
19,0.0,1.0,0.0,0.4,0.6169433333333334,0.4318237222222222,0.02996833333333334,0.4,0.0,0.0,0.0,0.0,0.0,0.0,0.0,0.0,0.0,0.0,0.0,0.0,0.0,1.0
20,0.0,1.0,0.0,0.42,0.6169433333333334,0.4318237222222222,0.03002916666666664,0.42,0.0,0.0,0.0,0.0,0.0,0.0,0.0,0.0,0.0,0.0,0.0,0.0,0.0,1.0
21,0.0,1.0,0.0,0.4400001,0.6169433333333334,0.4318847777777778,0.030151388888888894,0.4400001,0.0,0.0,0.0,0.0,0.0,0.0,0.0,0.0,0.0,0.0,0.0,0.0,0.0,1.0
22,0.0,1.0,0.0,0.4600001,0.6169433333333334,0.4318847777777778,0.03021249999999998,0.4600001,0.0,0.0,0.0,0.0,0.0,0.0,0.0,0.0,0.0,0.0,0.0,0.0,0.0,1.0
23,0.0,1.0,0.0,0.48000010000000004,0.6169433333333334,0.4318237222222222,0.03027333333333336,0.48000010000000004,0.0,0.0,0.0,0.0,0.0,0.0,0.0,0.0,0.0,0.0,0.0,0.0,0.0,1.0
24,0.0,1.0,0.0,0.5000001000000001,0.6170654444444444,0.4318237222222222,0.03027333333333336,0.5000001000000001,0.0,0.0,0.0,0.0,0.0,0.0,0.0,0.0,0.0,0.0,0.0,0.0,0.0,1.0
25,0.0,1.0,0.0,0.52,0.6173095555555556,0.4317626944444445,0.03021249999999998,0.52,0.0,0.0,0.0,0.0,0.0,0.0,0.0,0.0,0.0,0.0,0.0,0.0,0.0,1.0
26,0.0,1.0,0.0,0.54,0.6175537222222223,0.43170166666666665,0.030090277777777806,0.54,0.0,0.0,0.0,0.0,0.0,0.0,0.0,0.0,0.0,0.0,0.0,0.0,0.0,1.0
27,0.0,1.0,0.0,0.56,0.6176757777777778,0.43157958333333335,0.02990722222222225,0.56,0.0,0.0,0.0,0.0,0.0,0.0,0.0,0.0,0.0,0.0,0.0,0.0,0.0,1.0
28,0.0,1.0,0.0,0.58,0.6173095555555556,0.4315185555555555,0.0297241666666667,0.58,0.0,0.0,0.0,0.0,0.0,0.0,0.0,0.0,0.0,0.0,0.0,0.0,0.0,1.0
29,0.0,1.0,0.0,0.6,0.6171875,0.4315185555555555,0.0297241666666667,0.6,0.0,0.0,0.0,0.0,0.0,0.0,0.0,0.0,0.0,0.0,0.0,0.0,0.0,1.0
30,0.0,1.0,0.0,0.6199998999999999,0.6165771666666667,0.4315185555555555,0.0297241666666667,0.6199998999999999,0.0,0.0,0.0,0.0,0.0,0.0,0.0,0.0,0.0,0.0,0.0,0.0,0.0,1.0
31,0.0,1.0,0.0,0.6399999,0.6160888888888889,0.4315185555555555,0.0297241666666667,0.6399999,0.0,0.0,0.0,0.0,0.0,0.0,0.0,0.0,0.0,0.0,0.0,0.0,0.0,1.0
32,0.0,1.0,0.0,0.6599999,0.6158447222222222,0.4313964722222222,0.029846111111111087,0.6599999,0.0,0.0,0.0,0.0,0.0,0.0,0.0,0.0,0.0,0.0,0.0,0.0,0.0,1.0
33,0.0,1.0,0.0,0.6799999,0.6157226666666666,0.43127441666666666,0.03002916666666664,0.6799999,0.0,0.0,0.0,0.0,0.0,0.0,0.0,0.0,0.0,0.0,0.0,0.0,0.0,1.0
34,0.0,1.0,0.0,0.6999999,0.6157226666666666,0.43103027777777775,0.03027333333333336,0.6999999,0.0,0.0,0.0,0.0,0.0,0.0,0.0,0.0,0.0,0.0,0.0,0.0,0.0,1.0
35,0.0,1.0,0.0,0.7199998000000001,0.6160888888888889,0.4307861388888889,0.0305175,0.7199998000000001,0.0,0.0,0.0,0.0,0.0,0.0,0.0,0.0,0.0,0.0,0.0,0.0,0.0,1.0
36,0.0,1.0,0.0,0.7399998000000001,0.6170654444444444,0.43060302777777776,0.030395555555555533,0.7399998000000001,0.0,0.0,0.0,0.0,0.0,0.0,0.0,0.0,0.0,0.0,0.0,0.0,0.0,1.0
37,0.0,1.0,0.0,0.7599998,0.6176757777777778,0.43048094444444446,0.02996833333333334,0.7599998,0.0,0.0,0.0,0.0,0.0,0.0,0.0,0.0,0.0,0.0,0.0,0.0,0.0,1.0
38,0.0,1.0,0.0,0.7799998,0.6179199444444444,0.4298095833333333,0.02990722222222225,0.7799998,0.0,0.0,0.0,0.0,0.0,0.0,0.0,0.0,0.0,0.0,0.0,0.0,0.0,1.0
39,0.0,1.0,0.0,0.7999998,0.6176757777777778,0.4286498888888889,0.031188888888888835,0.7999998,0.0,0.0,0.0,0.0,0.0,0.0,0.0,0.0,0.0,0.0,0.0,0.0,0.0,1.0
40,0.0,1.0,0.0,0.8199998,0.6175537222222223,0.42724608333333336,0.033691388888888854,0.8199998,0.0,0.0,0.0,0.0,0.0,0.0,0.0,0.0,0.0,0.0,0.0,0.0,0.0,1.0
41,0.0,1.0,0.0,0.8399996999999999,0.6170654444444444,0.4260253888888889,0.03686527777777779,0.8399996999999999,0.0,0.0,0.0,0.0,0.0,0.0,0.0,0.0,0.0,0.0,0.0,0.0,0.0,1.0
42,0.0,1.0,0.0,0.8599996999999999,0.616333,0.42492675,0.04009999999999994,0.8599996999999999,0.0,0.0,0.0,0.0,0.0,0.0,0.0,0.0,0.0,0.0,0.0,0.0,0.0,1.0
43,0.0,1.0,0.0,0.8799996999999999,0.6157226666666666,0.4242553611111111,0.04211416666666668,0.8799996999999999,0.0,0.0,0.0,0.0,0.0,0.0,0.0,0.0,0.0,0.0,0.0,0.0,0.0,1.0
44,0.0,1.0,0.0,0.8999997,0.6152343888888888,0.4230346666666667,0.04504388888888889,0.8999997,0.0,0.0,0.0,0.0,0.0,0.0,0.0,0.0,0.0,0.0,0.0,0.0,0.0,1.0
45,0.0,1.0,0.0,0.9199997,0.6156006111111111,0.42218016666666663,0.046203611111111084,0.9199997,0.0,0.0,0.0,0.0,0.0,0.0,0.0,0.0,0.0,0.0,0.0,0.0,0.0,1.0
46,0.0,1.0,0.0,0.9399995999999999,0.6160888888888889,0.4212646388888889,0.04718027777777781,0.9399995999999999,0.0,0.0,0.0,0.0,0.0,0.0,0.0,0.0,0.0,0.0,0.0,0.0,0.0,1.0
47,0.0,1.0,0.0,0.9599996,0.6153564444444445,0.4203491111111111,0.04888916666666666,0.9599996,0.0,0.0,0.0,0.0,0.0,0.0,0.0,0.0,0.0,0.0,0.0,0.0,0.0,1.0
48,0.0,1.0,0.0,0.9799996,0.6132812777777777,0.41943358333333336,0.050781111111111145,0.9799996,0.0,0.0,0.0,0.0,0.0,0.0,0.0,0.0,0.0,0.0,0.0,0.0,0.0,1.0
49,0.0,1.0,0.0,0.9999995999999999,0.6054687777777777,0.4168701111111111,0.055297777777777744,0.9999995999999999,0.0,0.0,0.0,0.0,0.0,0.0,0.0,0.0,0.0,0.0,0.0,0.0,0.0,1.0
50,0.0,1.0,0.0,1.02,0.5988769444444444,0.4147338888888889,0.05810555555555557,1.02,0.0,0.0,0.0,0.0,0.0,0.0,0.0,0.0,0.0,0.0,0.0,0.0,0.0,1.0
51,0.0,1.0,0.0,1.04,0.5939941666666666,0.41387938888888887,0.0602416666666667,1.04,0.0,0.0,0.0,0.0,0.0,0.0,0.0,0.0,0.0,0.0,0.0,0.0,0.0,1.0
52,0.0,1.0,0.0,1.06,0.5935058333333334,0.41412352777777783,0.06066888888888889,1.06,0.0,0.0,0.0,0.0,0.0,0.0,0.0,0.0,0.0,0.0,0.0,0.0,0.0,1.0
53,0.0,1.0,0.0,1.08,0.5917968888888888,0.41552733333333336,0.061828611111111084,1.08,0.0,0.0,0.0,0.0,0.0,0.0,0.0,0.0,0.0,0.0,0.0,0.0,0.0,1.0
54,0.0,1.0,0.0,1.1,0.5888671666666666,0.4177246111111111,0.06311027777777775,1.1,0.0,0.0,0.0,0.0,0.0,0.0,0.0,0.0,0.0,0.0,0.0,0.0,0.0,1.0
55,0.0,1.0,0.0,1.12,0.5853271666666667,0.42041016666666664,0.06463611111111113,1.12,0.0,0.0,0.0,0.0,0.0,0.0,0.0,0.0,0.0,0.0,0.0,0.0,0.0,1.0
56,0.0,1.0,0.0,1.14,0.5812988333333333,0.4244995,0.06677249999999996,1.14,0.0,0.0,0.0,0.0,0.0,0.0,0.0,0.0,0.0,0.0,0.0,0.0,0.0,1.0
57,0.0,1.0,0.0,1.159999,0.5800781111111112,0.42663575,0.06762694444444442,1.159999,0.0,0.0,0.0,0.0,0.0,0.0,0.0,0.0,0.0,0.0,0.0,0.0,0.0,1.0
58,0.0,1.0,0.0,1.179999,0.5775146666666667,0.42987061111111113,0.06890861111111109,1.179999,0.0,0.0,0.0,0.0,0.0,0.0,0.0,0.0,0.0,0.0,0.0,0.0,0.0,1.0
59,0.0,1.0,0.0,1.199999,0.5734863333333333,0.4308471666666667,0.06988527777777781,1.199999,0.0,0.0,0.0,0.0,0.0,0.0,0.0,0.0,0.0,0.0,0.0,0.0,0.0,1.0
60,0.0,1.0,0.0,1.219999,0.5667724444444444,0.4303588888888889,0.0711058333333333,1.219999,0.0,0.0,0.0,0.0,0.0,0.0,0.0,0.0,0.0,0.0,0.0,0.0,0.0,1.0
61,0.0,1.0,0.0,1.239999,0.5585937777777777,0.4285278333333333,0.0729369444444444,1.239999,0.0,0.0,0.0,0.0,0.0,0.0,0.0,0.0,0.0,0.0,0.0,0.0,0.0,1.0
62,0.0,1.0,0.0,1.2599989999999999,0.5501709,0.42559813888888887,0.07507333333333333,1.2599989999999999,0.0,0.0,0.0,0.0,0.0,0.0,0.0,0.0,0.0,0.0,0.0,0.0,0.0,1.0
63,0.0,1.0,0.0,1.2799989999999999,0.5423584,0.42218016666666663,0.0773316666666667,1.2799989999999999,0.0,0.0,0.0,0.0,0.0,0.0,0.0,0.0,0.0,0.0,0.0,0.0,0.0,1.0
64,0.0,1.0,0.0,1.299999,0.5347900388888889,0.4193725555555555,0.0796508333333333,1.299999,0.0,0.0,0.0,0.0,0.0,0.0,0.0,0.0,0.0,0.0,0.0,0.0,0.0,1.0
65,0.0,1.0,0.0,1.319999,0.5270996111111111,0.41778563888888887,0.08190916666666669,1.319999,0.0,0.0,0.0,0.0,0.0,0.0,0.0,0.0,0.0,0.0,0.0,0.0,0.0,1.0
66,0.0,1.0,0.0,1.339999,0.5157470722222223,0.4172363333333334,0.08447277777777779,1.339999,0.0,0.0,0.0,0.0,0.0,0.0,0.0,0.0,0.0,0.0,0.0,0.0,0.0,1.0
67,0.0,1.0,0.0,1.359999,0.5101318333333333,0.4172973611111111,0.08563222222222219,1.359999,0.0,0.0,0.0,0.0,0.0,0.0,0.0,0.0,0.0,0.0,0.0,0.0,0.0,1.0
68,0.008867149999999935,1.0,0.0,1.379999,0.5024414061111111,0.4177246111111111,0.08685305555555556,1.379999,0.0,0.0,0.0,0.0,0.0,0.0,0.0,0.0,0.0,0.0,0.0,0.0,0.0,1.0
69,0.04123730000000005,1.0,0.0,1.399999,0.4956054688888889,0.418396,0.08764638888888886,1.399999,0.0,0.0,0.0,0.0,0.0,0.0,0.0,0.0,0.0,0.0,0.0,0.0,0.0,1.0
70,0.07360744999999999,1.0,0.0,1.419999,0.4884033222222222,0.41918944444444445,0.08801277777777775,1.419999,0.0,0.0,0.0,0.0,0.0,0.0,0.0,0.0,0.0,0.0,0.0,0.0,0.0,1.0
71,0.10597754999999998,1.0,0.0,1.439999,0.48010253888888893,0.41973877777777774,0.08789055555555557,1.439999,0.0,0.0,0.0,0.0,0.0,0.0,0.0,0.0,0.0,0.0,0.0,0.0,0.0,1.0
72,0.13834765,1.0,0.0,1.459999,0.47119140555555555,0.4196166944444444,0.0874633333333333,1.459999,0.0,0.0,0.0,0.0,0.0,0.0,0.0,0.0,0.0,0.0,0.0,0.0,0.0,1.0
73,0.16736915,1.0,0.0,1.479999,0.4620361333333334,0.41815186111111113,0.08715833333333337,1.479999,0.0,0.0,0.0,0.0,0.0,0.0,0.0,0.0,0.0,0.0,0.0,0.0,0.0,1.0
74,0.19360009999999997,1.0,0.0,1.499999,0.45251464999999996,0.41485594444444446,0.08734138888888891,1.499999,0.0,0.0,0.0,0.0,0.0,0.0,0.0,0.0,0.0,0.0,0.0,0.0,0.0,1.0
75,0.21759865,1.0,0.0,1.5199989999999999,0.44299316666666666,0.41033936111111113,0.08795166666666666,1.5199989999999999,0.0,0.0,0.0,0.0,0.0,0.0,0.0,0.0,0.0,0.0,0.0,0.0,0.0,1.0
76,0.2415972,1.0,0.0,1.539999,0.4343261666666666,0.40588377777777773,0.08844000000000002,1.539999,0.0,0.0,0.0,0.0,0.0,0.0,0.0,0.0,0.0,0.0,0.0,0.0,0.0,1.0
77,0.26280519999999996,1.0,0.0,1.559999,0.42675783333333334,0.40234375,0.08868416666666666,1.559999,0.0,0.0,0.0,0.0,0.0,0.0,0.0,0.0,0.0,0.0,0.0,0.0,0.0,1.0
78,0.277874,1.0,0.0,1.579999,0.4199218888888889,0.39990233333333336,0.08868416666666666,1.579999,0.0,0.0,0.0,0.0,0.0,0.0,0.0,0.0,0.0,0.0,0.0,0.0,0.0,1.0
79,0.28791995,1.0,0.0,1.599999,0.41357422222222223,0.39825438888888887,0.08813472222222221,1.599999,0.0,0.0,0.0,0.0,0.0,0.0,0.0,0.0,0.0,0.0,0.0,0.0,0.0,1.0
80,0.29517530000000003,1.0,0.0,1.619999,0.4075927777777778,0.3970336944444445,0.08697500000000002,1.619999,0.0,0.0,0.0,0.0,0.0,0.0,0.0,0.0,0.0,0.0,0.0,0.0,0.0,1.0
81,0.3068955,1.0,0.0,1.6399990000000002,0.3973388888888889,0.39447022222222217,0.0841063888888889,1.6399990000000002,0.0,0.0,0.0,0.0,0.0,0.0,0.0,0.0,0.0,0.0,0.0,0.0,0.0,1.0
82,0.30912795,1.0,0.0,1.6599990000000002,0.3956298888888889,0.39361572222222224,0.08349611111111115,1.6599990000000002,0.0,0.0,0.0,0.0,0.0,0.0,0.0,0.0,0.0,0.0,0.0,0.0,0.0,1.0
83,0.31526709999999997,1.0,0.0,1.6799990000000002,0.3894042777777778,0.3900146388888889,0.08239749999999996,1.6799990000000002,0.0,0.0,0.0,0.0,0.0,0.0,0.0,0.0,0.0,0.0,0.0,0.0,0.0,1.0
84,0.32029005,1.0,0.0,1.6999990000000003,0.38269044444444444,0.38513183333333334,0.08227527777777778,1.6999990000000003,0.0,0.0,0.0,0.0,0.0,0.0,0.0,0.0,0.0,0.0,0.0,0.0,0.0,1.0
85,0.32587109999999997,1.0,0.0,1.719999,0.3758545,0.3800048888888889,0.08276361111111115,1.719999,0.0,0.0,0.0,0.0,0.0,0.0,0.0,0.0,0.0,0.0,0.0,0.0,0.0,1.0
86,0.33201025,1.0,0.0,1.739999,0.3692627222222222,0.3756103611111111,0.08337388888888889,1.739999,0.0,0.0,0.0,0.0,0.0,0.0,0.0,0.0,0.0,0.0,0.0,0.0,0.0,1.0
87,0.33982375,1.0,0.0,1.759999,0.3631591666666667,0.3724365277777778,0.08374027777777779,1.759999,0.0,0.0,0.0,0.0,0.0,0.0,0.0,0.0,0.0,0.0,0.0,0.0,0.0,1.0
88,0.34986965000000003,1.0,0.0,1.779999,0.3574218888888889,0.37023925,0.0840452777777778,1.779999,0.0,0.0,0.0,0.0,0.0,0.0,0.0,0.0,0.0,0.0,0.0,0.0,0.0,1.0
89,0.36438034999999996,1.0,0.0,1.7999990000000001,0.350708,0.3678588888888889,0.08477777777777781,1.7999990000000001,0.0,0.0,0.0,0.0,0.0,0.0,0.0,0.0,0.0,0.0,0.0,0.0,0.0,1.0
90,0.37386815,1.0,0.0,1.8199990000000001,0.3477783333333333,0.36682127777777773,0.08496083333333336,1.8199990000000001,0.0,0.0,0.0,0.0,0.0,0.0,0.0,0.0,0.0,0.0,0.0,0.0,0.0,1.0
91,0.3872627,0.9978509333333334,0.0,1.8399990000000002,0.34362794444444444,0.36517333333333335,0.08551027777777781,1.8399990000000002,0.0,0.0,0.0,0.0,0.0,0.0,0.0,0.0,0.0,0.0,0.0,0.0,0.0,1.0
92,0.40065720000000005,0.9569232,0.0,1.8599990000000002,0.33935544444444443,0.36376952777777777,0.08587638888888892,1.8599990000000002,0.0,0.0,0.0,0.0,0.0,0.0,0.0,0.0,0.0,0.0,0.0,0.0,0.0,1.0
93,0.41405174999999994,0.9167396,0.0,1.8799990000000002,0.3347167777777778,0.36309813888888887,0.08599861111111108,1.8799990000000002,0.0,0.0,0.0,0.0,0.0,0.0,0.0,0.0,0.0,0.0,0.0,0.0,0.0,1.0
94,0.42688819999999994,0.8750677333333333,0.0,1.8999990000000002,0.3297118888888889,0.3634033333333333,0.08587638888888892,1.8999990000000002,0.0,0.0,0.0,0.0,0.0,0.0,0.0,0.0,0.0,0.0,0.0,0.0,0.0,1.0
95,0.4380503,0.8319075333333333,0.0,1.9199990000000002,0.3243408333333333,0.3643188611111111,0.08569333333333336,1.9199990000000002,0.0,0.0,0.0,0.0,0.0,0.0,0.0,0.0,0.0,0.0,0.0,0.0,0.0,1.0
96,0.4480962,0.7872591333333332,0.0,1.9399990000000003,0.3188476666666667,0.3652343611111111,0.08563222222222219,1.9399990000000003,0.0,0.0,0.0,0.0,0.0,0.0,0.0,0.0,0.0,0.0,0.0,0.0,0.0,1.0
97,0.45702587999999994,0.7426106666666666,0.0,1.9599990000000003,0.3131103333333333,0.36560058333333334,0.08587638888888892,1.9599990000000003,0.0,0.0,0.0,0.0,0.0,0.0,0.0,0.0,0.0,0.0,0.0,0.0,0.0,1.0
98,0.46428125,0.6964739333333333,0.018819500000000034,1.979999,0.30737305555555555,0.3655395555555556,0.08642583333333335,1.979999,0.0,0.0,0.0,0.0,0.0,0.0,0.0,0.0,0.0,0.0,0.0,0.0,0.0,1.0
99,0.46986230500000004,0.6510814,0.04393399999999996,1.999999,0.30163572222222224,0.36541747222222226,0.0870361111111111,1.999999,0.0,0.0,0.0,0.0,0.0,0.0,0.0,0.0,0.0,0.0,0.0,0.0,0.0,1.0
100,0.47376904,0.6064329333333334,0.06681650000000001,2.0199990000000003,0.29589844444444446,0.3656616111111111,0.08758555555555556,2.0199990000000003,0.0,0.0,0.0,0.0,0.0,0.0,0.0,0.0,0.0,0.0,0.0,0.0,0.0,1.0
101,0.477117675,0.5632728,0.08858250000000005,2.0399990000000003,0.2905273333333333,0.36596680555555555,0.08795166666666666,2.0399990000000003,0.0,0.0,0.0,0.0,0.0,0.0,0.0,0.0,0.0,0.0,0.0,0.0,0.0,1.0
102,0.479908205,0.5230892,0.10867450000000005,2.0599990000000004,0.28564455555555557,0.3660888611111111,0.08831777777777777,2.0599990000000004,0.0,0.0,0.0,0.0,0.0,0.0,0.0,0.0,0.0,0.0,0.0,0.0,0.0,1.0
103,0.48158252,0.4866263333333334,0.12765000000000004,2.0799990000000004,0.28137205555555556,0.36572266666666664,0.08874500000000005,2.0799990000000004,0.0,0.0,0.0,0.0,0.0,0.0,0.0,0.0,0.0,0.0,0.0,0.0,0.0,1.0
104,0.483256835,0.4337923333333334,0.15667150000000002,2.099999,0.27551272222222223,0.364563,0.08959972222222222,2.099999,0.0,0.0,0.0,0.0,0.0,0.0,0.0,0.0,0.0,0.0,0.0,0.0,0.0,1.0
105,0.483256835,0.4241184666666667,0.16169449999999994,2.119999,0.2746582222222222,0.3643188611111111,0.08972166666666669,2.119999,0.0,0.0,0.0,0.0,0.0,0.0,0.0,0.0,0.0,0.0,0.0,0.0,0.0,1.0
106,0.48381493999999997,0.39658528666666665,0.17732100000000006,2.139999,0.27160644444444443,0.3635253888888889,0.09014888888888888,2.139999,0.0,0.0,0.0,0.0,0.0,0.0,0.0,0.0,0.0,0.0,0.0,0.0,0.0,1.0
107,0.48493115500000006,0.3712845066666667,0.19183199999999995,2.159999,0.26867677777777776,0.3625488333333334,0.09063722222222223,2.159999,0.0,0.0,0.0,0.0,0.0,0.0,0.0,0.0,0.0,0.0,0.0,0.0,0.0,1.0
108,0.48548926000000003,0.34672786666666666,0.20522650000000003,2.179999,0.265625,0.3610229444444444,0.09124749999999998,2.179999,0.0,0.0,0.0,0.0,0.0,0.0,0.0,0.0,0.0,0.0,0.0,0.0,0.0,1.0
109,0.487163575,0.3236595066666667,0.21806300000000006,2.199999,0.26257322222222224,0.3586425833333334,0.09210194444444444,2.199999,0.0,0.0,0.0,0.0,0.0,0.0,0.0,0.0,0.0,0.0,0.0,0.0,0.0,1.0
110,0.488279785,0.30133528666666665,0.23034149999999992,2.219999,0.25964355555555557,0.35583497222222227,0.09307861111111108,2.219999,0.0,0.0,0.0,0.0,0.0,0.0,0.0,0.0,0.0,0.0,0.0,0.0,0.0,1.0
111,0.488279785,0.28049934666666665,0.24206149999999999,2.239999,0.2572021666666667,0.3532714722222222,0.09387194444444447,2.239999,0.0,0.0,0.0,0.0,0.0,0.0,0.0,0.0,0.0,0.0,0.0,0.0,0.0,1.0
112,0.48772168000000005,0.26115166666666667,0.2532235,2.259999,0.2550048888888889,0.35174561111111113,0.09417722222222219,2.259999,0.0,0.0,0.0,0.0,0.0,0.0,0.0,0.0,0.0,0.0,0.0,0.0,0.0,1.0
113,0.48660547000000004,0.2425482,0.2638275,2.279999,0.2531738333333334,0.3513183611111111,0.09411611111111111,2.279999,0.0,0.0,0.0,0.0,0.0,0.0,0.0,0.0,0.0,0.0,0.0,0.0,0.0,1.0
114,0.484373045,0.22543293333333334,0.2727575,2.299999,0.2514648333333333,0.3515625,0.09381111111111116,2.299999,0.0,0.0,0.0,0.0,0.0,0.0,0.0,0.0,0.0,0.0,0.0,0.0,0.0,1.0
115,0.482140625,0.20980600000000002,0.27945449999999994,2.319999,0.25,0.3521728611111111,0.09338388888888889,2.319999,0.0,0.0,0.0,0.0,0.0,0.0,0.0,0.0,0.0,0.0,0.0,0.0,0.0,1.0
116,0.47879199000000006,0.19641146666666667,0.28503550000000005,2.339998,0.24865722222222222,0.3529663055555555,0.09283444444444444,2.339998,0.0,0.0,0.0,0.0,0.0,0.0,0.0,0.0,0.0,0.0,0.0,0.0,0.0,1.0
117,0.47488525499999995,0.18450519999999998,0.2883839999999999,2.359998,0.2475586111111111,0.354187,0.09197999999999998,2.359998,0.0,0.0,0.0,0.0,0.0,0.0,0.0,0.0,0.0,0.0,0.0,0.0,0.0,1.0
118,0.47042041,0.1748314,0.29061649999999994,2.379998,0.24658205555555557,0.35595702777777777,0.09094249999999995,2.379998,0.0,0.0,0.0,0.0,0.0,0.0,0.0,0.0,0.0,0.0,0.0,0.0,0.0,1.0
119,0.46204882999999997,0.1599486,0.29117499999999996,2.399998,0.24536133333333335,0.36016844444444446,0.08917250000000002,2.399998,0.0,0.0,0.0,0.0,0.0,0.0,0.0,0.0,0.0,0.0,0.0,0.0,0.0,1.0
120,0.46093262,0.1592044,0.29061649999999994,2.419998,0.2446288888888889,0.36096191666666666,0.08886722222222221,2.419998,0.0,0.0,0.0,0.0,0.0,0.0,0.0,0.0,0.0,0.0,0.0,0.0,0.0,1.0
121,0.456467775,0.15399546666666666,0.2895005000000001,2.439998,0.2437743888888889,0.3643798888888889,0.08813472222222221,2.439998,0.0,0.0,0.0,0.0,0.0,0.0,0.0,0.0,0.0,0.0,0.0,0.0,0.0,1.0
122,0.45311914,0.15101886666666667,0.2872680000000001,2.459998,0.24328611111111112,0.3682251111111111,0.0874633333333333,2.459998,0.0,0.0,0.0,0.0,0.0,0.0,0.0,0.0,0.0,0.0,0.0,0.0,0.0,1.0
123,0.45088671500000005,0.15027473333333333,0.28503550000000005,2.479998,0.24328611111111112,0.371521,0.0870361111111111,2.479998,0.0,0.0,0.0,0.0,0.0,0.0,0.0,0.0,0.0,0.0,0.0,0.0,0.0,1.0
124,0.44977049999999996,0.15027473333333333,0.2833615,2.499998,0.243042,0.37371825,0.0867308333333333,2.499998,0.0,0.0,0.0,0.0,0.0,0.0,0.0,0.0,0.0,0.0,0.0,0.0,0.0,1.0
125,0.44921240000000007,0.15101886666666667,0.28112899999999996,2.5199979999999997,0.24291994444444448,0.3757324166666666,0.08667,2.5199979999999997,0.0,0.0,0.0,0.0,0.0,0.0,0.0,0.0,0.0,0.0,0.0,0.0,0.0,1.0
126,0.44921240000000007,0.15101886666666667,0.27889649999999994,2.5399979999999998,0.2426757777777778,0.37713622222222226,0.0867308333333333,2.5399979999999998,0.0,0.0,0.0,0.0,0.0,0.0,0.0,0.0,0.0,0.0,0.0,0.0,0.0,1.0
127,0.45032861,0.14953059999999999,0.2777799999999999,2.5599979999999998,0.2425537222222222,0.3777465833333333,0.08697500000000002,2.5599979999999998,0.0,0.0,0.0,0.0,0.0,0.0,0.0,0.0,0.0,0.0,0.0,0.0,0.0,1.0
128,0.45088671500000005,0.14878646666666667,0.2772219999999999,2.579998,0.24243166666666668,0.3778686388888889,0.08709722222222219,2.579998,0.0,0.0,0.0,0.0,0.0,0.0,0.0,0.0,0.0,0.0,0.0,0.0,0.0,1.0
129,0.45200293,0.14580986666666668,0.2772219999999999,2.599998,0.24206544444444442,0.3781738333333334,0.08715833333333337,2.599998,0.0,0.0,0.0,0.0,0.0,0.0,0.0,0.0,0.0,0.0,0.0,0.0,0.0,1.0
130,0.45311914,0.14283333333333334,0.2772219999999999,2.619998,0.24145505555555552,0.37860108333333337,0.0870361111111111,2.619998,0.0,0.0,0.0,0.0,0.0,0.0,0.0,0.0,0.0,0.0,0.0,0.0,0.0,1.0
131,0.453677245,0.1398568,0.2772219999999999,2.639998,0.24084472222222222,0.37921141666666663,0.08685305555555556,2.639998,0.0,0.0,0.0,0.0,0.0,0.0,0.0,0.0,0.0,0.0,0.0,0.0,0.0,1.0
132,0.45423535,0.13688019999999998,0.2777799999999999,2.659998,0.2406006111111111,0.37982177777777776,0.08654777777777775,2.659998,0.0,0.0,0.0,0.0,0.0,0.0,0.0,0.0,0.0,0.0,0.0,0.0,0.0,1.0
133,0.45423535,0.13539193333333335,0.2777799999999999,2.679998,0.2406006111111111,0.3803100555555555,0.08612055555555555,2.679998,0.0,0.0,0.0,0.0,0.0,0.0,0.0,0.0,0.0,0.0,0.0,0.0,0.0,1.0
134,0.45423535,0.1346478,0.2772219999999999,2.699998,0.24084472222222222,0.3807373055555555,0.08575444444444445,2.699998,0.0,0.0,0.0,0.0,0.0,0.0,0.0,0.0,0.0,0.0,0.0,0.0,0.0,1.0
135,0.454793455,0.1346478,0.2772219999999999,2.719998,0.24108888888888888,0.3811645555555556,0.08538805555555555,2.719998,0.0,0.0,0.0,0.0,0.0,0.0,0.0,0.0,0.0,0.0,0.0,0.0,0.0,1.0
136,0.454793455,0.1346478,0.2772219999999999,2.739998,0.241333,0.38153075,0.08502194444444444,2.739998,0.0,0.0,0.0,0.0,0.0,0.0,0.0,0.0,0.0,0.0,0.0,0.0,0.0,1.0
137,0.454793455,0.1346478,0.2772219999999999,2.759998,0.2416992222222222,0.38232422222222223,0.08428944444444444,2.759998,0.0,0.0,0.0,0.0,0.0,0.0,0.0,0.0,0.0,0.0,0.0,0.0,0.0,1.0
138,0.454793455,0.1346478,0.2766639999999999,2.779998,0.24230955555555558,0.3833618055555555,0.08337388888888889,2.779998,0.0,0.0,0.0,0.0,0.0,0.0,0.0,0.0,0.0,0.0,0.0,0.0,0.0,1.0
139,0.45535156,0.1346478,0.2766639999999999,2.799998,0.24291994444444448,0.3846435555555555,0.08221444444444441,2.799998,0.0,0.0,0.0,0.0,0.0,0.0,0.0,0.0,0.0,0.0,0.0,0.0,0.0,1.0
140,0.45535156,0.1346478,0.2766639999999999,2.819998,0.24340822222222222,0.3856811388888889,0.08117666666666667,2.819998,0.0,0.0,0.0,0.0,0.0,0.0,0.0,0.0,0.0,0.0,0.0,0.0,0.0,1.0
141,0.45590967000000004,0.1346478,0.2766639999999999,2.839998,0.24365233333333333,0.38635252777777773,0.08050527777777777,2.839998,0.0,0.0,0.0,0.0,0.0,0.0,0.0,0.0,0.0,0.0,0.0,0.0,0.0,1.0
142,0.456467775,0.1346478,0.2766639999999999,2.859998,0.24365233333333333,0.3865966666666667,0.08007805555555557,2.859998,0.0,0.0,0.0,0.0,0.0,0.0,0.0,0.0,0.0,0.0,0.0,0.0,0.0,1.0
143,0.456467775,0.1346478,0.2766639999999999,2.879998,0.2437743888888889,0.3865966666666667,0.0800172222222222,2.879998,0.0,0.0,0.0,0.0,0.0,0.0,0.0,0.0,0.0,0.0,0.0,0.0,0.0,1.0
144,0.45702587999999994,0.1346478,0.2766639999999999,2.899998,0.2437743888888889,0.3864746111111111,0.0800172222222222,2.899998,0.0,0.0,0.0,0.0,0.0,0.0,0.0,0.0,0.0,0.0,0.0,0.0,0.0,1.0
145,0.45702587999999994,0.1346478,0.2772219999999999,2.919998,0.2437743888888889,0.38635252777777773,0.08007805555555557,2.919998,0.0,0.0,0.0,0.0,0.0,0.0,0.0,0.0,0.0,0.0,0.0,0.0,0.0,1.0
146,0.45758398499999997,0.1346478,0.2772219999999999,2.939998,0.2437743888888889,0.3862915,0.08007805555555557,2.939998,0.0,0.0,0.0,0.0,0.0,0.0,0.0,0.0,0.0,0.0,0.0,0.0,0.0,1.0
147,0.45814209000000006,0.1346478,0.2772219999999999,2.959998,0.2437743888888889,0.3861694444444445,0.08013916666666666,2.959998,0.0,0.0,0.0,0.0,0.0,0.0,0.0,0.0,0.0,0.0,0.0,0.0,0.0,1.0
148,0.4592583,0.1346478,0.2783385000000001,2.979998,0.2437743888888889,0.38586425,0.08020027777777775,2.979998,0.0,0.0,0.0,0.0,0.0,0.0,0.0,0.0,0.0,0.0,0.0,0.0,0.0,1.0
149,0.461490725,0.1346478,0.27945449999999994,2.999998,0.2438965,0.38549805555555555,0.08032222222222221,2.999998,0.0,0.0,0.0,0.0,0.0,0.0,0.0,0.0,0.0,0.0,0.0,0.0,0.0,1.0
150,0.46428125,0.1346478,0.2805710000000001,3.0199979999999997,0.24401855555555557,0.38513183333333334,0.08050527777777777,3.0199979999999997,0.0,0.0,0.0,0.0,0.0,0.0,0.0,0.0,0.0,0.0,0.0,0.0,0.0,1.0
151,0.46595556499999996,0.1346478,0.28168699999999997,3.0399979999999998,0.2441406111111111,0.3847656111111111,0.08068861111111111,3.0399979999999998,0.0,0.0,0.0,0.0,0.0,0.0,0.0,0.0,0.0,0.0,0.0,0.0,0.0,1.0
152,0.467629885,0.13390366666666667,0.28224499999999997,3.0599979999999998,0.24438477777777776,0.3843383888888889,0.08087166666666666,3.0599979999999998,0.0,0.0,0.0,0.0,0.0,0.0,0.0,0.0,0.0,0.0,0.0,0.0,0.0,1.0
153,0.46986230500000004,0.13390366666666667,0.2833615,3.079998,0.2445068333333333,0.3838501111111111,0.08105472222222221,3.079998,0.0,0.0,0.0,0.0,0.0,0.0,0.0,0.0,0.0,0.0,0.0,0.0,0.0,1.0
154,0.47153662,0.13390366666666667,0.28447750000000005,3.099998,0.244751,0.3833618055555555,0.08123777777777777,3.099998,0.0,0.0,0.0,0.0,0.0,0.0,0.0,0.0,0.0,0.0,0.0,0.0,0.0,1.0
155,0.473210935,0.13390366666666667,0.28559399999999985,3.119998,0.2449951111111111,0.3828125,0.08148194444444441,3.119998,0.0,0.0,0.0,0.0,0.0,0.0,0.0,0.0,0.0,0.0,0.0,0.0,0.0,1.0
156,0.47544336000000004,0.13315953333333336,0.2872680000000001,3.139998,0.24536133333333335,0.38238525,0.08166500000000004,3.139998,0.0,0.0,0.0,0.0,0.0,0.0,0.0,0.0,0.0,0.0,0.0,0.0,0.0,1.0
157,0.478233885,0.13315953333333336,0.2895005000000001,3.159998,0.24572755555555553,0.3817748888888889,0.08197027777777777,3.159998,0.0,0.0,0.0,0.0,0.0,0.0,0.0,0.0,0.0,0.0,0.0,0.0,0.0,1.0
158,0.479908205,0.13315953333333336,0.29061649999999994,3.179998,0.24584961111111112,0.3814697222222222,0.08209222222222223,3.179998,0.0,0.0,0.0,0.0,0.0,0.0,0.0,0.0,0.0,0.0,0.0,0.0,0.0,1.0
159,0.482140625,0.13315953333333336,0.29229099999999997,3.199998,0.24597166666666667,0.38104247222222226,0.08227527777777778,3.199998,0.0,0.0,0.0,0.0,0.0,0.0,0.0,0.0,0.0,0.0,0.0,0.0,0.0,1.0
160,0.484373045,0.13315953333333336,0.29452350000000005,3.219998,0.24621583333333333,0.3806152222222222,0.08239749999999996,3.219998,0.0,0.0,0.0,0.0,0.0,0.0,0.0,0.0,0.0,0.0,0.0,0.0,0.0,1.0
161,0.48660547000000004,0.13315953333333336,0.2967560000000001,3.239998,0.24633788888888888,0.3803100555555555,0.08258055555555552,3.239998,0.0,0.0,0.0,0.0,0.0,0.0,0.0,0.0,0.0,0.0,0.0,0.0,0.0,1.0
162,0.48883789,0.13315953333333336,0.2989879999999999,3.259998,0.24658205555555557,0.3800048888888889,0.08264166666666668,3.259998,0.0,0.0,0.0,0.0,0.0,0.0,0.0,0.0,0.0,0.0,0.0,0.0,0.0,1.0
163,0.49162841999999995,0.13315953333333336,0.3012205,3.2799980000000004,0.24682616666666665,0.37976075,0.08276361111111115,3.2799980000000004,0.0,0.0,0.0,0.0,0.0,0.0,0.0,0.0,0.0,0.0,0.0,0.0,0.0,1.0
164,0.49441894499999994,0.13315953333333336,0.30345300000000003,3.2999980000000004,0.2470703333333333,0.3795166111111111,0.08288583333333333,3.2999980000000004,0.0,0.0,0.0,0.0,0.0,0.0,0.0,0.0,0.0,0.0,0.0,0.0,0.0,1.0
165,0.49720947249999997,0.13241533333333333,0.30568550000000005,3.3199980000000004,0.2471923888888889,0.3791503888888889,0.08300777777777779,3.3199980000000004,0.0,0.0,0.0,0.0,0.0,0.0,0.0,0.0,0.0,0.0,0.0,0.0,0.0,1.0
166,0.4994418945,0.13241533333333333,0.3079180000000001,3.3399980000000005,0.2474365,0.3787841666666667,0.08319083333333334,3.3399980000000005,0.0,0.0,0.0,0.0,0.0,0.0,0.0,0.0,0.0,0.0,0.0,0.0,0.0,1.0
167,0.5016743165,0.13241533333333333,0.31015049999999994,3.3599980000000005,0.24780272222222224,0.3783569444444445,0.08337388888888889,3.3599980000000005,0.0,0.0,0.0,0.0,0.0,0.0,0.0,0.0,0.0,0.0,0.0,0.0,0.0,1.0
168,0.5039067385,0.13241533333333333,0.31238299999999997,3.379997,0.248291,0.3779296944444444,0.08349611111111115,3.379997,0.0,0.0,0.0,0.0,0.0,0.0,0.0,0.0,0.0,0.0,0.0,0.0,0.0,1.0
169,0.50613916,0.1316712,0.31461500000000003,3.399997,0.24877927777777778,0.3776245,0.0836791666666667,3.399997,0.0,0.0,0.0,0.0,0.0,0.0,0.0,0.0,0.0,0.0,0.0,0.0,0.0,1.0
170,0.50837158,0.1316712,0.31684750000000006,3.419997,0.2491455,0.3773803611111111,0.08380138888888887,3.419997,0.0,0.0,0.0,0.0,0.0,0.0,0.0,0.0,0.0,0.0,0.0,0.0,0.0,1.0
171,0.5100458999999999,0.1316712,0.3190799999999999,3.439997,0.2495117222222222,0.3772583055555556,0.08386222222222225,3.439997,0.0,0.0,0.0,0.0,0.0,0.0,0.0,0.0,0.0,0.0,0.0,0.0,0.0,1.0
172,0.511720215,0.1316712,0.3213125,3.459997,0.24987794444444442,0.37713622222222226,0.08386222222222225,3.459997,0.0,0.0,0.0,0.0,0.0,0.0,0.0,0.0,0.0,0.0,0.0,0.0,0.0,1.0
173,0.5128364249999999,0.1316712,0.322987,3.479997,0.25012205555555556,0.3769531111111111,0.08386222222222225,3.479997,0.0,0.0,0.0,0.0,0.0,0.0,0.0,0.0,0.0,0.0,0.0,0.0,0.0,1.0
174,0.51339453,0.1316712,0.32521899999999987,3.499997,0.25024416666666666,0.3768310555555555,0.08386222222222225,3.499997,0.0,0.0,0.0,0.0,0.0,0.0,0.0,0.0,0.0,0.0,0.0,0.0,0.0,1.0
175,0.513952635,0.1316712,0.32689350000000006,3.519997,0.25048827777777777,0.3767089722222222,0.08386222222222225,3.519997,0.0,0.0,0.0,0.0,0.0,0.0,0.0,0.0,0.0,0.0,0.0,0.0,0.0,1.0
176,0.51451074,0.1316712,0.3285680000000001,3.539997,0.2507324444444445,0.37658691666666666,0.08380138888888887,3.539997,0.0,0.0,0.0,0.0,0.0,0.0,0.0,0.0,0.0,0.0,0.0,0.0,0.0,1.0
177,0.5150688449999999,0.1316712,0.3308,3.559997,0.2510986111111111,0.3765258888888889,0.0836791666666667,3.559997,0.0,0.0,0.0,0.0,0.0,0.0,0.0,0.0,0.0,0.0,0.0,0.0,0.0,1.0
178,0.5150688449999999,0.1316712,0.3319165,3.579997,0.2513427777777778,0.3764038055555555,0.08361805555555553,3.579997,0.0,0.0,0.0,0.0,0.0,0.0,0.0,0.0,0.0,0.0,0.0,0.0,0.0,1.0
179,0.5150688449999999,0.1316712,0.333591,3.599997,0.2514648333333333,0.3760986388888889,0.08361805555555553,3.599997,0.0,0.0,0.0,0.0,0.0,0.0,0.0,0.0,0.0,0.0,0.0,0.0,0.0,1.0
180,0.5150688449999999,0.1316712,0.33470700000000003,3.619997,0.251709,0.3755493055555555,0.08361805555555553,3.619997,0.0,0.0,0.0,0.0,0.0,0.0,0.0,0.0,0.0,0.0,0.0,0.0,0.0,1.0
181,0.5150688449999999,0.1316712,0.33526500000000004,3.639997,0.25183105555555557,0.3752441388888889,0.0836791666666667,3.639997,0.0,0.0,0.0,0.0,0.0,0.0,0.0,0.0,0.0,0.0,0.0,0.0,0.0,1.0
182,0.51451074,0.13092706666666667,0.3363814999999999,3.659997,0.25207522222222223,0.3748779166666667,0.0836791666666667,3.659997,0.0,0.0,0.0,0.0,0.0,0.0,0.0,0.0,0.0,0.0,0.0,0.0,0.0,1.0
183,0.513952635,0.13092706666666667,0.3374974999999999,3.679997,0.2524413888888889,0.37469483333333337,0.08355722222222223,3.679997,0.0,0.0,0.0,0.0,0.0,0.0,0.0,0.0,0.0,0.0,0.0,0.0,0.0,1.0
184,0.51339453,0.13092706666666667,0.3391719999999999,3.699997,0.2528076111111111,0.37481688888888887,0.0833130555555556,3.699997,0.0,0.0,0.0,0.0,0.0,0.0,0.0,0.0,0.0,0.0,0.0,0.0,0.0,1.0
185,0.511720215,0.13092706666666667,0.340846,3.719997,0.2531738333333334,0.37518311111111113,0.0829466666666667,3.719997,0.0,0.0,0.0,0.0,0.0,0.0,0.0,0.0,0.0,0.0,0.0,0.0,0.0,1.0
186,0.510604005,0.13092706666666667,0.3425205,3.7399970000000002,0.25354005555555553,0.3757324166666666,0.08245861111111112,3.7399970000000002,0.0,0.0,0.0,0.0,0.0,0.0,0.0,0.0,0.0,0.0,0.0,0.0,0.0,1.0
187,0.509487795,0.13092706666666667,0.34363649999999984,3.7599970000000003,0.2537841666666667,0.3763427777777778,0.08203111111111115,3.7599970000000003,0.0,0.0,0.0,0.0,0.0,0.0,0.0,0.0,0.0,0.0,0.0,0.0,0.0,1.0
188,0.50837158,0.13092706666666667,0.34475300000000003,3.7799970000000003,0.2540283333333333,0.37677002777777774,0.08160388888888888,3.7799970000000003,0.0,0.0,0.0,0.0,0.0,0.0,0.0,0.0,0.0,0.0,0.0,0.0,0.0,1.0
189,0.50725537,0.13092706666666667,0.34586899999999987,3.7999970000000003,0.2541503888888889,0.37701416666666665,0.08123777777777777,3.7999970000000003,0.0,0.0,0.0,0.0,0.0,0.0,0.0,0.0,0.0,0.0,0.0,0.0,0.0,1.0
190,0.50613916,0.13092706666666667,0.34642699999999993,3.8199970000000003,0.25427244444444447,0.3771972777777778,0.08087166666666666,3.8199970000000003,0.0,0.0,0.0,0.0,0.0,0.0,0.0,0.0,0.0,0.0,0.0,0.0,0.0,1.0
191,0.5044648439999999,0.13092706666666667,0.3475435000000001,3.8399970000000003,0.25427244444444447,0.37744141666666664,0.08044444444444447,3.8399970000000003,0.0,0.0,0.0,0.0,0.0,0.0,0.0,0.0,0.0,0.0,0.0,0.0,0.0,1.0
192,0.5027905275,0.13092706666666667,0.34865949999999996,3.859997,0.2541503888888889,0.3778686388888889,0.07989500000000002,3.859997,0.0,0.0,0.0,0.0,0.0,0.0,0.0,0.0,0.0,0.0,0.0,0.0,0.0,1.0
193,0.5005581055,0.13092706666666667,0.34977600000000014,3.879997,0.2541503888888889,0.37841797222222223,0.07928472222222219,3.879997,0.0,0.0,0.0,0.0,0.0,0.0,0.0,0.0,0.0,0.0,0.0,0.0,0.0,1.0
194,0.49832568349999995,0.13092706666666667,0.350892,3.899997,0.2541503888888889,0.37896727777777783,0.07861333333333335,3.899997,0.0,0.0,0.0,0.0,0.0,0.0,0.0,0.0,0.0,0.0,0.0,0.0,0.0,1.0
195,0.49553515600000003,0.13092706666666667,0.3531245,3.919997,0.2540283333333333,0.3795776388888889,0.07788083333333336,3.919997,0.0,0.0,0.0,0.0,0.0,0.0,0.0,0.0,0.0,0.0,0.0,0.0,0.0,1.0
196,0.49386083999999997,0.13092706666666667,0.3536825,3.939997,0.2539062222222222,0.3798828055555556,0.07745361111111108,3.939997,0.0,0.0,0.0,0.0,0.0,0.0,0.0,0.0,0.0,0.0,0.0,0.0,0.0,1.0
197,0.492186525,0.13092706666666667,0.35479899999999986,3.959997,0.2537841666666667,0.380188,0.0770263888888889,3.959997,0.0,0.0,0.0,0.0,0.0,0.0,0.0,0.0,0.0,0.0,0.0,0.0,0.0,1.0
198,0.49107031,0.13092706666666667,0.3559150000000001,3.979997,0.2536621111111111,0.38037108333333336,0.07672111111111109,3.979997,0.0,0.0,0.0,0.0,0.0,0.0,0.0,0.0,0.0,0.0,0.0,0.0,0.0,1.0
199,0.48939599500000003,0.13092706666666667,0.3570310000000001,3.999997,0.25341794444444443,0.3807373055555555,0.07611083333333334,3.999997,0.0,0.0,0.0,0.0,0.0,0.0,0.0,0.0,0.0,0.0,0.0,0.0,0.0,1.0
200,0.486047365,0.13092706666666667,0.359822,4.019997,0.25305177777777776,0.3811645555555556,0.07537833333333334,4.019997,0.0,0.0,0.0,0.0,0.0,0.0,0.0,0.0,0.0,0.0,0.0,0.0,0.0,1.0
201,0.483256835,0.13092706666666667,0.362054,4.0399970000000005,0.2525635,0.38153075,0.07458499999999996,4.0399970000000005,0.0,0.0,0.0,0.0,0.0,0.0,0.0,0.0,0.0,0.0,0.0,0.0,0.0,1.0
202,0.48046631,0.13092706666666667,0.36428649999999985,4.059997,0.25219727777777773,0.3817748888888889,0.07391361111111112,4.059997,0.0,0.0,0.0,0.0,0.0,0.0,0.0,0.0,0.0,0.0,0.0,0.0,0.0,1.0
203,0.47879199000000006,0.13092706666666667,0.3659610000000001,4.0799970000000005,0.25183105555555557,0.381958,0.0733033333333333,4.0799970000000005,0.0,0.0,0.0,0.0,0.0,0.0,0.0,0.0,0.0,0.0,0.0,0.0,0.0,1.0
204,0.477117675,0.13018293333333333,0.3681935000000001,4.099997,0.2514648333333333,0.3821411111111111,0.07275388888888885,4.099997,0.0,0.0,0.0,0.0,0.0,0.0,0.0,0.0,0.0,0.0,0.0,0.0,0.0,1.0
205,0.47600146499999996,0.13018293333333333,0.36986749999999996,4.119997,0.25097655555555554,0.38232422222222223,0.07226555555555557,4.119997,0.0,0.0,0.0,0.0,0.0,0.0,0.0,0.0,0.0,0.0,0.0,0.0,0.0,1.0
206,0.47488525499999995,0.13018293333333333,0.371542,4.139997,0.2506103333333333,0.3825683611111111,0.0718383333333333,4.139997,0.0,0.0,0.0,0.0,0.0,0.0,0.0,0.0,0.0,0.0,0.0,0.0,0.0,1.0
207,0.47376904,0.13018293333333333,0.3732165,4.159997,0.25024416666666666,0.38287352777777783,0.07135000000000002,4.159997,0.0,0.0,0.0,0.0,0.0,0.0,0.0,0.0,0.0,0.0,0.0,0.0,0.0,1.0
208,0.473210935,0.13018293333333333,0.37489050000000007,4.179997,0.24987794444444442,0.38323975,0.07092277777777775,4.179997,0.0,0.0,0.0,0.0,0.0,0.0,0.0,0.0,0.0,0.0,0.0,0.0,0.0,1.0
209,0.473210935,0.13018293333333333,0.3765650000000001,4.199997,0.2496337777777778,0.38360594444444446,0.07049555555555555,4.199997,0.0,0.0,0.0,0.0,0.0,0.0,0.0,0.0,0.0,0.0,0.0,0.0,0.0,1.0
210,0.47265283,0.13018293333333333,0.37935549999999996,4.219997,0.24926755555555552,0.3843383888888889,0.06988527777777781,4.219997,0.0,0.0,0.0,0.0,0.0,0.0,0.0,0.0,0.0,0.0,0.0,0.0,0.0,1.0
211,0.47265283,0.13018293333333333,0.37935549999999996,4.239997,0.2491455,0.3845214722222222,0.06976305555555555,4.239997,0.0,0.0,0.0,0.0,0.0,0.0,0.0,0.0,0.0,0.0,0.0,0.0,0.0,1.0
212,0.47265283,0.13018293333333333,0.38103,4.259997,0.24902344444444446,0.3850097777777778,0.06939694444444444,4.259997,0.0,0.0,0.0,0.0,0.0,0.0,0.0,0.0,0.0,0.0,0.0,0.0,0.0,1.0
213,0.473210935,0.13092706666666667,0.382146,4.279997,0.24877927777777778,0.3856811388888889,0.06903083333333335,4.279997,0.0,0.0,0.0,0.0,0.0,0.0,0.0,0.0,0.0,0.0,0.0,0.0,0.0,1.0
214,0.47376904,0.13092706666666667,0.3838205,4.299997,0.24865722222222222,0.38641358333333337,0.06860361111111114,4.299997,0.0,0.0,0.0,0.0,0.0,0.0,0.0,0.0,0.0,0.0,0.0,0.0,0.0,1.0
215,0.474327145,0.13092706666666667,0.3849364999999999,4.319997,0.24865722222222222,0.38720702777777777,0.06817638888888887,4.319997,0.0,0.0,0.0,0.0,0.0,0.0,0.0,0.0,0.0,0.0,0.0,0.0,0.0,1.0
216,0.47488525499999995,0.13092706666666667,0.3860525000000001,4.339997,0.24865722222222222,0.3880615277777778,0.0676880555555556,4.339997,0.0,0.0,0.0,0.0,0.0,0.0,0.0,0.0,0.0,0.0,0.0,0.0,0.0,1.0
217,0.47600146499999996,0.13092706666666667,0.38716899999999993,4.359997,0.24865722222222222,0.38885497222222226,0.0673216666666667,4.359997,0.0,0.0,0.0,0.0,0.0,0.0,0.0,0.0,0.0,0.0,0.0,0.0,0.0,1.0
218,0.47767578000000005,0.13092706666666667,0.3888435000000001,4.379997,0.24865722222222222,0.3897705,0.06683361111111112,4.379997,0.0,0.0,0.0,0.0,0.0,0.0,0.0,0.0,0.0,0.0,0.0,0.0,0.0,1.0
219,0.47879199000000006,0.13092706666666667,0.38940149999999996,4.399997,0.24865722222222222,0.39013672222222223,0.06665027777777778,4.399997,0.0,0.0,0.0,0.0,0.0,0.0,0.0,0.0,0.0,0.0,0.0,0.0,0.0,1.0
220,0.48046631,0.1316712,0.39051749999999996,4.419997,0.24865722222222222,0.390625,0.06634527777777777,4.419997,0.0,0.0,0.0,0.0,0.0,0.0,0.0,0.0,0.0,0.0,0.0,0.0,0.0,1.0
221,0.482140625,0.1316712,0.3910755,4.439997,0.24865722222222222,0.39105225,0.06610111111111112,4.439997,0.0,0.0,0.0,0.0,0.0,0.0,0.0,0.0,0.0,0.0,0.0,0.0,0.0,1.0
222,0.483256835,0.1316712,0.392192,4.459997,0.24877927777777778,0.3912963888888889,0.06597888888888888,4.459997,0.0,0.0,0.0,0.0,0.0,0.0,0.0,0.0,0.0,0.0,0.0,0.0,0.0,1.0
223,0.48493115500000006,0.1316712,0.39275000000000004,4.479997,0.24877927777777778,0.39141844444444446,0.06591805555555558,4.479997,0.0,0.0,0.0,0.0,0.0,0.0,0.0,0.0,0.0,0.0,0.0,0.0,0.0,1.0
224,0.48660547000000004,0.1316712,0.3938665,4.4999970000000005,0.24890138888888888,0.39141844444444446,0.06597888888888888,4.4999970000000005,0.0,0.0,0.0,0.0,0.0,0.0,0.0,0.0,0.0,0.0,0.0,0.0,0.0,1.0
225,0.488279785,0.1316712,0.39498250000000007,4.519997,0.24890138888888888,0.3912353611111111,0.06610111111111112,4.519997,0.0,0.0,0.0,0.0,0.0,0.0,0.0,0.0,0.0,0.0,0.0,0.0,0.0,1.0
226,0.49051220500000003,0.1316712,0.3955405000000001,4.5399970000000005,0.24890138888888888,0.39105225,0.06628416666666669,4.5399970000000005,0.0,0.0,0.0,0.0,0.0,0.0,0.0,0.0,0.0,0.0,0.0,0.0,0.0,1.0
227,0.492186525,0.1316712,0.39721499999999993,4.559997,0.24902344444444446,0.3908691388888889,0.06646722222222223,4.559997,0.0,0.0,0.0,0.0,0.0,0.0,0.0,0.0,0.0,0.0,0.0,0.0,0.0,1.0
228,0.49441894499999994,0.1316712,0.3983310000000001,4.5799970000000005,0.24902344444444446,0.39068602777777783,0.06665027777777778,4.5799970000000005,0.0,0.0,0.0,0.0,0.0,0.0,0.0,0.0,0.0,0.0,0.0,0.0,0.0,1.0
229,0.49720947249999997,0.1316712,0.39944749999999996,4.599997,0.24890138888888888,0.390625,0.06683361111111112,4.599997,0.0,0.0,0.0,0.0,0.0,0.0,0.0,0.0,0.0,0.0,0.0,0.0,0.0,1.0
230,0.4994418945,0.13092706666666667,0.40056349999999996,4.619997,0.24890138888888888,0.39056397222222217,0.06695555555555552,4.619997,0.0,0.0,0.0,0.0,0.0,0.0,0.0,0.0,0.0,0.0,0.0,0.0,0.0,1.0
231,0.501116211,0.13092706666666667,0.4016795,4.639997,0.24877927777777778,0.3905029166666667,0.06707749999999998,4.639997,0.0,0.0,0.0,0.0,0.0,0.0,0.0,0.0,0.0,0.0,0.0,0.0,0.0,1.0
232,0.503348633,0.13092706666666667,0.4033539999999999,4.659997,0.24865722222222222,0.39044188888888887,0.06713861111111115,4.659997,0.0,0.0,0.0,0.0,0.0,0.0,0.0,0.0,0.0,0.0,0.0,0.0,0.0,1.0
233,0.506697265,0.13092706666666667,0.40502850000000007,4.679996,0.24865722222222222,0.39031983333333337,0.06744388888888887,4.679996,0.0,0.0,0.0,0.0,0.0,0.0,0.0,0.0,0.0,0.0,0.0,0.0,0.0,1.0
234,0.50725537,0.13092706666666667,0.4055864999999999,4.699996,0.24865722222222222,0.39025877777777773,0.06750499999999995,4.699996,0.0,0.0,0.0,0.0,0.0,0.0,0.0,0.0,0.0,0.0,0.0,0.0,0.0,1.0
235,0.50892969,0.13092706666666667,0.4067024999999999,4.719996,0.24853516666666667,0.3900756944444445,0.06774888888888889,4.719996,0.0,0.0,0.0,0.0,0.0,0.0,0.0,0.0,0.0,0.0,0.0,0.0,0.0,1.0
236,0.510604005,0.13092706666666667,0.40781899999999993,4.739996,0.2484131111111111,0.38983155555555554,0.06799305555555553,4.739996,0.0,0.0,0.0,0.0,0.0,0.0,0.0,0.0,0.0,0.0,0.0,0.0,0.0,1.0
237,0.511720215,0.13092706666666667,0.40893499999999994,4.759996,0.24816894444444443,0.3895263611111111,0.06829833333333334,4.759996,0.0,0.0,0.0,0.0,0.0,0.0,0.0,0.0,0.0,0.0,0.0,0.0,0.0,1.0
238,0.5128364249999999,0.13092706666666667,0.41005149999999996,4.779996,0.2480468888888889,0.3892211944444445,0.06854249999999998,4.779996,0.0,0.0,0.0,0.0,0.0,0.0,0.0,0.0,0.0,0.0,0.0,0.0,0.0,1.0
239,0.51339453,0.13092706666666667,0.4111675,4.799996,0.24792477777777774,0.3889770555555556,0.06872555555555554,4.799996,0.0,0.0,0.0,0.0,0.0,0.0,0.0,0.0,0.0,0.0,0.0,0.0,0.0,1.0
240,0.51451074,0.13092706666666667,0.41284200000000004,4.819996,0.24780272222222224,0.38885497222222226,0.06890861111111109,4.819996,0.0,0.0,0.0,0.0,0.0,0.0,0.0,0.0,0.0,0.0,0.0,0.0,0.0,1.0
241,0.515626955,0.13092706666666667,0.41451600000000005,4.839996,0.24780272222222224,0.3886718611111111,0.06903083333333335,4.839996,0.0,0.0,0.0,0.0,0.0,0.0,0.0,0.0,0.0,0.0,0.0,0.0,0.0,1.0
242,0.51618506,0.13092706666666667,0.41507450000000007,4.859996,0.24780272222222224,0.38861083333333335,0.06909166666666663,4.859996,0.0,0.0,0.0,0.0,0.0,0.0,0.0,0.0,0.0,0.0,0.0,0.0,0.0,1.0
243,0.5167431650000001,0.13092706666666667,0.4161905000000001,4.879996,0.2476806666666667,0.3884277222222222,0.0692138888888889,4.879996,0.0,0.0,0.0,0.0,0.0,0.0,0.0,0.0,0.0,0.0,0.0,0.0,0.0,1.0
244,0.51730127,0.13092706666666667,0.4173064999999999,4.899996,0.2476806666666667,0.3882446388888889,0.06933583333333336,4.899996,0.0,0.0,0.0,0.0,0.0,0.0,0.0,0.0,0.0,0.0,0.0,0.0,0.0,1.0
245,0.517859375,0.13092706666666667,0.41842299999999993,4.919996,0.2476806666666667,0.3880615277777778,0.06945805555555554,4.919996,0.0,0.0,0.0,0.0,0.0,0.0,0.0,0.0,0.0,0.0,0.0,0.0,0.0,1.0
246,0.51841748,0.13092706666666667,0.419539,4.939996,0.2475586111111111,0.3878784166666667,0.0695191666666667,4.939996,0.0,0.0,0.0,0.0,0.0,0.0,0.0,0.0,0.0,0.0,0.0,0.0,0.0,1.0
247,0.518975585,0.13092706666666667,0.4212135,4.959996,0.2475586111111111,0.38763427777777776,0.06958,4.959996,0.0,0.0,0.0,0.0,0.0,0.0,0.0,0.0,0.0,0.0,0.0,0.0,0.0,1.0
248,0.518975585,0.13092706666666667,0.4223295,4.979996,0.2476806666666667,0.3873901388888889,0.06970222222222225,4.979996,0.0,0.0,0.0,0.0,0.0,0.0,0.0,0.0,0.0,0.0,0.0,0.0,0.0,1.0
249,0.51953369,0.13018293333333333,0.4240039999999999,4.999996,0.2476806666666667,0.38708497222222227,0.06976305555555555,4.999996,0.0,0.0,0.0,0.0,0.0,0.0,0.0,0.0,0.0,0.0,0.0,0.0,0.0,1.0
250,0.51953369,0.13018293333333333,0.42512000000000005,5.019996,0.2476806666666667,0.38665772222222217,0.06994638888888889,5.019996,0.0,0.0,0.0,0.0,0.0,0.0,0.0,0.0,0.0,0.0,0.0,0.0,0.0,1.0
251,0.51953369,0.13018293333333333,0.4267944999999999,5.0399959999999995,0.2476806666666667,0.38623047222222223,0.07006833333333336,5.0399959999999995,0.0,0.0,0.0,0.0,0.0,0.0,0.0,0.0,0.0,0.0,0.0,0.0,0.0,1.0
252,0.51953369,0.13018293333333333,0.42846850000000014,5.059996,0.2476806666666667,0.38580322222222224,0.07025138888888892,5.059996,0.0,0.0,0.0,0.0,0.0,0.0,0.0,0.0,0.0,0.0,0.0,0.0,0.0,1.0
253,0.518975585,0.13018293333333333,0.429585,5.0799959999999995,0.2476806666666667,0.3853759722222222,0.0703125,5.0799959999999995,0.0,0.0,0.0,0.0,0.0,0.0,0.0,0.0,0.0,0.0,0.0,0.0,0.0,1.0
254,0.51841748,0.13018293333333333,0.4312595,5.099996,0.2476806666666667,0.3850708055555556,0.07037361111111108,5.099996,0.0,0.0,0.0,0.0,0.0,0.0,0.0,0.0,0.0,0.0,0.0,0.0,0.0,1.0
255,0.517859375,0.13018293333333333,0.4323755,5.1199959999999995,0.24780272222222224,0.38482666666666665,0.07043444444444447,5.1199959999999995,0.0,0.0,0.0,0.0,0.0,0.0,0.0,0.0,0.0,0.0,0.0,0.0,0.0,1.0
256,0.51730127,0.1294388,0.4340499999999999,5.139996,0.24792477777777774,0.3845214722222222,0.07043444444444447,5.139996,0.0,0.0,0.0,0.0,0.0,0.0,0.0,0.0,0.0,0.0,0.0,0.0,0.0,1.0
257,0.51730127,0.1294388,0.43460800000000005,5.159996,0.24792477777777774,0.38439941666666666,0.07043444444444447,5.159996,0.0,0.0,0.0,0.0,0.0,0.0,0.0,0.0,0.0,0.0,0.0,0.0,0.0,1.0
258,0.5167431650000001,0.1294388,0.4357239999999999,5.179996,0.2480468888888889,0.3842163055555555,0.07049555555555555,5.179996,0.0,0.0,0.0,0.0,0.0,0.0,0.0,0.0,0.0,0.0,0.0,0.0,0.0,1.0
259,0.515626955,0.1294388,0.4362825000000001,5.199996,0.2480468888888889,0.38403319444444445,0.07049555555555555,5.199996,0.0,0.0,0.0,0.0,0.0,0.0,0.0,0.0,0.0,0.0,0.0,0.0,0.0,1.0
260,0.5150688449999999,0.1294388,0.4368405000000001,5.219996,0.24816894444444443,0.3838501111111111,0.07049555555555555,5.219996,0.0,0.0,0.0,0.0,0.0,0.0,0.0,0.0,0.0,0.0,0.0,0.0,0.0,1.0
261,0.513952635,0.1294388,0.43739850000000013,5.239996,0.24816894444444443,0.38372802777777776,0.07043444444444447,5.239996,0.0,0.0,0.0,0.0,0.0,0.0,0.0,0.0,0.0,0.0,0.0,0.0,0.0,1.0
262,0.5128364249999999,0.1294388,0.4385145,5.259996,0.24816894444444443,0.38372802777777776,0.0703125,5.259996,0.0,0.0,0.0,0.0,0.0,0.0,0.0,0.0,0.0,0.0,0.0,0.0,0.0,1.0
263,0.511720215,0.1294388,0.43907299999999994,5.279996,0.248291,0.383667,0.07019055555555553,5.279996,0.0,0.0,0.0,0.0,0.0,0.0,0.0,0.0,0.0,0.0,0.0,0.0,0.0,1.0
264,0.5100458999999999,0.12869466666666668,0.440189,5.299996,0.248291,0.38372802777777776,0.07006833333333336,5.299996,0.0,0.0,0.0,0.0,0.0,0.0,0.0,0.0,0.0,0.0,0.0,0.0,0.0,1.0
265,0.50837158,0.12869466666666668,0.440747,5.319996,0.2484131111111111,0.3837890555555556,0.06982416666666665,5.319996,0.0,0.0,0.0,0.0,0.0,0.0,0.0,0.0,0.0,0.0,0.0,0.0,0.0,1.0
266,0.506697265,0.12869466666666668,0.441305,5.339996,0.24853516666666667,0.3838501111111111,0.06958,5.339996,0.0,0.0,0.0,0.0,0.0,0.0,0.0,0.0,0.0,0.0,0.0,0.0,0.0,1.0
267,0.5044648439999999,0.12869466666666668,0.4424215,5.359996,0.24853516666666667,0.3839111388888889,0.06933583333333336,5.359996,0.0,0.0,0.0,0.0,0.0,0.0,0.0,0.0,0.0,0.0,0.0,0.0,0.0,1.0
268,0.5027905275,0.12869466666666668,0.4429795,5.379996,0.24865722222222222,0.3839721666666667,0.06909166666666663,5.379996,0.0,0.0,0.0,0.0,0.0,0.0,0.0,0.0,0.0,0.0,0.0,0.0,0.0,1.0
269,0.501116211,0.12869466666666668,0.44353750000000003,5.399996,0.24865722222222222,0.38403319444444445,0.06890861111111109,5.399996,0.0,0.0,0.0,0.0,0.0,0.0,0.0,0.0,0.0,0.0,0.0,0.0,0.0,1.0
270,0.4994418945,0.12869466666666668,0.4440955000000001,5.419996,0.24877927777777778,0.38409425,0.06872555555555554,5.419996,0.0,0.0,0.0,0.0,0.0,0.0,0.0,0.0,0.0,0.0,0.0,0.0,0.0,1.0
271,0.49720947249999997,0.12869466666666668,0.4446539999999999,5.439996,0.24890138888888888,0.38427733333333336,0.0684813888888889,5.439996,0.0,0.0,0.0,0.0,0.0,0.0,0.0,0.0,0.0,0.0,0.0,0.0,0.0,1.0
272,0.496651367,0.12869466666666668,0.4446539999999999,5.459996,0.24890138888888888,0.38427733333333336,0.0684202777777778,5.459996,0.0,0.0,0.0,0.0,0.0,0.0,0.0,0.0,0.0,0.0,0.0,0.0,0.0,1.0
273,0.49553515600000003,0.12869466666666668,0.4446539999999999,5.479996,0.24902344444444446,0.38439941666666666,0.06829833333333334,5.479996,0.0,0.0,0.0,0.0,0.0,0.0,0.0,0.0,0.0,0.0,0.0,0.0,0.0,1.0
274,0.49441894499999994,0.12869466666666668,0.4446539999999999,5.499996,0.24902344444444446,0.3845214722222222,0.06811527777777779,5.499996,0.0,0.0,0.0,0.0,0.0,0.0,0.0,0.0,0.0,0.0,0.0,0.0,0.0,1.0
275,0.49274462999999996,0.1294388,0.4452119999999999,5.519996,0.24890138888888888,0.3846435555555555,0.06793222222222223,5.519996,0.0,0.0,0.0,0.0,0.0,0.0,0.0,0.0,0.0,0.0,0.0,0.0,0.0,1.0
276,0.49051220500000003,0.1294388,0.4452119999999999,5.5399959999999995,0.24877927777777778,0.38482666666666665,0.0676880555555556,5.5399959999999995,0.0,0.0,0.0,0.0,0.0,0.0,0.0,0.0,0.0,0.0,0.0,0.0,0.0,1.0
277,0.48772168000000005,0.1294388,0.4457700000000001,5.559996,0.24853516666666667,0.3850708055555556,0.06738277777777779,5.559996,0.0,0.0,0.0,0.0,0.0,0.0,0.0,0.0,0.0,0.0,0.0,0.0,0.0,1.0
278,0.48493115500000006,0.12869466666666668,0.4463280000000001,5.5799959999999995,0.248291,0.3853149444444445,0.06701666666666668,5.5799959999999995,0.0,0.0,0.0,0.0,0.0,0.0,0.0,0.0,0.0,0.0,0.0,0.0,0.0,1.0
279,0.48046631,0.12869466666666668,0.4474444999999999,5.599996,0.2480468888888889,0.38549805555555555,0.06652833333333331,5.599996,0.0,0.0,0.0,0.0,0.0,0.0,0.0,0.0,0.0,0.0,0.0,0.0,0.0,1.0
280,0.47767578000000005,0.12869466666666668,0.4485605,5.6199959999999995,0.24792477777777774,0.385437,0.06622305555555559,5.6199959999999995,0.0,0.0,0.0,0.0,0.0,0.0,0.0,0.0,0.0,0.0,0.0,0.0,0.0,1.0
281,0.47488525499999995,0.12869466666666668,0.4491185,5.639996,0.24792477777777774,0.3853149444444445,0.06597888888888888,5.639996,0.0,0.0,0.0,0.0,0.0,0.0,0.0,0.0,0.0,0.0,0.0,0.0,0.0,1.0
282,0.472094725,0.12869466666666668,0.450235,5.659996,0.2480468888888889,0.3851928611111111,0.06579583333333332,5.659996,0.0,0.0,0.0,0.0,0.0,0.0,0.0,0.0,0.0,0.0,0.0,0.0,0.0,1.0
283,0.4693042,0.12869466666666668,0.450793,5.679996,0.24816894444444443,0.3850097777777778,0.06561277777777777,5.679996,0.0,0.0,0.0,0.0,0.0,0.0,0.0,0.0,0.0,0.0,0.0,0.0,0.0,1.0
284,0.467629885,0.12869466666666668,0.4513510000000001,5.699996,0.248291,0.3848876944444445,0.06542972222222221,5.699996,0.0,0.0,0.0,0.0,0.0,0.0,0.0,0.0,0.0,0.0,0.0,0.0,0.0,1.0
285,0.46539746,0.12869466666666668,0.45190899999999995,5.719995,0.2484131111111111,0.3847656111111111,0.06530750000000005,5.719995,0.0,0.0,0.0,0.0,0.0,0.0,0.0,0.0,0.0,0.0,0.0,0.0,0.0,1.0
286,0.46483935499999995,0.12869466666666668,0.4524675,5.7399949999999995,0.2484131111111111,0.3846435555555555,0.06518555555555558,5.7399949999999995,0.0,0.0,0.0,0.0,0.0,0.0,0.0,0.0,0.0,0.0,0.0,0.0,0.0,1.0
287,0.46316504,0.12869466666666668,0.4530255,5.759995,0.2484131111111111,0.38439941666666666,0.06506361111111111,5.759995,0.0,0.0,0.0,0.0,0.0,0.0,0.0,0.0,0.0,0.0,0.0,0.0,0.0,1.0
288,0.462606935,0.12869466666666668,0.4530255,5.7799949999999995,0.248291,0.38427733333333336,0.06500250000000002,5.7799949999999995,0.0,0.0,0.0,0.0,0.0,0.0,0.0,0.0,0.0,0.0,0.0,0.0,0.0,1.0
289,0.461490725,0.12869466666666668,0.45358350000000003,5.799995,0.24816894444444443,0.38403319444444445,0.06488027777777777,5.799995,0.0,0.0,0.0,0.0,0.0,0.0,0.0,0.0,0.0,0.0,0.0,0.0,0.0,1.0
290,0.46093262,0.12869466666666668,0.4541415,5.819995,0.24792477777777774,0.3839721666666667,0.0647583333333333,5.819995,0.0,0.0,0.0,0.0,0.0,0.0,0.0,0.0,0.0,0.0,0.0,0.0,0.0,1.0
291,0.46093262,0.12869466666666668,0.4546995,5.839995,0.24792477777777774,0.3839721666666667,0.06463611111111113,5.839995,0.0,0.0,0.0,0.0,0.0,0.0,0.0,0.0,0.0,0.0,0.0,0.0,0.0,1.0
292,0.45981640500000004,0.12869466666666668,0.4558160000000001,5.859995,0.24780272222222224,0.38403319444444445,0.0643922222222222,5.859995,0.0,0.0,0.0,0.0,0.0,0.0,0.0,0.0,0.0,0.0,0.0,0.0,0.0,1.0
293,0.4592583,0.12795053333333334,0.45693199999999995,5.879995,0.2476806666666667,0.38403319444444445,0.06420888888888886,5.879995,0.0,0.0,0.0,0.0,0.0,0.0,0.0,0.0,0.0,0.0,0.0,0.0,0.0,1.0
294,0.45758398499999997,0.12795053333333334,0.4586065,5.899995,0.2476806666666667,0.3841552777777778,0.06390388888888891,5.899995,0.0,0.0,0.0,0.0,0.0,0.0,0.0,0.0,0.0,0.0,0.0,0.0,0.0,1.0
295,0.456467775,0.12795053333333334,0.4608389999999999,5.919995,0.2475586111111111,0.3843383888888889,0.0635986111111111,5.919995,0.0,0.0,0.0,0.0,0.0,0.0,0.0,0.0,0.0,0.0,0.0,0.0,0.0,1.0
296,0.454793455,0.12795053333333334,0.46251300000000006,5.939995,0.2474365,0.3846435555555555,0.0632325,5.939995,0.0,0.0,0.0,0.0,0.0,0.0,0.0,0.0,0.0,0.0,0.0,0.0,0.0,1.0
297,0.453677245,0.12795053333333334,0.4641875,5.959994999999999,0.24731444444444442,0.3850097777777778,0.06292722222222219,5.959994999999999,0.0,0.0,0.0,0.0,0.0,0.0,0.0,0.0,0.0,0.0,0.0,0.0,0.0,1.0
298,0.45311914,0.12869466666666668,0.465862,5.979995,0.2471923888888889,0.3853759722222222,0.06256111111111116,5.979995,0.0,0.0,0.0,0.0,0.0,0.0,0.0,0.0,0.0,0.0,0.0,0.0,0.0,1.0
299,0.452561035,0.12869466666666668,0.466978,5.999994999999999,0.2470703333333333,0.38586425,0.06219472222222219,5.999994999999999,0.0,0.0,0.0,0.0,0.0,0.0,0.0,0.0,0.0,0.0,0.0,0.0,0.0,1.0
300,0.45200293,0.12869466666666668,0.46865249999999997,6.019995,0.24682616666666665,0.3862915,0.061828611111111084,6.019995,0.0,0.0,0.0,0.0,0.0,0.0,0.0,0.0,0.0,0.0,0.0,0.0,0.0,1.0
301,0.451444825,0.12869466666666668,0.4697685000000001,6.039994999999999,0.24658205555555557,0.38677977777777783,0.06146249999999998,6.039994999999999,0.0,0.0,0.0,0.0,0.0,0.0,0.0,0.0,0.0,0.0,0.0,0.0,0.0,1.0
302,0.451444825,0.12869466666666668,0.470885,6.059995,0.24633788888888888,0.3872680555555555,0.06115722222222225,6.059995,0.0,0.0,0.0,0.0,0.0,0.0,0.0,0.0,0.0,0.0,0.0,0.0,0.0,1.0
303,0.45088671500000005,0.12869466666666668,0.472001,6.079994999999999,0.2460937222222222,0.3876953055555556,0.060851944444444445,6.079994999999999,0.0,0.0,0.0,0.0,0.0,0.0,0.0,0.0,0.0,0.0,0.0,0.0,0.0,1.0
304,0.45088671500000005,0.12869466666666668,0.47311699999999995,6.099995,0.24584961111111112,0.38818358333333336,0.06060777777777781,6.099995,0.0,0.0,0.0,0.0,0.0,0.0,0.0,0.0,0.0,0.0,0.0,0.0,0.0,1.0
305,0.451444825,0.12869466666666668,0.4742335000000001,6.119994999999999,0.24560544444444443,0.38873291666666665,0.0602416666666667,6.119994999999999,0.0,0.0,0.0,0.0,0.0,0.0,0.0,0.0,0.0,0.0,0.0,0.0,0.0,1.0
306,0.451444825,0.12869466666666668,0.4753495,6.139995,0.24536133333333335,0.38940430555555555,0.05993638888888889,6.139995,0.0,0.0,0.0,0.0,0.0,0.0,0.0,0.0,0.0,0.0,0.0,0.0,0.0,1.0
307,0.45200293,0.12869466666666668,0.4764660000000001,6.159994999999999,0.2452392777777778,0.39013672222222223,0.059570277777777784,6.159994999999999,0.0,0.0,0.0,0.0,0.0,0.0,0.0,0.0,0.0,0.0,0.0,0.0,0.0,1.0
308,0.452561035,0.12869466666666668,0.47758199999999995,6.179995,0.2451171666666667,0.39093016666666663,0.059143055555555595,6.179995,0.0,0.0,0.0,0.0,0.0,0.0,0.0,0.0,0.0,0.0,0.0,0.0,0.0,1.0
309,0.45311914,0.12869466666666668,0.4786985,6.1999949999999995,0.2451171666666667,0.39190675,0.05871583333333332,6.1999949999999995,0.0,0.0,0.0,0.0,0.0,0.0,0.0,0.0,0.0,0.0,0.0,0.0,0.0,1.0
310,0.453677245,0.12869466666666668,0.4798145,6.219995,0.2449951111111111,0.3923339722222222,0.05853277777777777,6.219995,0.0,0.0,0.0,0.0,0.0,0.0,0.0,0.0,0.0,0.0,0.0,0.0,0.0,1.0
311,0.454793455,0.1294388,0.4803725,6.2399949999999995,0.2449951111111111,0.3928833055555556,0.05834972222222221,6.2399949999999995,0.0,0.0,0.0,0.0,0.0,0.0,0.0,0.0,0.0,0.0,0.0,0.0,0.0,1.0
312,0.45590967000000004,0.1294388,0.48148899999999994,6.259995,0.2449951111111111,0.39331055555555555,0.05816638888888887,6.259995,0.0,0.0,0.0,0.0,0.0,0.0,0.0,0.0,0.0,0.0,0.0,0.0,0.0,1.0
313,0.45702587999999994,0.1294388,0.48260500000000006,6.2799949999999995,0.2449951111111111,0.3938598611111111,0.05798333333333332,6.2799949999999995,0.0,0.0,0.0,0.0,0.0,0.0,0.0,0.0,0.0,0.0,0.0,0.0,0.0,1.0
314,0.45870019500000003,0.1294388,0.48316300000000006,6.299995,0.2449951111111111,0.39447022222222217,0.05773916666666668,6.299995,0.0,0.0,0.0,0.0,0.0,0.0,0.0,0.0,0.0,0.0,0.0,0.0,0.0,1.0
315,0.46037451,0.1294388,0.4842795,6.319995,0.2451171666666667,0.3950805555555555,0.05755611111111113,6.319995,0.0,0.0,0.0,0.0,0.0,0.0,0.0,0.0,0.0,0.0,0.0,0.0,0.0,1.0
316,0.46316504,0.1294388,0.4842795,6.339995,0.2452392777777778,0.3955688611111111,0.05743416666666666,6.339995,0.0,0.0,0.0,0.0,0.0,0.0,0.0,0.0,0.0,0.0,0.0,0.0,0.0,1.0
317,0.46539746,0.1294388,0.4842795,6.359995,0.2452392777777778,0.3959350555555555,0.05737305555555557,6.359995,0.0,0.0,0.0,0.0,0.0,0.0,0.0,0.0,0.0,0.0,0.0,0.0,0.0,1.0
318,0.46818799,0.1294388,0.4842795,6.379995,0.2452392777777778,0.3960571388888889,0.05749500000000004,6.379995,0.0,0.0,0.0,0.0,0.0,0.0,0.0,0.0,0.0,0.0,0.0,0.0,0.0,1.0
319,0.47042041,0.1294388,0.4842795,6.399995,0.2452392777777778,0.3961791944444444,0.05755611111111113,6.399995,0.0,0.0,0.0,0.0,0.0,0.0,0.0,0.0,0.0,0.0,0.0,0.0,0.0,1.0
320,0.473210935,0.1294388,0.4842795,6.419995,0.2452392777777778,0.3962402222222222,0.057678333333333304,6.419995,0.0,0.0,0.0,0.0,0.0,0.0,0.0,0.0,0.0,0.0,0.0,0.0,0.0,1.0
321,0.47544336000000004,0.1294388,0.48372100000000007,6.439995,0.2452392777777778,0.39630127777777774,0.05773916666666668,6.439995,0.0,0.0,0.0,0.0,0.0,0.0,0.0,0.0,0.0,0.0,0.0,0.0,0.0,1.0
322,0.47767578000000005,0.1294388,0.48372100000000007,6.459994999999999,0.2451171666666667,0.39630127777777774,0.05786138888888885,6.459994999999999,0.0,0.0,0.0,0.0,0.0,0.0,0.0,0.0,0.0,0.0,0.0,0.0,0.0,1.0
323,0.479908205,0.1294388,0.48372100000000007,6.479995,0.2449951111111111,0.39630127777777774,0.05798333333333332,6.479995,0.0,0.0,0.0,0.0,0.0,0.0,0.0,0.0,0.0,0.0,0.0,0.0,0.0,1.0
324,0.483256835,0.1294388,0.48372100000000007,6.499994999999999,0.24487305555555558,0.3962402222222222,0.05816638888888887,6.499994999999999,0.0,0.0,0.0,0.0,0.0,0.0,0.0,0.0,0.0,0.0,0.0,0.0,0.0,1.0
325,0.484373045,0.1294388,0.48372100000000007,6.519995,0.24487305555555558,0.3961791944444444,0.058227500000000036,6.519995,0.0,0.0,0.0,0.0,0.0,0.0,0.0,0.0,0.0,0.0,0.0,0.0,0.0,1.0
326,0.48660547000000004,0.1294388,0.4842795,6.539994999999999,0.24487305555555558,0.39599608333333336,0.05834972222222221,6.539994999999999,0.0,0.0,0.0,0.0,0.0,0.0,0.0,0.0,0.0,0.0,0.0,0.0,0.0,1.0
327,0.488279785,0.1294388,0.4848375,6.559995,0.244751,0.395813,0.05853277777777777,6.559995,0.0,0.0,0.0,0.0,0.0,0.0,0.0,0.0,0.0,0.0,0.0,0.0,0.0,1.0
328,0.49107031,0.1294388,0.4853955,6.579994999999999,0.244751,0.3956298888888889,0.05877694444444441,6.579994999999999,0.0,0.0,0.0,0.0,0.0,0.0,0.0,0.0,0.0,0.0,0.0,0.0,0.0,1.0
329,0.493302735,0.1294388,0.48595350000000004,6.599995,0.244751,0.3955078055555556,0.058959999999999964,6.599995,0.0,0.0,0.0,0.0,0.0,0.0,0.0,0.0,0.0,0.0,0.0,0.0,0.0,1.0
330,0.4960932615,0.1294388,0.48651149999999993,6.619994999999999,0.24487305555555558,0.39544677777777776,0.059143055555555595,6.619994999999999,0.0,0.0,0.0,0.0,0.0,0.0,0.0,0.0,0.0,0.0,0.0,0.0,0.0,1.0
331,0.49832568349999995,0.1294388,0.48762800000000006,6.639995,0.24487305555555558,0.39544677777777776,0.05920416666666668,6.639995,0.0,0.0,0.0,0.0,0.0,0.0,0.0,0.0,0.0,0.0,0.0,0.0,0.0,1.0
332,0.5016743165,0.12869466666666668,0.48874399999999996,6.659994999999999,0.2451171666666667,0.39538575,0.05932611111111115,6.659994999999999,0.0,0.0,0.0,0.0,0.0,0.0,0.0,0.0,0.0,0.0,0.0,0.0,0.0,1.0
333,0.503348633,0.12869466666666668,0.4893025,6.679995,0.2452392777777778,0.39532469444444446,0.05938722222222223,6.679995,0.0,0.0,0.0,0.0,0.0,0.0,0.0,0.0,0.0,0.0,0.0,0.0,0.0,1.0
334,0.50613916,0.12869466666666668,0.4904185000000001,6.6999949999999995,0.24536133333333335,0.3952636666666666,0.05944833333333332,6.6999949999999995,0.0,0.0,0.0,0.0,0.0,0.0,0.0,0.0,0.0,0.0,0.0,0.0,0.0,1.0
335,0.50837158,0.12869466666666668,0.49153449999999993,6.719995,0.2454833888888889,0.3951416111111111,0.059509166666666696,6.719995,0.0,0.0,0.0,0.0,0.0,0.0,0.0,0.0,0.0,0.0,0.0,0.0,0.0,1.0
336,0.510604005,0.12869466666666668,0.49265100000000006,6.7399949999999995,0.24572755555555553,0.39501952777777777,0.059570277777777784,6.7399949999999995,0.0,0.0,0.0,0.0,0.0,0.0,0.0,0.0,0.0,0.0,0.0,0.0,0.0,1.0
337,0.5128364249999999,0.12869466666666668,0.49376699999999996,6.759995,0.24584961111111112,0.39483641666666663,0.05969249999999996,6.759995,0.0,0.0,0.0,0.0,0.0,0.0,0.0,0.0,0.0,0.0,0.0,0.0,0.0,1.0
338,0.5150688449999999,0.12869466666666668,0.4954414999999999,6.779994,0.2460937222222222,0.39459227777777783,0.05981444444444443,6.779994,0.0,0.0,0.0,0.0,0.0,0.0,0.0,0.0,0.0,0.0,0.0,0.0,0.0,1.0
339,0.51730127,0.12869466666666668,0.49655750000000004,6.799994,0.24633788888888888,0.3942871111111111,0.05993638888888889,6.799994,0.0,0.0,0.0,0.0,0.0,0.0,0.0,0.0,0.0,0.0,0.0,0.0,0.0,1.0
340,0.51953369,0.12869466666666668,0.49878999999999996,6.819994,0.2467041111111111,0.39404297222222223,0.060058611111111146,6.819994,0.0,0.0,0.0,0.0,0.0,0.0,0.0,0.0,0.0,0.0,0.0,0.0,0.0,1.0
341,0.5212080099999999,0.12869466666666668,0.5004645,6.839994,0.2469482222222222,0.3938598611111111,0.060119722222222234,6.839994,0.0,0.0,0.0,0.0,0.0,0.0,0.0,0.0,0.0,0.0,0.0,0.0,0.0,1.0
342,0.52344043,0.12869466666666668,0.5021385,6.859994,0.2471923888888889,0.39361572222222224,0.06030277777777779,6.859994,0.0,0.0,0.0,0.0,0.0,0.0,0.0,0.0,0.0,0.0,0.0,0.0,0.0,1.0
343,0.5245566399999999,0.12869466666666668,0.5038130000000001,6.879994,0.2474365,0.39331055555555555,0.06048583333333334,6.879994,0.0,0.0,0.0,0.0,0.0,0.0,0.0,0.0,0.0,0.0,0.0,0.0,0.0,1.0
344,0.525672855,0.12869466666666668,0.5054875,6.899994,0.2475586111111111,0.3930053611111111,0.06066888888888889,6.899994,0.0,0.0,0.0,0.0,0.0,0.0,0.0,0.0,0.0,0.0,0.0,0.0,0.0,1.0
345,0.52623096,0.12795053333333334,0.5071614999999999,6.919994,0.24780272222222224,0.39263916666666665,0.06091305555555553,6.919994,0.0,0.0,0.0,0.0,0.0,0.0,0.0,0.0,0.0,0.0,0.0,0.0,0.0,1.0
346,0.526789065,0.12795053333333334,0.508278,6.939994,0.24792477777777774,0.3922729444444444,0.06109611111111109,6.939994,0.0,0.0,0.0,0.0,0.0,0.0,0.0,0.0,0.0,0.0,0.0,0.0,0.0,1.0
347,0.526789065,0.12795053333333334,0.509952,6.959994,0.2480468888888889,0.3917846666666667,0.06127916666666664,6.959994,0.0,0.0,0.0,0.0,0.0,0.0,0.0,0.0,0.0,0.0,0.0,0.0,0.0,1.0
348,0.526789065,0.12795053333333334,0.5105105,6.9799940000000005,0.24816894444444443,0.3914795,0.061340277777777806,6.9799940000000005,0.0,0.0,0.0,0.0,0.0,0.0,0.0,0.0,0.0,0.0,0.0,0.0,0.0,1.0
349,0.526789065,0.12795053333333334,0.5116265,6.999994,0.2484131111111111,0.39093016666666663,0.06152333333333336,6.999994,0.0,0.0,0.0,0.0,0.0,0.0,0.0,0.0,0.0,0.0,0.0,0.0,0.0,1.0
350,0.52623096,0.12795053333333334,0.5121844999999999,7.0199940000000005,0.24865722222222222,0.39031983333333337,0.0617675,7.0199940000000005,0.0,0.0,0.0,0.0,0.0,0.0,0.0,0.0,0.0,0.0,0.0,0.0,0.0,1.0
351,0.52623096,0.12795053333333334,0.513301,7.039994,0.24890138888888888,0.38970947222222224,0.06195055555555555,7.039994,0.0,0.0,0.0,0.0,0.0,0.0,0.0,0.0,0.0,0.0,0.0,0.0,0.0,1.0
352,0.525672855,0.1272064,0.513859,7.0599940000000005,0.24926755555555552,0.38916016666666664,0.06219472222222219,7.0599940000000005,0.0,0.0,0.0,0.0,0.0,0.0,0.0,0.0,0.0,0.0,0.0,0.0,0.0,1.0
353,0.525672855,0.1272064,0.514417,7.079994,0.24938966666666668,0.3886718611111111,0.062316944444444446,7.079994,0.0,0.0,0.0,0.0,0.0,0.0,0.0,0.0,0.0,0.0,0.0,0.0,0.0,1.0
354,0.525114745,0.1272064,0.514417,7.099994000000001,0.2496337777777778,0.38830566666666666,0.0625,7.099994000000001,0.0,0.0,0.0,0.0,0.0,0.0,0.0,0.0,0.0,0.0,0.0,0.0,0.0,1.0
355,0.525114745,0.1272064,0.514417,7.119994,0.24975583333333332,0.38793944444444445,0.06262194444444447,7.119994,0.0,0.0,0.0,0.0,0.0,0.0,0.0,0.0,0.0,0.0,0.0,0.0,0.0,1.0
356,0.5245566399999999,0.1272064,0.514417,7.139994000000001,0.25,0.38763427777777776,0.06268305555555555,7.139994000000001,0.0,0.0,0.0,0.0,0.0,0.0,0.0,0.0,0.0,0.0,0.0,0.0,0.0,1.0
357,0.523998535,0.1272064,0.514975,7.159994,0.25024416666666666,0.3874511666666666,0.06268305555555555,7.159994,0.0,0.0,0.0,0.0,0.0,0.0,0.0,0.0,0.0,0.0,0.0,0.0,0.0,1.0
358,0.52344043,0.1272064,0.514975,7.179994000000001,0.25048827777777777,0.3873291111111111,0.06256111111111116,7.179994000000001,0.0,0.0,0.0,0.0,0.0,0.0,0.0,0.0,0.0,0.0,0.0,0.0,0.0,1.0
359,0.5212080099999999,0.1272064,0.5160914999999999,7.199994,0.2508545,0.3874511666666666,0.06219472222222219,7.199994,0.0,0.0,0.0,0.0,0.0,0.0,0.0,0.0,0.0,0.0,0.0,0.0,0.0,1.0
360,0.517859375,0.1272064,0.5166495,7.219994,0.2510986111111111,0.3878173888888889,0.06158444444444445,7.219994,0.0,0.0,0.0,0.0,0.0,0.0,0.0,0.0,0.0,0.0,0.0,0.0,0.0,1.0
361,0.513952635,0.1272064,0.5177655000000001,7.239994,0.2510986111111111,0.38818358333333336,0.0609741666666667,7.239994,0.0,0.0,0.0,0.0,0.0,0.0,0.0,0.0,0.0,0.0,0.0,0.0,0.0,1.0
362,0.5078134750000001,0.12646226666666666,0.51944,7.259994,0.2510986111111111,0.38848877777777774,0.0602416666666667,7.259994,0.0,0.0,0.0,0.0,0.0,0.0,0.0,0.0,0.0,0.0,0.0,0.0,0.0,1.0
363,0.506697265,0.12646226666666666,0.51944,7.279994,0.2510986111111111,0.3885498055555555,0.060119722222222234,7.279994,0.0,0.0,0.0,0.0,0.0,0.0,0.0,0.0,0.0,0.0,0.0,0.0,0.0,1.0
364,0.503348633,0.12646226666666666,0.519998,7.299994,0.2510986111111111,0.38861083333333335,0.05981444444444443,7.299994,0.0,0.0,0.0,0.0,0.0,0.0,0.0,0.0,0.0,0.0,0.0,0.0,0.0,1.0
365,0.5,0.12646226666666666,0.520556,7.319994,0.2510986111111111,0.38873291666666665,0.059570277777777784,7.319994,0.0,0.0,0.0,0.0,0.0,0.0,0.0,0.0,0.0,0.0,0.0,0.0,0.0,1.0
366,0.49720947249999997,0.12646226666666666,0.5211145,7.339994,0.2510986111111111,0.38885497222222226,0.05926499999999998,7.339994,0.0,0.0,0.0,0.0,0.0,0.0,0.0,0.0,0.0,0.0,0.0,0.0,0.0,1.0
367,0.49441894499999994,0.12646226666666666,0.5216725,7.359994,0.25097655555555554,0.3890991111111111,0.058959999999999964,7.359994,0.0,0.0,0.0,0.0,0.0,0.0,0.0,0.0,0.0,0.0,0.0,0.0,0.0,1.0
368,0.49107031,0.12646226666666666,0.5222305,7.379994,0.2507324444444445,0.38940430555555555,0.05853277777777777,7.379994,0.0,0.0,0.0,0.0,0.0,0.0,0.0,0.0,0.0,0.0,0.0,0.0,0.0,1.0
369,0.488279785,0.1272064,0.5227885000000001,7.399994,0.25048827777777777,0.3897705,0.05804444444444449,7.399994,0.0,0.0,0.0,0.0,0.0,0.0,0.0,0.0,0.0,0.0,0.0,0.0,0.0,1.0
370,0.48381493999999997,0.12646226666666666,0.5233464999999999,7.419994,0.25,0.39019775,0.05749500000000004,7.419994,0.0,0.0,0.0,0.0,0.0,0.0,0.0,0.0,0.0,0.0,0.0,0.0,0.0,1.0
371,0.481024415,0.12646226666666666,0.523905,7.439994,0.2496337777777778,0.3903808611111111,0.05719000000000002,7.439994,0.0,0.0,0.0,0.0,0.0,0.0,0.0,0.0,0.0,0.0,0.0,0.0,0.0,1.0
372,0.478233885,0.12646226666666666,0.5250210000000001,7.459994,0.24938966666666668,0.39056397222222217,0.05688472222222221,7.459994,0.0,0.0,0.0,0.0,0.0,0.0,0.0,0.0,0.0,0.0,0.0,0.0,0.0,1.0
373,0.47488525499999995,0.12646226666666666,0.526137,7.4799940000000005,0.24902344444444446,0.39080811111111113,0.05657972222222219,7.4799940000000005,0.0,0.0,0.0,0.0,0.0,0.0,0.0,0.0,0.0,0.0,0.0,0.0,0.0,1.0
374,0.472094725,0.12646226666666666,0.5272535,7.499994,0.24877927777777778,0.39111327777777777,0.0562133333333333,7.499994,0.0,0.0,0.0,0.0,0.0,0.0,0.0,0.0,0.0,0.0,0.0,0.0,0.0,1.0
375,0.4693042,0.12646226666666666,0.5283694999999999,7.5199940000000005,0.24865722222222222,0.39141844444444446,0.05590833333333336,7.5199940000000005,0.0,0.0,0.0,0.0,0.0,0.0,0.0,0.0,0.0,0.0,0.0,0.0,0.0,1.0
376,0.467629885,0.12646226666666666,0.5289280000000001,7.539994,0.2484131111111111,0.3916015555555556,0.05572500000000002,7.539994,0.0,0.0,0.0,0.0,0.0,0.0,0.0,0.0,0.0,0.0,0.0,0.0,0.0,1.0
377,0.46595556499999996,0.12646226666666666,0.530044,7.5599940000000005,0.24816894444444443,0.3917236388888889,0.05554194444444446,7.5599940000000005,0.0,0.0,0.0,0.0,0.0,0.0,0.0,0.0,0.0,0.0,0.0,0.0,0.0,1.0
378,0.46483935499999995,0.12646226666666666,0.5306019999999999,7.579994,0.24780272222222224,0.3917236388888889,0.0554808333333333,7.579994,0.0,0.0,0.0,0.0,0.0,0.0,0.0,0.0,0.0,0.0,0.0,0.0,0.0,1.0
379,0.463723145,0.12646226666666666,0.5311600000000001,7.599994000000001,0.2475586111111111,0.3917236388888889,0.05542,7.599994000000001,0.0,0.0,0.0,0.0,0.0,0.0,0.0,0.0,0.0,0.0,0.0,0.0,0.0,1.0
380,0.46316504,0.12646226666666666,0.5317185,7.619994,0.2471923888888889,0.39184569444444445,0.055297777777777744,7.619994,0.0,0.0,0.0,0.0,0.0,0.0,0.0,0.0,0.0,0.0,0.0,0.0,0.0,1.0
381,0.462606935,0.12646226666666666,0.5328345,7.639994000000001,0.2467041111111111,0.39221191666666666,0.0551147222222222,7.639994000000001,0.0,0.0,0.0,0.0,0.0,0.0,0.0,0.0,0.0,0.0,0.0,0.0,0.0,1.0
382,0.46204882999999997,0.12646226666666666,0.5339505,7.659994,0.24633788888888888,0.3927001944444445,0.054809444444444466,7.659994,0.0,0.0,0.0,0.0,0.0,0.0,0.0,0.0,0.0,0.0,0.0,0.0,0.0,1.0
383,0.46204882999999997,0.12646226666666666,0.535625,7.679994000000001,0.24584961111111112,0.3934936388888889,0.05444333333333336,7.679994000000001,0.0,0.0,0.0,0.0,0.0,0.0,0.0,0.0,0.0,0.0,0.0,0.0,0.0,1.0
384,0.461490725,0.12646226666666666,0.5372994999999999,7.699994,0.24536133333333335,0.3944091666666667,0.053955,7.699994,0.0,0.0,0.0,0.0,0.0,0.0,0.0,0.0,0.0,0.0,0.0,0.0,0.0,1.0
385,0.461490725,0.12646226666666666,0.5412060000000001,7.719994,0.2446288888888889,0.395813,0.05328361111111109,7.719994,0.0,0.0,0.0,0.0,0.0,0.0,0.0,0.0,0.0,0.0,0.0,0.0,0.0,1.0
386,0.461490725,0.12646226666666666,0.5428805000000001,7.739994,0.24426272222222226,0.3962402222222222,0.05310055555555553,7.739994,0.0,0.0,0.0,0.0,0.0,0.0,0.0,0.0,0.0,0.0,0.0,0.0,0.0,1.0
387,0.46204882999999997,0.12646226666666666,0.545113,7.759994,0.2437743888888889,0.3967895555555556,0.05279527777777781,7.759994,0.0,0.0,0.0,0.0,0.0,0.0,0.0,0.0,0.0,0.0,0.0,0.0,0.0,1.0
388,0.462606935,0.12646226666666666,0.5467869999999999,7.779994,0.24328611111111112,0.3973388611111111,0.052612222222222255,7.779994,0.0,0.0,0.0,0.0,0.0,0.0,0.0,0.0,0.0,0.0,0.0,0.0,0.0,1.0
389,0.46316504,0.12646226666666666,0.5484614999999999,7.799994,0.24291994444444448,0.3978881944444445,0.0524291666666667,7.799994,0.0,0.0,0.0,0.0,0.0,0.0,0.0,0.0,0.0,0.0,0.0,0.0,0.0,1.0
390,0.463723145,0.12646226666666666,0.5501360000000001,7.819992999999999,0.24243166666666668,0.39849852777777783,0.05218499999999998,7.819992999999999,0.0,0.0,0.0,0.0,0.0,0.0,0.0,0.0,0.0,0.0,0.0,0.0,0.0,1.0
391,0.46483935499999995,0.12646226666666666,0.5518099999999999,7.839992999999999,0.24206544444444442,0.3991699166666666,0.05200194444444443,7.839992999999999,0.0,0.0,0.0,0.0,0.0,0.0,0.0,0.0,0.0,0.0,0.0,0.0,0.0,1.0
392,0.46651367,0.12646226666666666,0.5529265,7.859992999999999,0.2418212777777778,0.3997802777777778,0.05194083333333334,7.859992999999999,0.0,0.0,0.0,0.0,0.0,0.0,0.0,0.0,0.0,0.0,0.0,0.0,0.0,1.0
393,0.46874609500000003,0.12571813333333334,0.5546005,7.879992999999999,0.24157716666666668,0.4001464722222222,0.05194083333333334,7.879992999999999,0.0,0.0,0.0,0.0,0.0,0.0,0.0,0.0,0.0,0.0,0.0,0.0,0.0,1.0
394,0.470978515,0.12571813333333334,0.5562750000000001,7.899992999999999,0.24145505555555552,0.4002685555555555,0.05218499999999998,7.899992999999999,0.0,0.0,0.0,0.0,0.0,0.0,0.0,0.0,0.0,0.0,0.0,0.0,0.0,1.0
395,0.472094725,0.12571813333333334,0.556833,7.919992999999999,0.241333,0.4002685555555555,0.052307222222222234,7.919992999999999,0.0,0.0,0.0,0.0,0.0,0.0,0.0,0.0,0.0,0.0,0.0,0.0,0.0,1.0
396,0.474327145,0.12571813333333334,0.557949,7.939992999999999,0.24121094444444446,0.4001464722222222,0.052612222222222255,7.939992999999999,0.0,0.0,0.0,0.0,0.0,0.0,0.0,0.0,0.0,0.0,0.0,0.0,0.0,1.0
397,0.478233885,0.12571813333333334,0.5596235,7.959992999999999,0.24121094444444446,0.4000854444444444,0.05297861111111114,7.959992999999999,0.0,0.0,0.0,0.0,0.0,0.0,0.0,0.0,0.0,0.0,0.0,0.0,0.0,1.0
398,0.48158252,0.12571813333333334,0.5612980000000001,7.9799929999999994,0.24108888888888888,0.4000854444444444,0.053222777777777786,7.9799929999999994,0.0,0.0,0.0,0.0,0.0,0.0,0.0,0.0,0.0,0.0,0.0,0.0,0.0,1.0
399,0.486047365,0.12646226666666666,0.5635305,7.999992999999999,0.24108888888888888,0.40032958333333335,0.05340583333333334,7.999992999999999,0.0,0.0,0.0,0.0,0.0,0.0,0.0,0.0,0.0,0.0,0.0,0.0,0.0,1.0
400,0.49162841999999995,0.12646226666666666,0.5652044999999999,8.019994,0.24108888888888888,0.4006958055555556,0.053588888888888894,8.019994,0.0,0.0,0.0,0.0,0.0,0.0,0.0,0.0,0.0,0.0,0.0,0.0,0.0,1.0
401,0.49720947249999997,0.12571813333333334,0.567437,8.039994,0.24108888888888888,0.4011840833333333,0.05364999999999998,8.039994,0.0,0.0,0.0,0.0,0.0,0.0,0.0,0.0,0.0,0.0,0.0,0.0,0.0,1.0
402,0.5027905275,0.12571813333333334,0.5702275,8.059994999999999,0.24121094444444446,0.4017333888888889,0.05364999999999998,8.059994999999999,0.0,0.0,0.0,0.0,0.0,0.0,0.0,0.0,0.0,0.0,0.0,0.0,0.0,1.0
403,0.50837158,0.12571813333333334,0.57246,8.079995,0.241333,0.40240477777777783,0.05346666666666664,8.079995,0.0,0.0,0.0,0.0,0.0,0.0,0.0,0.0,0.0,0.0,0.0,0.0,0.0,1.0
404,0.513952635,0.12571813333333334,0.5752505,8.099996,0.24145505555555552,0.40313719444444446,0.053222777777777786,8.099996,0.0,0.0,0.0,0.0,0.0,0.0,0.0,0.0,0.0,0.0,0.0,0.0,0.0,1.0
405,0.518975585,0.12646226666666666,0.5785989999999999,8.119996,0.24157716666666668,0.40393066666666666,0.05297861111111114,8.119996,0.0,0.0,0.0,0.0,0.0,0.0,0.0,0.0,0.0,0.0,0.0,0.0,0.0,1.0
406,0.523998535,0.12571813333333334,0.581948,8.139997,0.24157716666666668,0.40466308333333334,0.05285638888888889,8.139997,0.0,0.0,0.0,0.0,0.0,0.0,0.0,0.0,0.0,0.0,0.0,0.0,0.0,1.0
407,0.529021485,0.12571813333333334,0.5858545,8.159997,0.2416992222222222,0.40545655555555554,0.052734444444444424,8.159997,0.0,0.0,0.0,0.0,0.0,0.0,0.0,0.0,0.0,0.0,0.0,0.0,0.0,1.0
408,0.535160645,0.12497393333333333,0.592552,8.179997,0.24194333333333332,0.4069824166666666,0.05249027777777779,8.179997,0.0,0.0,0.0,0.0,0.0,0.0,0.0,0.0,0.0,0.0,0.0,0.0,0.0,1.0
409,0.53795117,0.12497393333333333,0.5959005,8.199997999999999,0.24194333333333332,0.4078979444444444,0.0524291666666667,8.199997999999999,0.0,0.0,0.0,0.0,0.0,0.0,0.0,0.0,0.0,0.0,0.0,0.0,0.0,1.0
410,0.541299805,0.12497393333333333,0.6020395,8.219998,0.24206544444444442,0.40936280555555554,0.052307222222222234,8.219998,0.0,0.0,0.0,0.0,0.0,0.0,0.0,0.0,0.0,0.0,0.0,0.0,0.0,1.0
411,0.54409033,0.12497393333333333,0.608737,8.239999000000001,0.24206544444444442,0.4107666111111111,0.05249027777777779,8.239999000000001,0.0,0.0,0.0,0.0,0.0,0.0,0.0,0.0,0.0,0.0,0.0,0.0,0.0,1.0
412,0.546322755,0.12571813333333334,0.615434,8.259999,0.24194333333333332,0.41174316666666666,0.05310055555555553,8.259999,0.0,0.0,0.0,0.0,0.0,0.0,0.0,0.0,0.0,0.0,0.0,0.0,0.0,1.0
413,0.546322755,0.12869466666666668,0.621015,8.28,0.24230955555555558,0.4116821388888889,0.0542602777777778,8.28,0.0,0.0,0.0,0.0,0.0,0.0,0.0,0.0,0.0,0.0,0.0,0.0,0.0,1.0
414,0.54409033,0.13539193333333335,0.6265959999999999,8.3,0.24426272222222226,0.4100341666666667,0.05590833333333336,8.3,0.0,0.0,0.0,0.0,0.0,0.0,0.0,0.0,0.0,0.0,0.0,0.0,0.0,1.0
415,0.5373930650000001,0.15101886666666667,0.630503,8.320001,0.24865722222222222,0.40631102777777783,0.05773916666666668,8.320001,0.0,0.0,0.0,0.0,0.0,0.0,0.0,0.0,0.0,0.0,0.0,0.0,0.0,1.0
416,0.5212080099999999,0.1956673333333333,0.629945,8.340000999999999,0.2537841666666667,0.39721680555555555,0.061340277777777806,8.340000999999999,0.0,0.0,0.0,0.0,0.0,0.0,0.0,0.0,0.0,0.0,0.0,0.0,0.0,1.0
417,0.50725537,0.2373392,0.62548,8.360002,0.2628173888888889,0.3897705,0.062378055555555534,8.360002,0.0,0.0,0.0,0.0,0.0,0.0,0.0,0.0,0.0,0.0,0.0,0.0,0.0,1.0
418,0.493302735,0.2864524733333333,0.6171085,8.380002000000001,0.27392577777777777,0.38159180555555555,0.0632325,8.380002000000001,0.0,0.0,0.0,0.0,0.0,0.0,0.0,0.0,0.0,0.0,0.0,0.0,0.0,1.0
419,0.47935009500000003,0.3400306,0.60483,8.400002,0.28674316666666666,0.3722534166666667,0.06427000000000002,8.400002,0.0,0.0,0.0,0.0,0.0,0.0,0.0,0.0,0.0,0.0,0.0,0.0,0.0,1.0
420,0.46707178000000005,0.39732942666666665,0.588645,8.420003,0.3001708888888889,0.3609008888888889,0.06616222222222222,8.420003,0.0,0.0,0.0,0.0,0.0,0.0,0.0,0.0,0.0,0.0,0.0,0.0,0.0,1.0
421,0.45702587999999994,0.45611653333333335,0.567995,8.440002999999999,0.31274416666666666,0.34582519444444443,0.07000722222222219,8.440002999999999,0.0,0.0,0.0,0.0,0.0,0.0,0.0,0.0,0.0,0.0,0.0,0.0,0.0,1.0
422,0.45032861,0.5171360666666667,0.5412060000000001,8.460004,0.3234863333333334,0.3251953055555556,0.07653805555555554,8.460004,0.0,0.0,0.0,0.0,0.0,0.0,0.0,0.0,0.0,0.0,0.0,0.0,0.0,1.0
423,0.44753810000000005,0.6064329333333334,0.49767399999999995,8.480004,0.3359375,0.2864990277777778,0.09014888888888888,8.480004,0.0,0.0,0.0,0.0,0.0,0.0,0.0,0.0,0.0,0.0,0.0,0.0,0.0,1.0
424,0.45032861,0.6495930666666666,0.47255899999999995,8.500005,0.34558105555555557,0.26440430555555555,0.09692388888888885,8.500005,0.0,0.0,0.0,0.0,0.0,0.0,0.0,0.0,0.0,0.0,0.0,0.0,0.0,1.0
425,0.45311914,0.7158216000000001,0.43349149999999986,8.520005000000001,0.36193850000000005,0.2270507777777778,0.10833749999999998,8.520005000000001,0.0,0.0,0.0,0.0,0.0,0.0,0.0,0.0,0.0,0.0,0.0,0.0,0.0,1.0
426,0.453677245,0.7798177333333333,0.39275000000000004,8.540006,0.38256833333333334,0.1882325,0.11883555555555556,8.540006,0.0,0.0,0.0,0.0,0.0,0.0,0.0,0.0,0.0,0.0,0.0,0.0,0.0,1.0
427,0.44921240000000007,0.8423255333333334,0.350892,8.560006,0.40649416666666666,0.15008555555555556,0.1279908333333333,8.560006,0.0,0.0,0.0,0.0,0.0,0.0,0.0,0.0,0.0,0.0,0.0,0.0,0.0,1.0
428,0.43693410000000005,0.9018567333333334,0.3079180000000001,8.580007,0.43310544444444443,0.11437999999999995,0.1358033333333333,8.580007,0.0,0.0,0.0,0.0,0.0,0.0,0.0,0.0,0.0,0.0,0.0,0.0,0.0,1.0
429,0.41572604999999996,0.9591556,0.2638275,8.600007000000002,0.46154785000000004,0.08374027777777779,0.14196777777777775,8.600007000000002,0.0,0.0,0.0,0.0,0.0,0.0,0.0,0.0,0.0,0.0,0.0,0.0,0.0,1.0
430,0.3894951,1.0,0.21694700000000006,8.620008,0.48901367222222225,0.0602416666666667,0.14581305555555554,8.620008,0.0,0.0,0.0,0.0,0.0,0.0,0.0,0.0,0.0,0.0,0.0,0.0,0.0,1.0
431,0.36158985,1.0,0.16671700000000006,8.640008,0.5125732444444444,0.044921944444444424,0.14721666666666663,8.640008,0.0,0.0,0.0,0.0,0.0,0.0,0.0,0.0,0.0,0.0,0.0,0.0,0.0,1.0
432,0.3348008,1.0,0.11146499999999993,8.660008,0.5308837888888889,0.03735361111111114,0.14678944444444444,8.660008,0.0,0.0,0.0,0.0,0.0,0.0,0.0,0.0,0.0,0.0,0.0,0.0,0.0,1.0
433,0.31024415000000005,1.0,0.051747499999999926,8.680009,0.5440673833333334,0.03619388888888887,0.14538583333333333,8.680009,0.0,0.0,0.0,0.0,0.0,0.0,0.0,0.0,0.0,0.0,0.0,0.0,0.0,1.0
434,0.2873618,1.0,0.0,8.700009,0.5534667944444445,0.04003916666666664,0.14392083333333333,8.700009,0.0,0.0,0.0,0.0,0.0,0.0,0.0,0.0,0.0,0.0,0.0,0.0,0.0,1.0
