,X0,Y0,Z0,Tp0,A0,B0,G0,To0,X1,Y1,Z1,Tp1,A1,B1,G1,To1,X2,Y2,Z2,Tp2,A2,B2,G2,To2,X3,Y3,Z3,Tp3,A3,B3,G3,To3,0,1,2,3,4,5
0,0.0,0.0,0.0,0.0,0.0,0.0,0.0,0.0,0.0,0.0,0.0,0.0,0.0,0.0,0.0,0.0,0.5725379302325582,0.8866429600000001,0.4279678571428572,49.12093,0.2852783333333333,0.3955688611111111,0.7457275277777777,49.12093,0.0,0.0,0.0,0.0,0.0,0.0,0.0,0.0,0.0,0.0,0.0,1,0.0,0.0
1,0.0,0.0,0.0,0.0,0.0,0.0,0.0,0.0,0.0,0.0,0.0,0.0,0.0,0.0,0.0,0.0,0.5620088855733434,0.860050066027937,0.4305091616556625,49.14093,0.275161153773255,0.39290852432363105,0.7483878727349523,49.14093,0.0,0.0,0.0,0.0,0.0,0.0,0.0,0.0,0.0,0.0,0.0,1,0.0,0.0
2,0.0,0.0,0.0,0.0,0.0,0.0,0.0,0.0,0.0,0.0,0.0,0.0,0.0,0.0,0.0,0.0,0.5514798409141286,0.8334571720558739,0.4330504661684679,49.16093000000001,0.2650439742131767,0.39024818753615087,0.7510482176921267,49.16093000000001,0.0,0.0,0.0,0.0,0.0,0.0,0.0,0.0,0.0,0.0,0.0,1,0.0,0.0
3,0.0,0.0,0.0,0.0,0.0,0.0,0.0,0.0,0.0,0.0,0.0,0.0,0.0,0.0,0.0,0.0,0.5409507962549138,0.8068642780838108,0.4355917706812732,49.180930000000004,0.25492679465309837,0.3875878507486708,0.7537085626493011,49.180930000000004,0.0,0.0,0.0,0.0,0.0,0.0,0.0,0.0,0.0,0.0,0.0,1,0.0,0.0
4,0.0,0.0,0.0,0.0,0.0,0.0,0.0,0.0,0.0,0.0,0.0,0.0,0.0,0.0,0.0,0.0,0.5304217515956992,0.7802713841117478,0.4381330751940787,49.20093,0.24480961509302004,0.3849275139611906,0.7563689076064757,49.20093,0.0,0.0,0.0,0.0,0.0,0.0,0.0,0.0,0.0,0.0,0.0,1,0.0,0.0
5,0.0,0.0,0.0,0.0,0.0,0.0,0.0,0.0,0.0,0.0,0.0,0.0,0.0,0.0,0.0,0.0,0.5198927069364844,0.7536784901396846,0.4406743797068839,49.22093000000001,0.23469243553294175,0.3822671771737106,0.7590292525636501,49.22093,0.0,0.0,0.0,0.0,0.0,0.0,0.0,0.0,0.0,0.0,0.0,1,0.0,0.0
6,0.0,0.0,0.0,0.0,0.0,0.0,0.0,0.0,0.0,0.0,0.0,0.0,0.0,0.0,0.0,0.0,0.5093636622772697,0.7270855961676216,0.4432156842196894,49.240930000000006,0.22457525597286343,0.3796068403862304,0.7616895975208245,49.240930000000006,0.0,0.0,0.0,0.0,0.0,0.0,0.0,0.0,0.0,0.0,0.0,1,0.0,0.0
7,0.0,0.0,0.0,0.0,0.0,0.0,0.0,0.0,0.0,0.0,0.0,0.0,0.0,0.0,0.0,0.0,0.4988346176180549,0.7004927021955585,0.44575698873249486,49.26093,0.21445807641278514,0.37694650359875037,0.764349942477999,49.26093,0.0,0.0,0.0,0.0,0.0,0.0,0.0,0.0,0.0,0.0,0.0,1,0.0,0.0
8,0.0,0.0,0.0,0.0,0.0,0.0,0.0,0.0,0.0,0.0,0.0,0.0,0.0,0.0,0.0,0.0,0.48830557295884014,0.6738998082234954,0.44829829324530024,49.280930000000005,0.2043408968527068,0.37428616681127025,0.7670102874351735,49.28093,0.0,0.0,0.0,0.0,0.0,0.0,0.0,0.0,0.0,0.0,0.0,1,0.0,0.0
9,0.0,0.0,0.0,0.0,0.0,0.0,0.0,0.0,0.0,0.0,0.0,0.0,0.0,0.0,0.0,0.0,0.4777765282996254,0.6473069142514322,0.45083959775810556,49.30093,0.1942237172926285,0.3716258300237901,0.7696706323923479,49.30093,0.0,0.0,0.0,0.0,0.0,0.0,0.0,0.0,0.0,0.0,0.0,1,0.0,0.0
10,0.0,0.0,0.0,0.0,0.0,0.0,0.0,0.0,0.0,0.0,0.0,0.0,0.0,0.0,0.0,0.0,0.46724748364041063,0.6207140202793692,0.45338090227091093,49.320930000000004,0.1841065377325502,0.36896549323631,0.7723309773495225,49.320930000000004,0.0,0.0,0.0,0.0,0.0,0.0,0.0,0.0,0.0,0.0,0.0,1,0.0,0.0
11,0.0,0.0,0.0,0.0,0.0,0.0,0.0,0.0,0.0,0.0,0.0,0.0,0.0,0.0,0.0,0.0,0.4567184389811959,0.5941211263073061,0.45592220678371626,49.34093,0.17398935817247188,0.3663051564488299,0.7749913223066969,49.34093,0.0,0.0,0.0,0.0,0.0,0.0,0.0,0.0,0.0,0.0,0.0,1,0.0,0.0
12,0.0,0.0,0.0,0.0,0.0,0.0,0.0,0.0,0.0,0.0,0.0,0.0,0.0,0.0,0.0,0.0,0.4461893943219811,0.5675282323352431,0.45846351129652174,49.36093,0.1638721786123936,0.3636448196613498,0.7776516672638715,49.360929999999996,0.0,0.0,0.0,0.0,0.0,0.0,0.0,0.0,0.0,0.0,0.0,1,0.0,0.0
13,0.0,0.0,0.0,0.0,0.0,0.0,0.0,0.0,0.0,0.0,0.0,0.0,0.0,0.0,0.0,0.0,0.4356603496627664,0.5409353383631799,0.4610048158093271,49.38093,0.15375499905231527,0.3609844828738697,0.7803120122210458,49.380930000000006,0.0,0.0,0.0,0.0,0.0,0.0,0.0,0.0,0.0,0.0,0.0,1,0.0,0.0
14,0.0,0.0,0.0,0.0,0.0,0.0,0.0,0.0,0.0,0.0,0.0,0.0,0.0,0.0,0.0,0.0,0.4251313050035516,0.5143424443911168,0.4635461203221326,49.400929999999995,0.14363781949223692,0.35832414608638957,0.7829723571782204,49.40093,0.0,0.0,0.0,0.0,0.0,0.0,0.0,0.0,0.0,0.0,0.0,1,0.0,0.0
15,0.0,0.0,0.0,0.0,0.0,0.0,0.0,0.0,0.0,0.0,0.0,0.0,0.0,0.0,0.0,0.0,0.4146022603443369,0.4877495504190537,0.4660874248349378,49.420930000000006,0.13352063993215865,0.35566380929890945,0.7856327021353948,49.42093,0.0,0.0,0.0,0.0,0.0,0.0,0.0,0.0,0.0,0.0,0.0,1,0.0,0.0
16,0.0,0.0,0.0,0.0,0.0,0.0,0.0,0.0,0.0,0.0,0.0,0.0,0.0,0.0,0.0,0.0,0.4040732156851221,0.46115665644699066,0.4686287293477433,49.44093,0.12340346037208032,0.35300347251142933,0.7882930470925692,49.44093,0.0,0.0,0.0,0.0,0.0,0.0,0.0,0.0,0.0,0.0,0.0,1,0.0,0.0
17,0.0,0.0,0.0,0.0,0.0,0.0,0.0,0.0,0.0,0.0,0.0,0.0,0.0,0.0,0.0,0.0,0.4053982771773121,0.4543904935270772,0.47363783457659814,49.46094000000001,0.11328628081200204,0.3503431357239492,0.7909533920497438,49.460930000000005,0.0,0.0,0.0,0.0,0.0,0.0,0.0,0.0,0.0,0.0,0.0,1,0.0,0.0
18,0.0,0.0,0.0,0.0,0.0,0.0,0.0,0.0,0.0,0.0,0.0,0.0,0.0,0.0,0.0,0.0,0.4067286031918334,0.4476376270541544,0.4786456691531963,49.480940000000004,0.1092855887433381,0.35003256956712553,0.791532499259284,49.480940000000004,0.0,0.0,0.0,0.0,0.0,0.0,0.0,0.0,0.0,0.0,0.0,1,0.0,0.0
19,0.0,0.0,0.0,0.0,0.0,0.0,0.0,0.0,0.0,0.0,0.0,0.0,0.0,0.0,0.0,0.0,0.4080589292063548,0.44088476058123155,0.4836535037297943,49.50094000000001,0.10528995526445416,0.3497233335786955,0.7921102762963457,49.50094,0.0,0.0,0.0,0.0,0.0,0.0,0.0,0.0,0.0,0.0,0.0,1,0.0,0.0
20,0.0,0.0,0.0,0.0,0.0,0.0,0.0,0.0,0.0,0.0,0.0,0.0,0.0,0.0,0.0,0.0,0.4093892552208762,0.4341318941083088,0.4886613383063925,49.52094,0.10129432178557012,0.3494140975902655,0.7926880533334074,49.520939999999996,0.0,0.0,0.0,0.0,0.0,0.0,0.0,0.0,0.0,0.0,0.0,1,0.0,0.0
21,0.0,0.0,0.0,0.0,0.0,0.0,0.0,0.0,0.0,0.0,0.0,0.0,0.0,0.0,0.0,0.0,0.41071958123539754,0.427379027635386,0.49366917288299056,49.540940000000006,0.09729868830668609,0.3491048616018355,0.7932658303704693,49.540940000000006,0.0,0.0,0.0,0.0,0.0,0.0,0.0,0.0,0.0,0.0,0.0,1,0.0,0.0
22,0.0,0.0,0.0,0.0,0.0,0.0,0.0,0.0,0.0,0.0,0.0,0.0,0.0,0.0,0.0,0.0,0.4120499072499189,0.42062616116246315,0.4986770074595888,49.56094,0.09330305482780206,0.3487956256134055,0.7938436074075308,49.56094,0.0,0.0,0.0,0.0,0.0,0.0,0.0,0.0,0.0,0.0,0.0,1,0.0,0.0
23,0.0,0.0,0.0,0.0,0.0,0.0,0.0,0.0,0.0,0.0,0.0,0.0,0.0,0.0,0.0,0.0,0.41338023326444023,0.41387329468954037,0.5036848420361869,49.58094,0.08930742134891803,0.34848638962497547,0.7944213844445926,49.58094,0.0,0.0,0.0,0.0,0.0,0.0,0.0,0.0,0.0,0.0,0.0,1,0.0,0.0
24,0.0,0.0,0.0,0.0,0.0,0.0,0.0,0.0,0.0,0.0,0.0,0.0,0.0,0.0,0.0,0.0,0.4147105592789616,0.4071204282166176,0.5086926766127847,49.60094000000001,0.085311787870034,0.34817715363654544,0.7949991614816543,49.600939999999994,0.0,0.0,0.0,0.0,0.0,0.0,0.0,0.0,0.0,0.0,0.0,1,0.0,0.0
25,0.0,0.0,0.0,0.0,0.0,0.0,0.0,0.0,0.0,0.0,0.0,0.0,0.0,0.0,0.0,0.0,0.41604088529348293,0.4003675617436948,0.513700511189383,49.620940000000004,0.08131615439114996,0.3478679176481154,0.7955769385187159,49.620940000000004,0.0,0.0,0.0,0.0,0.0,0.0,0.0,0.0,0.0,0.0,0.0,1,0.0,0.0
26,0.0,0.0,0.0,0.0,0.0,0.0,0.0,0.0,0.0,0.0,0.0,0.0,0.0,0.0,0.0,0.0,0.41737121130800436,0.39361469527077203,0.5187083457659811,49.64094,0.07732052091226593,0.3475586816596854,0.7961547155557778,49.64094,0.0,0.0,0.0,0.0,0.0,0.0,0.0,0.0,0.0,0.0,0.0,1,0.0,0.0
27,0.0,0.0,0.0,0.0,0.0,0.0,0.0,0.0,0.0,0.0,0.0,0.0,0.0,0.0,0.0,0.0,0.41870153732252574,0.38686182879784925,0.5237161803425793,49.660940000000004,0.0733248874333819,0.34724944567125543,0.7967324925928395,49.66094,0.0,0.0,0.0,0.0,0.0,0.0,0.0,0.0,0.0,0.0,0.0,1,0.0,0.0
28,0.0,0.0,0.0,0.0,0.0,0.0,0.0,0.0,0.0,0.0,0.0,0.0,0.0,0.0,0.0,0.0,0.42003186333704706,0.3801089623249264,0.5287240149191773,49.68094000000001,0.06932925395449795,0.34694020968282535,0.7973102696299011,49.68094,0.0,0.0,0.0,0.0,0.0,0.0,0.0,0.0,0.0,0.0,0.0,1,0.0,0.0
29,0.0,0.0,0.0,0.0,0.0,0.0,0.0,0.0,0.0,0.0,0.0,0.0,0.0,0.0,0.0,0.0,0.42136218935156844,0.3733560958520036,0.5337318494957755,49.70094,0.06533362047561385,0.34663097369439533,0.797888046666963,49.70094,0.0,0.0,0.0,0.0,0.0,0.0,0.0,0.0,0.0,0.0,0.0,1,0.0,0.0
30,0.0,0.0,0.0,0.0,0.0,0.0,0.0,0.0,0.0,0.0,0.0,0.0,0.0,0.0,0.0,0.0,0.42269251536608976,0.3666032293790808,0.5387396840723736,49.720940000000006,0.061337986996729814,0.34632173770596536,0.7984658237040247,49.720940000000006,0.0,0.0,0.0,0.0,0.0,0.0,0.0,0.0,0.0,0.0,0.0,1,0.0,0.0
31,0.0,0.0,0.0,0.0,0.0,0.0,0.0,0.0,0.0,0.0,0.0,0.0,0.0,0.0,0.0,0.0,0.42402284138061114,0.35985036290615796,0.5437475186489716,49.74094000000001,0.05734235351784586,0.34601250171753534,0.7990436007410864,49.74094,0.0,0.0,0.0,0.0,0.0,0.0,0.0,0.0,0.0,0.0,0.0,1,0.0,0.0
32,0.0,0.0,0.0,0.0,0.0,0.0,0.0,0.0,0.0,0.0,0.0,0.0,0.0,0.0,0.0,0.0,0.42535316739513257,0.3530974964332351,0.5487553532255698,49.760940000000005,0.05334672003896175,0.3457032657291053,0.7996213777781482,49.760940000000005,0.0,0.0,0.0,0.0,0.0,0.0,0.0,0.0,0.0,0.0,0.0,1,0.0,0.0
33,0.0,0.0,0.0,0.0,0.0,0.0,0.0,0.0,0.0,0.0,0.0,0.0,0.0,0.0,0.0,0.0,0.4257864724806202,0.3481083799999999,0.5500867261904762,49.780950000000004,0.05221357474195306,0.35002832619653435,0.795145899192249,49.78095,0.0,0.0,0.0,0.0,0.0,0.0,0.0,0.0,0.0,0.0,0.0,1,0.0,0.0
34,0.0,0.0,0.0,0.0,0.0,0.0,0.0,0.0,0.0,0.0,0.0,0.0,0.0,0.0,0.0,0.0,0.42621911240310084,0.34312263999999976,0.5514155952380954,49.80095,0.05108242726168386,0.35435354128195745,0.7906701317178314,49.80095,0.0,0.0,0.0,0.0,0.0,0.0,0.0,0.0,0.0,0.0,0.0,1,0.0,0.0
35,0.0,0.0,0.0,0.0,0.0,0.0,0.0,0.0,0.0,0.0,0.0,0.0,0.0,0.0,0.0,0.0,0.42665175232558145,0.33813689999999963,0.5527444642857144,49.82095,0.04995127978141459,0.3586787563673806,0.7861943642434138,49.82095,0.0,0.0,0.0,0.0,0.0,0.0,0.0,0.0,0.0,0.0,0.0,1,0.0,0.0
36,0.0,0.0,0.0,0.0,0.0,0.0,0.0,0.0,0.0,0.0,0.0,0.0,0.0,0.0,0.0,0.0,0.42708439224806205,0.3331511599999996,0.5540733333333334,49.84095000000001,0.048820132301145396,0.36300397145280383,0.7817185967689962,49.84095,0.0,0.0,0.0,0.0,0.0,0.0,0.0,0.0,0.0,0.0,0.0,1,0.0,0.0
37,0.0,0.0,0.0,0.0,0.0,0.0,0.0,0.0,0.0,0.0,0.0,0.0,0.0,0.0,0.0,0.0,0.4275170321705427,0.3281654199999995,0.5554022023809526,49.86095,0.04768898482087628,0.36732918653822694,0.7772428292945786,49.86095,0.0,0.0,0.0,0.0,0.0,0.0,0.0,0.0,0.0,0.0,0.0,1,0.0,0.0
38,0.0,0.0,0.0,0.0,0.0,0.0,0.0,0.0,0.0,0.0,0.0,0.0,0.0,0.0,0.0,0.0,0.4279496720930233,0.32317967999999936,0.5567310714285717,49.880950000000006,0.046557837340607006,0.3716544016236502,0.772767061820161,49.88095,0.0,0.0,0.0,0.0,0.0,0.0,0.0,0.0,0.0,0.0,0.0,1,0.0,0.0
39,0.0,0.0,0.0,0.0,0.0,0.0,0.0,0.0,0.0,0.0,0.0,0.0,0.0,0.0,0.0,0.0,0.42872838501784216,0.32277786409079545,0.5567709265786711,49.900949999999995,0.04542668986033781,0.3759796167090733,0.7682912943457434,49.90095,0.0,0.0,0.0,0.0,0.0,0.0,0.0,0.0,0.0,0.0,0.0,1,0.0,0.0
40,0.0,0.0,0.0,0.0,0.0,0.0,0.0,0.0,0.0,0.0,0.0,0.0,0.0,0.0,0.0,0.0,0.429507097942661,0.32237604818159094,0.5568107817287707,49.92095,0.044295542380068616,0.38030483179449653,0.7638155268713256,49.920950000000005,0.0,0.0,0.0,0.0,0.0,0.0,0.0,0.0,0.0,0.0,0.0,1,0.0,0.0
41,0.0,0.0,0.0,0.0,0.0,0.0,0.0,0.0,0.0,0.0,0.0,0.0,0.0,0.0,0.0,0.0,0.43028581086747986,0.32197423227238636,0.5568506368788703,49.94095,0.04316439489979942,0.38463004687991964,0.759339759396908,49.94095,0.0,0.0,0.0,0.0,0.0,0.0,0.0,0.0,0.0,0.0,0.0,1,0.0,0.0
42,0.0,0.0,0.0,0.0,0.0,0.0,0.0,0.0,0.0,0.0,0.0,0.0,0.0,0.0,0.0,0.0,0.4310645237922988,0.32157241636318185,0.5568904920289699,49.960950000000004,0.042033247419530226,0.3889552619653429,0.7548639919224904,49.96095,0.0,0.0,0.0,0.0,0.0,0.0,0.0,0.0,0.0,0.0,0.0,1,0.0,0.0
43,0.0,0.0,0.0,0.0,0.0,0.0,0.0,0.0,0.0,0.0,0.0,0.0,0.0,0.0,0.0,0.0,0.43184323671711766,0.3211706004539773,0.5569303471790695,49.98094999999999,0.04090209993926103,0.393280477050766,0.7503882244480728,49.98095,0.0,0.0,0.0,0.0,0.0,0.0,0.0,0.0,0.0,0.0,0.0,1,0.0,0.0
44,0.0,0.0,0.0,0.0,0.0,0.0,0.0,0.0,0.0,0.0,0.0,0.0,0.0,0.0,0.0,0.0,0.4326219496419365,0.32076878454477276,0.5569702023291693,50.00095,0.039770952458991836,0.3976056921361893,0.7459124569736553,50.00095,0.0,0.0,0.0,0.0,0.0,0.0,0.0,0.0,0.0,0.0,0.0,1,0.0,0.0
45,0.0,0.0,0.0,0.0,0.0,0.0,0.0,0.0,0.0,0.0,0.0,0.0,0.0,0.0,0.0,0.0,0.43340066256675536,0.3203669686355682,0.5570100574792688,50.02095,0.03863980497872256,0.40193090722161234,0.7414366894992376,50.020950000000006,0.0,0.0,0.0,0.0,0.0,0.0,0.0,0.0,0.0,0.0,0.0,1,0.0,0.0
46,0.0,0.0,0.0,0.0,0.0,0.0,0.0,0.0,0.0,0.0,0.0,0.0,0.0,0.0,0.0,0.0,0.4341793754915743,0.31996515272636367,0.5570499126293684,50.040949999999995,0.03750865749845336,0.4062561223070356,0.73696092202482,50.04095,0.0,0.0,0.0,0.0,0.0,0.0,0.0,0.0,0.0,0.0,0.0,1,0.0,0.0
47,0.0,0.0,0.0,0.0,0.0,0.0,0.0,0.0,0.0,0.0,0.0,0.0,0.0,0.0,0.0,0.0,0.43495808841639316,0.3195633368171591,0.5570897677794681,50.06095,0.03637751001818417,0.4105813373924588,0.7324851545504022,50.06095,0.0,0.0,0.0,0.0,0.0,0.0,0.0,0.0,0.0,0.0,0.0,1,0.0,0.0
48,0.0,0.0,0.0,0.0,0.0,0.0,0.0,0.0,0.0,0.0,0.0,0.0,0.0,0.0,0.0,0.0,0.435736801341212,0.3191615209079546,0.5571296229295678,50.08095,0.03639050617283949,0.41126845061728395,0.7310587623456791,50.08095999999999,0.0,0.0,0.0,0.0,0.0,0.0,0.0,0.0,0.0,0.0,0.0,1,0.0,0.0
49,0.0,0.0,0.0,0.0,0.0,0.0,0.0,0.0,0.0,0.0,0.0,0.0,0.0,0.0,0.0,0.0,0.4355208709302325,0.31893808,0.5570632142857141,50.10096,0.036404067901234544,0.41195340123456786,0.7296346080246915,50.10096,0.0,0.0,0.0,0.0,0.0,0.0,0.0,0.0,0.0,0.0,0.0,1,0.0,0.0
50,0.0,0.0,0.0,0.0,0.0,0.0,0.0,0.0,0.0,0.0,0.0,0.0,0.0,0.0,0.0,0.0,0.43530455116279065,0.31871484,0.5569967857142856,50.12096,0.036417629629629605,0.4126383518518517,0.728210453703704,50.12096,0.0,0.0,0.0,0.0,0.0,0.0,0.0,0.0,0.0,0.0,0.0,1,0.0,0.0
51,0.0,0.0,0.0,0.0,0.0,0.0,0.0,0.0,0.0,0.0,0.0,0.0,0.0,0.0,0.0,0.0,0.43508823139534886,0.3184916,0.5569303571428571,50.14096,0.03643119135802467,0.41332330246913573,0.7267862993827162,50.14096,0.0,0.0,0.0,0.0,0.0,0.0,0.0,0.0,0.0,0.0,0.0,1,0.0,0.0
52,0.0,0.0,0.0,0.0,0.0,0.0,0.0,0.0,0.0,0.0,0.0,0.0,0.0,0.0,0.0,0.0,0.43487191162790695,0.31826836000000003,0.5568639285714286,50.16096,0.03644475308641972,0.4140082530864196,0.7253621450617287,50.16095999999999,0.0,0.0,0.0,0.0,0.0,0.0,0.0,0.0,0.0,0.0,0.0,1,0.0,0.0
53,0.0,0.0,0.0,0.0,0.0,0.0,0.0,0.0,0.0,0.0,0.0,0.0,0.0,0.0,0.0,0.0,0.4346555918604651,0.31804512,0.5567975000000001,50.18096,0.036458314814814784,0.41469320370370355,0.723937990740741,50.18095999999999,0.0,0.0,0.0,0.0,0.0,0.0,0.0,0.0,0.0,0.0,0.0,1,0.0,0.0
54,0.0,0.0,0.0,0.0,0.0,0.0,0.0,0.0,0.0,0.0,0.0,0.0,0.0,0.0,0.0,0.0,0.43443927209302324,0.31782188,0.5567310714285715,50.20096,0.03647187654320984,0.41537815432098746,0.7225138364197534,50.200959999999995,0.0,0.0,0.0,0.0,0.0,0.0,0.0,0.0,0.0,0.0,0.0,1,0.0,0.0
55,0.0,0.0,0.0,0.0,0.0,0.0,0.0,0.0,0.0,0.0,0.0,0.0,0.0,0.0,0.0,0.0,0.4340684378737542,0.31635485714285716,0.5565602040816326,50.22095999999999,0.0364854382716049,0.41606310493827137,0.7210896820987658,50.22095999999999,0.0,0.0,0.0,0.0,0.0,0.0,0.0,0.0,0.0,0.0,0.0,1,0.0,0.0
56,0.0,0.0,0.0,0.0,0.0,0.0,0.0,0.0,0.0,0.0,0.0,0.0,0.0,0.0,0.0,0.0,0.433697603654485,0.3148878342857143,0.5563893367346938,50.240959999999994,0.03649899999999996,0.41674805555555533,0.7196655277777783,50.240959999999994,0.0,0.0,0.0,0.0,0.0,0.0,0.0,0.0,0.0,0.0,0.0,1,0.0,0.0
57,0.0,0.0,0.0,0.0,0.0,0.0,0.0,0.0,0.0,0.0,0.0,0.0,0.0,0.0,0.0,0.0,0.4333267694352159,0.3134208114285714,0.5562184693877551,50.26096,0.03696286666666669,0.41588135555555555,0.7209716777777777,50.26096,0.0,0.0,0.0,0.0,0.0,0.0,0.0,0.0,0.0,0.0,0.0,1,0.0,0.0
58,0.0,0.0,0.0,0.0,0.0,0.0,0.0,0.0,0.0,0.0,0.0,0.0,0.0,0.0,0.0,0.0,0.4329559352159469,0.3119537885714286,0.5560476020408164,50.28095999999999,0.03742673333333341,0.41501465555555545,0.7222778277777779,50.28096,0.0,0.0,0.0,0.0,0.0,0.0,0.0,0.0,0.0,0.0,0.0,1,0.0,0.0
59,0.0,0.0,0.0,0.0,0.0,0.0,0.0,0.0,0.0,0.0,0.0,0.0,0.0,0.0,0.0,0.0,0.4325851009966778,0.31048676571428574,0.5558767346938777,50.30095999999999,0.037890600000000066,0.4141479555555554,0.723583977777778,50.30096,0.0,0.0,0.0,0.0,0.0,0.0,0.0,0.0,0.0,0.0,0.0,1,0.0,0.0
60,0.0,0.0,0.0,0.0,0.0,0.0,0.0,0.0,0.0,0.0,0.0,0.0,0.0,0.0,0.0,0.0,0.4322142667774086,0.3090197428571429,0.5557058673469387,50.32096,0.03835446666666679,0.4132812555555554,0.7248901277777781,50.32096,0.0,0.0,0.0,0.0,0.0,0.0,0.0,0.0,0.0,0.0,0.0,1,0.0,0.0
61,0.0,0.0,0.0,0.0,0.0,0.0,0.0,0.0,0.0,0.0,0.0,0.0,0.0,0.0,0.0,0.0,0.4318434325581395,0.30755272,0.555535,50.340959999999995,0.03881833333333352,0.41241455555555534,0.7261962777777782,50.34096,0.0,0.0,0.0,0.0,0.0,0.0,0.0,0.0,0.0,0.0,0.0,1,0.0,0.0
62,0.0,0.0,0.0,0.0,0.0,0.0,0.0,0.0,0.0,0.0,0.0,0.0,0.0,0.0,0.0,0.0,0.4316310553194728,0.30755272,0.5554262711759854,50.36095999999999,0.03824286507936508,0.41389683730158733,0.7246006468253968,50.36096,0.0,0.0,0.0,0.0,0.0,0.0,0.0,0.0,0.0,0.0,0.0,1,0.0,0.0
63,0.0,0.0,0.0,0.0,0.0,0.0,0.0,0.0,0.0,0.0,0.0,0.0,0.0,0.0,0.0,0.0,0.4314186780808061,0.30755272,0.5553175423519711,50.380959999999995,0.03766739682539679,0.41537911904761904,0.7230050158730159,50.380959999999995,0.0,0.0,0.0,0.0,0.0,0.0,0.0,0.0,0.0,0.0,0.0,1,0.0,0.0
64,0.0,0.0,0.0,0.0,0.0,0.0,0.0,0.0,0.0,0.0,0.0,0.0,0.0,0.0,0.0,0.0,0.43120630084213935,0.30755272,0.5552088135279566,50.40096,0.03709192857142859,0.41686140079365075,0.721409384920635,50.40096,0.0,0.0,0.0,0.0,0.0,0.0,0.0,0.0,0.0,0.0,0.0,1,0.0,0.0
65,0.0,0.0,0.0,0.0,0.0,0.0,0.0,0.0,0.0,0.0,0.0,0.0,0.0,0.0,0.0,0.0,0.4309939236034726,0.30755271999999995,0.555100084703942,50.42096,0.036516460317460385,0.4183436825396825,0.7198137539682541,50.420959999999994,0.0,0.0,0.0,0.0,0.0,0.0,0.0,0.0,0.0,0.0,0.0,1,0.0,0.0
66,0.0,0.0,0.0,0.0,0.0,0.0,0.0,0.0,0.0,0.0,0.0,0.0,0.0,0.0,0.0,0.0,0.43078154636480587,0.30755272,0.5549913558799275,50.44095999999999,0.0359409920634921,0.4198259642857142,0.718218123015873,50.44095999999999,0.0,0.0,0.0,0.0,0.0,0.0,0.0,0.0,0.0,0.0,0.0,1,0.0,0.0
67,0.0,0.0,0.0,0.0,0.0,0.0,0.0,0.0,0.0,0.0,0.0,0.0,0.0,0.0,0.0,0.0,0.43056916912613913,0.30755272,0.5548826270559131,50.46096,0.03536552380952382,0.42130824603174594,0.716622492063492,50.46095999999999,0.0,0.0,0.0,0.0,0.0,0.0,0.0,0.0,0.0,0.0,0.0,1,0.0,0.0
68,0.0,0.0,0.0,0.0,0.0,0.0,0.0,0.0,0.0,0.0,0.0,0.0,0.0,0.0,0.0,0.0,0.43035679188747245,0.30755272,0.5547738982318986,50.480959999999996,0.03479005555555553,0.42279052777777776,0.7150268611111111,50.480959999999996,0.0,0.0,0.0,0.0,0.0,0.0,0.0,0.0,0.0,0.0,0.0,1,0.0,0.0
69,0.0,0.0,0.0,0.0,0.0,0.0,0.0,0.0,0.0,0.0,0.0,0.0,0.0,0.0,0.0,0.0,0.43014441464880565,0.30755272,0.5546651694078841,50.50095999999999,0.03500975580775258,0.4192996657528693,0.7190059520909019,50.50096,0.0,0.0,0.0,0.0,0.0,0.0,0.0,0.0,0.0,0.0,0.0,1,0.0,0.0
70,0.0,0.0,0.0,0.0,0.0,0.0,0.0,0.0,0.0,0.0,0.0,0.0,0.0,0.0,0.0,0.0,0.42993203741013897,0.30755272,0.5545564405838697,50.52095999999999,0.035229456059949545,0.41580880372796086,0.7229850430706926,50.520959999999995,0.0,0.0,0.0,0.0,0.0,0.0,0.0,0.0,0.0,0.0,0.0,1,0.0,0.0
71,0.0,0.0,0.0,0.0,0.0,0.0,0.0,0.0,0.0,0.0,0.0,0.0,0.0,0.0,0.0,0.0,0.4297196601714722,0.30755272,0.5544477117598551,50.54096,0.03544915631214651,0.41231794170305236,0.7269641340504833,50.54096,0.0,0.0,0.0,0.0,0.0,0.0,0.0,0.0,0.0,0.0,0.0,1,0.0,0.0
72,0.0,0.0,0.0,0.0,0.0,0.0,0.0,0.0,0.0,0.0,0.0,0.0,0.0,0.0,0.0,0.0,0.4295072829328055,0.30755272,0.5543389829358407,50.560959999999994,0.03566885656434348,0.4088270796781439,0.7309432250302741,50.560959999999994,0.0,0.0,0.0,0.0,0.0,0.0,0.0,0.0,0.0,0.0,0.0,1,0.0,0.0
73,0.0,0.0,0.0,0.0,0.0,0.0,0.0,0.0,0.0,0.0,0.0,0.0,0.0,0.0,0.0,0.0,0.4296110104651163,0.30737412799999997,0.5547774642857143,50.58097000000001,0.03588855681654045,0.40533621765323546,0.7349223160100647,50.58096,0.0,0.0,0.0,0.0,0.0,0.0,0.0,0.0,0.0,0.0,0.0,1,0.0,0.0
74,0.0,0.0,0.0,0.0,0.0,0.0,0.0,0.0,0.0,0.0,0.0,0.0,0.0,0.0,0.0,0.0,0.4297148441860465,0.307195536,0.555216,50.600970000000004,0.034891759259259206,0.40927124074074084,0.730692537037037,50.60097,0.0,0.0,0.0,0.0,0.0,0.0,0.0,0.0,0.0,0.0,0.0,1,0.0,0.0
75,0.0,0.0,0.0,0.0,0.0,0.0,0.0,0.0,0.0,0.0,0.0,0.0,0.0,0.0,0.0,0.0,0.42981867790697675,0.30701694399999996,0.5556545357142857,50.62097000000001,0.033894851851851766,0.41320800925925943,0.7264607685185183,50.62097,0.0,0.0,0.0,0.0,0.0,0.0,0.0,0.0,0.0,0.0,0.0,1,0.0,0.0
76,0.0,0.0,0.0,0.0,0.0,0.0,0.0,0.0,0.0,0.0,0.0,0.0,0.0,0.0,0.0,0.0,0.429922511627907,0.306838352,0.5560930714285715,50.64097,0.03289794444444441,0.41714477777777803,0.7222289999999997,50.640969999999996,0.0,0.0,0.0,0.0,0.0,0.0,0.0,0.0,0.0,0.0,0.0,1,0.0,0.0
77,0.0,0.0,0.0,0.0,0.0,0.0,0.0,0.0,0.0,0.0,0.0,0.0,0.0,0.0,0.0,0.0,0.4300263453488372,0.30665975999999995,0.5565316071428572,50.660970000000006,0.03190103703703697,0.4210815462962966,0.7179972314814811,50.66097,0.0,0.0,0.0,0.0,0.0,0.0,0.0,0.0,0.0,0.0,0.0,1,0.0,0.0
78,0.0,0.0,0.0,0.0,0.0,0.0,0.0,0.0,0.0,0.0,0.0,0.0,0.0,0.0,0.0,0.0,0.43013017906976747,0.30648116799999997,0.5569701428571429,50.68097,0.03090412962962961,0.4250183148148152,0.7137654629629626,50.68097,0.0,0.0,0.0,0.0,0.0,0.0,0.0,0.0,0.0,0.0,0.0,1,0.0,0.0
79,0.0,0.0,0.0,0.0,0.0,0.0,0.0,0.0,0.0,0.0,0.0,0.0,0.0,0.0,0.0,0.0,0.4302340127906977,0.306302576,0.5574086785714286,50.700970000000005,0.029907222222222096,0.4289550833333338,0.7095336944444439,50.70097,0.0,0.0,0.0,0.0,0.0,0.0,0.0,0.0,0.0,0.0,0.0,1,0.0,0.0
80,0.0,0.0,0.0,0.0,0.0,0.0,0.0,0.0,0.0,0.0,0.0,0.0,0.0,0.0,0.0,0.0,0.43033784651162793,0.30612398399999996,0.5578472142857144,50.72097000000001,0.030924472222222162,0.42055257407407437,0.7182108564814811,50.720969999999994,0.0,0.0,0.0,0.0,0.0,0.0,0.0,0.0,0.0,0.0,0.0,1,0.0,0.0
81,0.0,0.0,0.0,0.0,0.0,0.0,0.0,0.0,0.0,0.0,0.0,0.0,0.0,0.0,0.0,0.0,0.4304416802325582,0.3059453919999999,0.5582857500000001,50.740970000000004,0.03194172222222215,0.4121500648148154,0.7268880185185179,50.74097,0.0,0.0,0.0,0.0,0.0,0.0,0.0,0.0,0.0,0.0,0.0,1,0.0,0.0
82,0.0,0.0,0.0,0.0,0.0,0.0,0.0,0.0,0.0,0.0,0.0,0.0,0.0,0.0,0.0,0.0,0.4305455139534884,0.30576679999999995,0.5587242857142857,50.76097000000001,0.03295897222222213,0.4037475555555565,0.7355651805555545,50.76096999999999,0.0,0.0,0.0,0.0,0.0,0.0,0.0,0.0,0.0,0.0,0.0,1,0.0,0.0
83,0.0,0.0,0.0,0.0,0.0,0.0,0.0,0.0,0.0,0.0,0.0,0.0,0.0,0.0,0.0,0.0,0.429572074127907,0.3084457049999999,0.5591727678571429,50.780969999999996,0.03397622222222212,0.3953450462962976,0.7442423425925913,50.780969999999996,0.0,0.0,0.0,0.0,0.0,0.0,0.0,0.0,0.0,0.0,0.0,1,0.0,0.0
84,0.0,0.0,0.0,0.0,0.0,0.0,0.0,0.0,0.0,0.0,0.0,0.0,0.0,0.0,0.0,0.0,0.4285986343023256,0.31112460999999986,0.55962125,50.80097000000001,0.03499347222222203,0.38694253703703857,0.752919504629628,50.80096999999999,0.0,0.0,0.0,0.0,0.0,0.0,0.0,0.0,0.0,0.0,0.0,1,0.0,0.0
85,0.0,0.0,0.0,0.0,0.0,0.0,0.0,0.0,0.0,0.0,0.0,0.0,0.0,0.0,0.0,0.0,0.42762519447674424,0.3138035149999998,0.5600697321428572,50.82097,0.036010722222222014,0.3785400277777796,0.7615966666666648,50.820969999999996,0.0,0.0,0.0,0.0,0.0,0.0,0.0,0.0,0.0,0.0,0.0,1,0.0,0.0
86,0.0,0.0,0.0,0.0,0.0,0.0,0.0,0.0,0.0,0.0,0.0,0.0,0.0,0.0,0.0,0.0,0.42665175465116284,0.31648241999999976,0.5605182142857144,50.84097,0.034546001689673984,0.38515162033025063,0.7542120320528841,50.84097,0.0,0.0,0.0,0.0,0.0,0.0,0.0,0.0,0.0,0.0,0.0,1,0.0,0.0
87,0.0,0.0,0.0,0.0,0.0,0.0,0.0,0.0,0.0,0.0,0.0,0.0,0.0,0.0,0.0,0.0,0.4256783148255815,0.31916132499999966,0.5609666964285714,50.86097,0.03308128115712571,0.3917632128827235,0.7468273974391015,50.860969999999995,0.0,0.0,0.0,0.0,0.0,0.0,0.0,0.0,0.0,0.0,0.0,1,0.0,0.0
88,0.0,0.0,0.0,0.0,0.0,0.0,0.0,0.0,0.0,0.0,0.0,0.0,0.0,0.0,0.0,0.0,0.42470487500000015,0.3218402299999996,0.5614151785714286,50.88097,0.03161656062457736,0.3983748054351963,0.739442762825319,50.880970000000005,0.0,0.0,0.0,0.0,0.0,0.0,0.0,0.0,0.0,0.0,0.0,1,0.0,0.0
89,0.0,0.0,0.0,0.0,0.0,0.0,0.0,0.0,0.0,0.0,0.0,0.0,0.0,0.0,0.0,0.0,0.4237314351744188,0.3245191349999995,0.5618636607142856,50.90097,0.03015184009202909,0.4049863979876691,0.7320581282115364,50.90097,0.0,0.0,0.0,0.0,0.0,0.0,0.0,0.0,0.0,0.0,0.0,1,0.0,0.0
90,0.0,0.0,0.0,0.0,0.0,0.0,0.0,0.0,0.0,0.0,0.0,0.0,0.0,0.0,0.0,0.0,0.4227579953488374,0.32719803999999947,0.5623121428571428,50.920970000000004,0.028687119559480816,0.41159799054014196,0.7246734935977538,50.92097,0.0,0.0,0.0,0.0,0.0,0.0,0.0,0.0,0.0,0.0,0.0,1,0.0,0.0
91,0.0,0.0,0.0,0.0,0.0,0.0,0.0,0.0,0.0,0.0,0.0,0.0,0.0,0.0,0.0,0.0,0.42288777639421526,0.32332883576701915,0.561647793457688,50.94097000000001,0.027222399026932464,0.4182095830926148,0.7172888589839712,50.94097000000001,0.0,0.0,0.0,0.0,0.0,0.0,0.0,0.0,0.0,0.0,0.0,1,0.0,0.0
92,0.0,0.0,0.0,0.0,0.0,0.0,0.0,0.0,0.0,0.0,0.0,0.0,0.0,0.0,0.0,0.0,0.42301755743959324,0.3194596315340384,0.5609834440582332,50.96097,0.02758787962962962,0.41764322685185185,0.7183125879629629,50.96098,0.0,0.0,0.0,0.0,0.0,0.0,0.0,0.0,0.0,0.0,0.0,1,0.0,0.0
93,0.0,0.0,0.0,0.0,0.0,0.0,0.0,0.0,0.0,0.0,0.0,0.0,0.0,0.0,0.0,0.0,0.4231473384849712,0.3155904273010576,0.5603190946587784,50.98097,0.027954092592592555,0.41707356481481483,0.7193400092592592,50.980979999999995,0.0,0.0,0.0,0.0,0.0,0.0,0.0,0.0,0.0,0.0,0.0,1,0.0,0.0
94,0.0,0.0,0.0,0.0,0.0,0.0,0.0,0.0,0.0,0.0,0.0,0.0,0.0,0.0,0.0,0.0,0.42327711953034924,0.3117212230680768,0.5596547452593236,51.00097000000001,0.028320305555555574,0.4165039027777779,0.7203674305555555,51.00098,0.0,0.0,0.0,0.0,0.0,0.0,0.0,0.0,0.0,0.0,0.0,1,0.0,0.0
95,0.0,0.0,0.0,0.0,0.0,0.0,0.0,0.0,0.0,0.0,0.0,0.0,0.0,0.0,0.0,0.0,0.4234069005757272,0.30785201883509605,0.5589903958598688,51.020970000000005,0.02868651851851843,0.4159342407407408,0.7213948518518518,51.020979999999994,0.0,0.0,0.0,0.0,0.0,0.0,0.0,0.0,0.0,0.0,0.0,1,0.0,0.0
96,0.0,0.0,0.0,0.0,0.0,0.0,0.0,0.0,0.0,0.0,0.0,0.0,0.0,0.0,0.0,0.0,0.4235366816211053,0.30398281460211524,0.5583260464604137,51.04097000000001,0.02905273148148145,0.4153645787037038,0.722422273148148,51.04098,0.0,0.0,0.0,0.0,0.0,0.0,0.0,0.0,0.0,0.0,0.0,1,0.0,0.0
97,0.0,0.0,0.0,0.0,0.0,0.0,0.0,0.0,0.0,0.0,0.0,0.0,0.0,0.0,0.0,0.0,0.4236479966777409,0.30458682285714284,0.5582118112244899,51.06098,0.029418944444444386,0.4147949166666668,0.7234496944444443,51.060979999999994,0.0,0.0,0.0,0.0,0.0,0.0,0.0,0.0,0.0,0.0,0.0,1,0.0,0.0
98,0.0,0.0,0.0,0.0,0.0,0.0,0.0,0.0,0.0,0.0,0.0,0.0,0.0,0.0,0.0,0.0,0.42375924684385385,0.3051927657142857,0.5580979081632653,51.08098,0.02898491975308646,0.41625297839506176,0.7216118580246913,51.080980000000004,0.0,0.0,0.0,0.0,0.0,0.0,0.0,0.0,0.0,0.0,0.0,1,0.0,0.0
99,0.0,0.0,0.0,0.0,0.0,0.0,0.0,0.0,0.0,0.0,0.0,0.0,0.0,0.0,0.0,0.0,0.42387049700996676,0.3057987085714286,0.5579840051020409,51.10098,0.028550895061728376,0.4177110401234568,0.7197740216049382,51.10098,0.0,0.0,0.0,0.0,0.0,0.0,0.0,0.0,0.0,0.0,0.0,1,0.0,0.0
100,0.0,0.0,0.0,0.0,0.0,0.0,0.0,0.0,0.0,0.0,0.0,0.0,0.0,0.0,0.0,0.0,0.4239817471760797,0.30640465142857143,0.5578701020408163,51.12098,0.02811687037037037,0.41916910185185186,0.7179361851851851,51.120979999999996,0.0,0.0,0.0,0.0,0.0,0.0,0.0,0.0,0.0,0.0,0.0,1,0.0,0.0
101,0.0,0.0,0.0,0.0,0.0,0.0,0.0,0.0,0.0,0.0,0.0,0.0,0.0,0.0,0.0,0.0,0.4240929973421927,0.30701059428571426,0.5577561989795919,51.14098,0.027682845679012285,0.4206271635802469,0.7160983487654322,51.14098,0.0,0.0,0.0,0.0,0.0,0.0,0.0,0.0,0.0,0.0,0.0,1,0.0,0.0
102,0.0,0.0,0.0,0.0,0.0,0.0,0.0,0.0,0.0,0.0,0.0,0.0,0.0,0.0,0.0,0.0,0.4242042475083056,0.30761653714285714,0.5576422959183674,51.160979999999995,0.027248820987654358,0.422085225308642,0.7142605123456791,51.16098,0.0,0.0,0.0,0.0,0.0,0.0,0.0,0.0,0.0,0.0,0.0,1,0.0,0.0
103,0.0,0.0,0.0,0.0,0.0,0.0,0.0,0.0,0.0,0.0,0.0,0.0,0.0,0.0,0.0,0.0,0.4243154976744186,0.30822248,0.557528392857143,51.18098,0.02681479629629635,0.42354328703703703,0.712422675925926,51.18098,0.0,0.0,0.0,0.0,0.0,0.0,0.0,0.0,0.0,0.0,0.0,1,0.0,0.0
104,0.0,0.0,0.0,0.0,0.0,0.0,0.0,0.0,0.0,0.0,0.0,0.0,0.0,0.0,0.0,0.0,0.4244267478405316,0.30882842285714285,0.5574144897959185,51.20098,0.026380771604938267,0.42500134876543216,0.7105848395061728,51.20098,0.0,0.0,0.0,0.0,0.0,0.0,0.0,0.0,0.0,0.0,0.0,1,0.0,0.0
105,0.0,0.0,0.0,0.0,0.0,0.0,0.0,0.0,0.0,0.0,0.0,0.0,0.0,0.0,0.0,0.0,0.42453799800664455,0.30943436571428573,0.557300586734694,51.22098,0.02594674691358026,0.4264594104938272,0.7087470030864198,51.22098,0.0,0.0,0.0,0.0,0.0,0.0,0.0,0.0,0.0,0.0,0.0,1,0.0,0.0
106,0.0,0.0,0.0,0.0,0.0,0.0,0.0,0.0,0.0,0.0,0.0,0.0,0.0,0.0,0.0,0.0,0.42464924817275745,0.31004030857142856,0.5571866836734694,51.24098,0.025512722222222253,0.42791747222222226,0.7069091666666667,51.24098,0.0,0.0,0.0,0.0,0.0,0.0,0.0,0.0,0.0,0.0,0.0,1,0.0,0.0
107,0.0,0.0,0.0,0.0,0.0,0.0,0.0,0.0,0.0,0.0,0.0,0.0,0.0,0.0,0.0,0.0,0.4247604983388704,0.31064625142857144,0.557072780612245,51.26098,0.025166851851851864,0.4171549398148146,0.7175598055555559,51.260979999999996,0.0,0.0,0.0,0.0,0.0,0.0,0.0,0.0,0.0,0.0,0.0,1,0.0,0.0
108,0.0,0.0,0.0,0.0,0.0,0.0,0.0,0.0,0.0,0.0,0.0,0.0,0.0,0.0,0.0,0.0,0.4248717485049834,0.3112521942857143,0.5569588775510204,51.28097999999999,0.024820981481481475,0.4063924074074069,0.728210444444445,51.28098,0.0,0.0,0.0,0.0,0.0,0.0,0.0,0.0,0.0,0.0,0.0,1,0.0,0.0
109,0.0,0.0,0.0,0.0,0.0,0.0,0.0,0.0,0.0,0.0,0.0,0.0,0.0,0.0,0.0,0.0,0.4249829986710963,0.31185813714285715,0.556844974489796,51.300979999999996,0.024475111111111086,0.39562987499999935,0.7388610833333341,51.300979999999996,0.0,0.0,0.0,0.0,0.0,0.0,0.0,0.0,0.0,0.0,0.0,1,0.0,0.0
110,0.0,0.0,0.0,0.0,0.0,0.0,0.0,0.0,0.0,0.0,0.0,0.0,0.0,0.0,0.0,0.0,0.4250942488372093,0.31246408,0.5567310714285715,51.32098,0.024129240740740698,0.38486734259259175,0.7495117222222231,51.32098,0.0,0.0,0.0,0.0,0.0,0.0,0.0,0.0,0.0,0.0,0.0,1,0.0,0.0
111,0.0,0.0,0.0,0.0,0.0,0.0,0.0,0.0,0.0,0.0,0.0,0.0,0.0,0.0,0.0,0.0,0.4257107222262271,0.3110130956865197,0.556581571843724,51.340979999999995,0.02378337037037031,0.37410481018518404,0.7601623611111122,51.34098,0.0,0.0,0.0,0.0,0.0,0.0,0.0,0.0,0.0,0.0,0.0,1,0.0,0.0
112,0.0,0.0,0.0,0.0,0.0,0.0,0.0,0.0,0.0,0.0,0.0,0.0,0.0,0.0,0.0,0.0,0.4263271956152449,0.3095621113730393,0.5564320722588768,51.36098,0.02343749999999992,0.3633422777777764,0.7708130000000014,51.36098,0.0,0.0,0.0,0.0,0.0,0.0,0.0,0.0,0.0,0.0,0.0,1,0.0,0.0
113,0.0,0.0,0.0,0.0,0.0,0.0,0.0,0.0,0.0,0.0,0.0,0.0,0.0,0.0,0.0,0.0,0.4269436690042628,0.308111127059559,0.5562825726740294,51.380979999999994,0.022359302812728604,0.3745819846540559,0.759339345026804,51.38098,0.0,0.0,0.0,0.0,0.0,0.0,0.0,0.0,0.0,0.0,0.0,1,0.0,0.0
114,0.0,0.0,0.0,0.0,0.0,0.0,0.0,0.0,0.0,0.0,0.0,0.0,0.0,0.0,0.0,0.0,0.4275601423932805,0.3066601427460786,0.5561330730891819,51.400980000000004,0.021281105625457285,0.385821691530334,0.7478656900536081,51.40098,0.0,0.0,0.0,0.0,0.0,0.0,0.0,0.0,0.0,0.0,0.0,1,0.0,0.0
115,0.0,0.0,0.0,0.0,0.0,0.0,0.0,0.0,0.0,0.0,0.0,0.0,0.0,0.0,0.0,0.0,0.4281766157822984,0.30520915843259827,0.5559835735043345,51.42098,0.02020290843818589,0.3970613984066121,0.7363920350804122,51.42098,0.0,0.0,0.0,0.0,0.0,0.0,0.0,0.0,0.0,0.0,0.0,1,0.0,0.0
116,0.0,0.0,0.0,0.0,0.0,0.0,0.0,0.0,0.0,0.0,0.0,0.0,0.0,0.0,0.0,0.0,0.4287930891713162,0.30375817411911793,0.5558340739194872,51.440979999999996,0.019124711250914573,0.4083011052828902,0.7249183801072162,51.440979999999996,0.0,0.0,0.0,0.0,0.0,0.0,0.0,0.0,0.0,0.0,0.0,1,0.0,0.0
117,0.0,0.0,0.0,0.0,0.0,0.0,0.0,0.0,0.0,0.0,0.0,0.0,0.0,0.0,0.0,0.0,0.42940956256033397,0.3023071898056376,0.5556845743346398,51.46098,0.018046514063643177,0.4195408121591683,0.7134447251340204,51.46098,0.0,0.0,0.0,0.0,0.0,0.0,0.0,0.0,0.0,0.0,0.0,1,0.0,0.0
118,0.0,0.0,0.0,0.0,0.0,0.0,0.0,0.0,0.0,0.0,0.0,0.0,0.0,0.0,0.0,0.0,0.4300260359493518,0.30085620549215725,0.5555350747497924,51.480979999999995,0.016968316876371778,0.4307805190354464,0.7019710701608244,51.48098,0.0,0.0,0.0,0.0,0.0,0.0,0.0,0.0,0.0,0.0,0.0,1,0.0,0.0
119,0.0,0.0,0.0,0.0,0.0,0.0,0.0,0.0,0.0,0.0,0.0,0.0,0.0,0.0,0.0,0.0,0.4303897618604651,0.30210563200000007,0.5557742142857143,51.50099,0.017981901709401723,0.4323589679487179,0.7007446303418804,51.50099,0.0,0.0,0.0,0.0,0.0,0.0,0.0,0.0,0.0,0.0,0.0,1,0.0,0.0
120,0.0,0.0,0.0,0.0,0.0,0.0,0.0,0.0,0.0,0.0,0.0,0.0,0.0,0.0,0.0,0.0,0.43075317953488373,0.3033557840000002,0.5560134285714288,51.52099,0.01899602564102562,0.43393179700854706,0.6995239273504273,51.520990000000005,0.0,0.0,0.0,0.0,0.0,0.0,0.0,0.0,0.0,0.0,0.0,1,0.0,0.0
121,0.0,0.0,0.0,0.0,0.0,0.0,0.0,0.0,0.0,0.0,0.0,0.0,0.0,0.0,0.0,0.0,0.4311165972093024,0.3046059360000002,0.5562526428571429,51.54099000000001,0.0200101495726496,0.4355046260683761,0.6983032243589743,51.54099000000001,0.0,0.0,0.0,0.0,0.0,0.0,0.0,0.0,0.0,0.0,0.0,1,0.0,0.0
122,0.0,0.0,0.0,0.0,0.0,0.0,0.0,0.0,0.0,0.0,0.0,0.0,0.0,0.0,0.0,0.0,0.43148001488372106,0.3058560880000003,0.5564918571428573,51.560990000000004,0.021024273504273498,0.43707745512820523,0.6970825213675214,51.560990000000004,0.0,0.0,0.0,0.0,0.0,0.0,0.0,0.0,0.0,0.0,0.0,1,0.0,0.0
123,0.0,0.0,0.0,0.0,0.0,0.0,0.0,0.0,0.0,0.0,0.0,0.0,0.0,0.0,0.0,0.0,0.4318434325581396,0.30710624000000036,0.5567310714285715,51.58099000000001,0.022038397435897472,0.43865028418803426,0.6958618183760683,51.58099000000001,0.0,0.0,0.0,0.0,0.0,0.0,0.0,0.0,0.0,0.0,0.0,1,0.0,0.0
124,0.0,0.0,0.0,0.0,0.0,0.0,0.0,0.0,0.0,0.0,0.0,0.0,0.0,0.0,0.0,0.0,0.43210301653746774,0.30646132,0.5562880952380953,51.60099,0.02305252136752137,0.4402231132478633,0.6946411153846154,51.60099,0.0,0.0,0.0,0.0,0.0,0.0,0.0,0.0,0.0,0.0,0.0,1,0.0,0.0
125,0.0,0.0,0.0,0.0,0.0,0.0,0.0,0.0,0.0,0.0,0.0,0.0,0.0,0.0,0.0,0.0,0.4323626005167959,0.3058164,0.5558451190476189,51.620990000000006,0.02406664529914535,0.4417959423076924,0.6934204123931623,51.620990000000006,0.0,0.0,0.0,0.0,0.0,0.0,0.0,0.0,0.0,0.0,0.0,1,0.0,0.0
126,0.0,0.0,0.0,0.0,0.0,0.0,0.0,0.0,0.0,0.0,0.0,0.0,0.0,0.0,0.0,0.0,0.432622184496124,0.30517148000000005,0.5554021428571428,51.64099,0.025080769230769327,0.44336877136752145,0.6921997094017093,51.64099,0.0,0.0,0.0,0.0,0.0,0.0,0.0,0.0,0.0,0.0,0.0,1,0.0,0.0
127,0.0,0.0,0.0,0.0,0.0,0.0,0.0,0.0,0.0,0.0,0.0,0.0,0.0,0.0,0.0,0.0,0.4328817684754522,0.30452656,0.5549591666666666,51.660990000000005,0.02609489316239322,0.4449416004273505,0.6909790064102563,51.660990000000005,0.0,0.0,0.0,0.0,0.0,0.0,0.0,0.0,0.0,0.0,0.0,1,0.0,0.0
128,0.0,0.0,0.0,0.0,0.0,0.0,0.0,0.0,0.0,0.0,0.0,0.0,0.0,0.0,0.0,0.0,0.43314135245478036,0.30388164,0.5545161904761905,51.68099,0.0271090170940172,0.4465144294871796,0.6897583034188034,51.68099000000001,0.0,0.0,0.0,0.0,0.0,0.0,0.0,0.0,0.0,0.0,0.0,1,0.0,0.0
129,0.0,0.0,0.0,0.0,0.0,0.0,0.0,0.0,0.0,0.0,0.0,0.0,0.0,0.0,0.0,0.0,0.43340093643410854,0.30323671999999996,0.5540732142857143,51.70099,0.028123141025641098,0.44808725854700865,0.6885376004273503,51.700990000000004,0.0,0.0,0.0,0.0,0.0,0.0,0.0,0.0,0.0,0.0,0.0,1,0.0,0.0
130,0.0,0.0,0.0,0.0,0.0,0.0,0.0,0.0,0.0,0.0,0.0,0.0,0.0,0.0,0.0,0.0,0.43366052041343667,0.3025918,0.553630238095238,51.72099,0.029137264957265076,0.4496600876068378,0.6873168974358973,51.72099000000001,0.0,0.0,0.0,0.0,0.0,0.0,0.0,0.0,0.0,0.0,0.0,1,0.0,0.0
131,0.0,0.0,0.0,0.0,0.0,0.0,0.0,0.0,0.0,0.0,0.0,0.0,0.0,0.0,0.0,0.0,0.43392010439276485,0.30194688,0.5531872619047619,51.740990000000004,0.03015138888888905,0.4512329166666668,0.6860961944444444,51.74099000000001,0.0,0.0,0.0,0.0,0.0,0.0,0.0,0.0,0.0,0.0,0.0,1,0.0,0.0
132,0.0,0.0,0.0,0.0,0.0,0.0,0.0,0.0,0.0,0.0,0.0,0.0,0.0,0.0,0.0,0.0,0.43417968837209303,0.30130196000000004,0.5527442857142857,51.76099,0.03025818776951444,0.44438977491858145,0.693122428915901,51.76099000000001,0.0,0.0,0.0,0.0,0.0,0.0,0.0,0.0,0.0,0.0,0.0,1,0.0,0.0
133,0.0,0.0,0.0,0.0,0.0,0.0,0.0,0.0,0.0,0.0,0.0,0.0,0.0,0.0,0.0,0.0,0.434387334584216,0.3022841257834216,0.553222666447641,51.780989999999996,0.030364986650139907,0.43754663317049625,0.7001486633873578,51.78099,0.0,0.0,0.0,0.0,0.0,0.0,0.0,0.0,0.0,0.0,0.0,1,0.0,0.0
134,0.0,0.0,0.0,0.0,0.0,0.0,0.0,0.0,0.0,0.0,0.0,0.0,0.0,0.0,0.0,0.0,0.4345949807963389,0.30326629156684326,0.5537010471809961,51.80099,0.030471785530765457,0.43070349142241104,0.7071748978588144,51.800990000000006,0.0,0.0,0.0,0.0,0.0,0.0,0.0,0.0,0.0,0.0,0.0,1,0.0,0.0
135,0.0,0.0,0.0,0.0,0.0,0.0,0.0,0.0,0.0,0.0,0.0,0.0,0.0,0.0,0.0,0.0,0.4348026270084619,0.30424845735026484,0.5541794279143514,51.820989999999995,0.030578584411391004,0.42386034967432584,0.714201132330271,51.82099000000001,0.0,0.0,0.0,0.0,0.0,0.0,0.0,0.0,0.0,0.0,0.0,1,0.0,0.0
136,0.0,0.0,0.0,0.0,0.0,0.0,0.0,0.0,0.0,0.0,0.0,0.0,0.0,0.0,0.0,0.0,0.4350102732205849,0.3052306231336865,0.5546578086477066,51.84099,0.03068538329201647,0.41701720792624064,0.7212273668017278,51.840990000000005,0.0,0.0,0.0,0.0,0.0,0.0,0.0,0.0,0.0,0.0,0.0,1,0.0,0.0
137,0.0,0.0,0.0,0.0,0.0,0.0,0.0,0.0,0.0,0.0,0.0,0.0,0.0,0.0,0.0,0.0,0.4352179194327079,0.30621278891710807,0.5551361893810618,51.86099,0.030792182172642017,0.41017406617815544,0.7282536012731844,51.86099,0.0,0.0,0.0,0.0,0.0,0.0,0.0,0.0,0.0,0.0,0.0,1,0.0,0.0
138,0.0,0.0,0.0,0.0,0.0,0.0,0.0,0.0,0.0,0.0,0.0,0.0,0.0,0.0,0.0,0.0,0.4362563581395349,0.31469648,0.5583257142857143,51.881,0.030898981053267487,0.40333092443007024,0.735279835744641,51.880990000000004,0.0,0.0,0.0,0.0,0.0,0.0,0.0,0.0,0.0,0.0,0.0,1,0.0,0.0
139,0.0,0.0,0.0,0.0,0.0,0.0,0.0,0.0,0.0,0.0,0.0,0.0,0.0,0.0,0.0,0.0,0.4357371906976744,0.3171521399999998,0.5587242857142858,51.900999999999996,0.031005779933893033,0.39648778268198503,0.7423060702160976,51.90099,0.0,0.0,0.0,0.0,0.0,0.0,0.0,0.0,0.0,0.0,0.0,1,0.0,0.0
140,0.0,0.0,0.0,0.0,0.0,0.0,0.0,0.0,0.0,0.0,0.0,0.0,0.0,0.0,0.0,0.0,0.43521802325581405,0.31960779999999966,0.5591228571428571,51.921,0.030517555555555496,0.40527342592592613,0.7327168888888888,51.92100000000001,0.0,0.0,0.0,0.0,0.0,0.0,0.0,0.0,0.0,0.0,0.0,1,0.0,0.0
141,0.0,0.0,0.0,0.0,0.0,0.0,0.0,0.0,0.0,0.0,0.0,0.0,0.0,0.0,0.0,0.0,0.43469885581395357,0.3220634599999995,0.5595214285714284,51.941,0.030029277777777787,0.4140624907407411,0.7231241944444441,51.94100000000001,0.0,0.0,0.0,0.0,0.0,0.0,0.0,0.0,0.0,0.0,0.0,1,0.0,0.0
142,0.0,0.0,0.0,0.0,0.0,0.0,0.0,0.0,0.0,0.0,0.0,0.0,0.0,0.0,0.0,0.0,0.43417968837209314,0.3245191199999994,0.5599199999999999,51.961,0.029541,0.42285155555555615,0.7135314999999994,51.961,0.0,0.0,0.0,0.0,0.0,0.0,0.0,0.0,0.0,0.0,0.0,1,0.0,0.0
143,0.0,0.0,0.0,0.0,0.0,0.0,0.0,0.0,0.0,0.0,0.0,0.0,0.0,0.0,0.0,0.0,0.434208531007752,0.3235765422222222,0.5600528968253968,51.98100000000001,0.029052722222222212,0.4316406203703711,0.7039388055555547,51.98100000000001,0.0,0.0,0.0,0.0,0.0,0.0,0.0,0.0,0.0,0.0,0.0,1,0.0,0.0
144,0.0,0.0,0.0,0.0,0.0,0.0,0.0,0.0,0.0,0.0,0.0,0.0,0.0,0.0,0.0,0.0,0.4342373736434108,0.32263396444444437,0.5601857936507937,52.001000000000005,0.028564444444444427,0.44042968518518616,0.6943461111111101,52.001000000000005,0.0,0.0,0.0,0.0,0.0,0.0,0.0,0.0,0.0,0.0,0.0,1,0.0,0.0
145,0.0,0.0,0.0,0.0,0.0,0.0,0.0,0.0,0.0,0.0,0.0,0.0,0.0,0.0,0.0,0.0,0.43426621627906975,0.3216913866666667,0.5603186904761905,52.021,0.02807616666666664,0.4492187500000011,0.6847534166666654,52.021,0.0,0.0,0.0,0.0,0.0,0.0,0.0,0.0,0.0,0.0,0.0,1,0.0,0.0
146,0.0,0.0,0.0,0.0,0.0,0.0,0.0,0.0,0.0,0.0,0.0,0.0,0.0,0.0,0.0,0.0,0.4342950589147287,0.32074880888888885,0.5604515873015872,52.04100000000001,0.02844238095238091,0.4413539325396826,0.692967003968254,52.041000000000004,0.0,0.0,0.0,0.0,0.0,0.0,0.0,0.0,0.0,0.0,0.0,1,0.0,0.0
147,0.0,0.0,0.0,0.0,0.0,0.0,0.0,0.0,0.0,0.0,0.0,0.0,0.0,0.0,0.0,0.0,0.43432390155038764,0.31980623111111106,0.5605844841269841,52.06100000000001,0.02880859523809518,0.4334891150793651,0.7011805912698412,52.06100000000001,0.0,0.0,0.0,0.0,0.0,0.0,0.0,0.0,0.0,0.0,0.0,1,0.0,0.0
148,0.0,0.0,0.0,0.0,0.0,0.0,0.0,0.0,0.0,0.0,0.0,0.0,0.0,0.0,0.0,0.0,0.4343527441860466,0.31886365333333333,0.5607173809523809,52.08100000000001,0.029174809523809447,0.42562429761904774,0.7093941785714285,52.081,0.0,0.0,0.0,0.0,0.0,0.0,0.0,0.0,0.0,0.0,0.0,1,0.0,0.0
149,0.0,0.0,0.0,0.0,0.0,0.0,0.0,0.0,0.0,0.0,0.0,0.0,0.0,0.0,0.0,0.0,0.4343815868217054,0.31792107555555554,0.5608502777777777,52.101,0.029541023809523875,0.41775948015873027,0.7176077658730157,52.101,0.0,0.0,0.0,0.0,0.0,0.0,0.0,0.0,0.0,0.0,0.0,1,0.0,0.0
150,0.0,0.0,0.0,0.0,0.0,0.0,0.0,0.0,0.0,0.0,0.0,0.0,0.0,0.0,0.0,0.0,0.43441042945736436,0.31697849777777776,0.5609831746031746,52.121,0.029907238095238143,0.40989466269841285,0.7258213531746031,52.121,0.0,0.0,0.0,0.0,0.0,0.0,0.0,0.0,0.0,0.0,0.0,1,0.0,0.0
151,0.0,0.0,0.0,0.0,0.0,0.0,0.0,0.0,0.0,0.0,0.0,0.0,0.0,0.0,0.0,0.0,0.43443927209302324,0.31603591999999997,0.5611160714285715,52.141000000000005,0.03027345238095241,0.4020298452380955,0.7340349404761903,52.141,0.0,0.0,0.0,0.0,0.0,0.0,0.0,0.0,0.0,0.0,0.0,1,0.0,0.0
152,0.0,0.0,0.0,0.0,0.0,0.0,0.0,0.0,0.0,0.0,0.0,0.0,0.0,0.0,0.0,0.0,0.4341472583671369,0.3151430108068245,0.5607672985840171,52.161,0.03063966666666668,0.394165027777778,0.7422485277777775,52.161,0.0,0.0,0.0,0.0,0.0,0.0,0.0,0.0,0.0,0.0,0.0,1,0.0,0.0
153,0.0,0.0,0.0,0.0,0.0,0.0,0.0,0.0,0.0,0.0,0.0,0.0,0.0,0.0,0.0,0.0,0.43385524464125064,0.3142501016136491,0.5604185257394627,52.18100000000001,0.030186294288503192,0.40250881274551836,0.7334077822754722,52.181,0.0,0.0,0.0,0.0,0.0,0.0,0.0,0.0,0.0,0.0,0.0,1,0.0,0.0
154,0.0,0.0,0.0,0.0,0.0,0.0,0.0,0.0,0.0,0.0,0.0,0.0,0.0,0.0,0.0,0.0,0.4335632309153643,0.31335719242047355,0.5600697528949083,52.20100000000001,0.029732921910339785,0.410852597713259,0.7245670367731666,52.201,0.0,0.0,0.0,0.0,0.0,0.0,0.0,0.0,0.0,0.0,0.0,1,0.0,0.0
155,0.0,0.0,0.0,0.0,0.0,0.0,0.0,0.0,0.0,0.0,0.0,0.0,0.0,0.0,0.0,0.0,0.433271217189478,0.31246428322729813,0.559720980050354,52.22100000000001,0.029279549532176298,0.41919638268099957,0.715726291270861,52.221000000000004,0.0,0.0,0.0,0.0,0.0,0.0,0.0,0.0,0.0,0.0,0.0,1,0.0,0.0
156,0.0,0.0,0.0,0.0,0.0,0.0,0.0,0.0,0.0,0.0,0.0,0.0,0.0,0.0,0.0,0.0,0.43297920346359164,0.31157137403412266,0.5593722072057996,52.24100000000001,0.02882617715401273,0.4275401676487402,0.7068855457685553,52.241,0.0,0.0,0.0,0.0,0.0,0.0,0.0,0.0,0.0,0.0,0.0,1,0.0,0.0
157,0.0,0.0,0.0,0.0,0.0,0.0,0.0,0.0,0.0,0.0,0.0,0.0,0.0,0.0,0.0,0.0,0.4326871897377053,0.3106784648409472,0.5590234343612452,52.261,0.028372804775849324,0.43588395261648083,0.6980448002662497,52.260999999999996,0.0,0.0,0.0,0.0,0.0,0.0,0.0,0.0,0.0,0.0,0.0,1,0.0,0.0
158,0.0,0.0,0.0,0.0,0.0,0.0,0.0,0.0,0.0,0.0,0.0,0.0,0.0,0.0,0.0,0.0,0.432395176011819,0.3097855556477717,0.5586746615166909,52.281000000000006,0.027919432397685757,0.44422773758422135,0.6892040547639441,52.281,0.0,0.0,0.0,0.0,0.0,0.0,0.0,0.0,0.0,0.0,0.0,1,0.0,0.0
159,0.0,0.0,0.0,0.0,0.0,0.0,0.0,0.0,0.0,0.0,0.0,0.0,0.0,0.0,0.0,0.0,0.43210316228593265,0.3088926464545963,0.5583258886721365,52.301,0.02746606001952235,0.452571522551962,0.6803633092616386,52.301,0.0,0.0,0.0,0.0,0.0,0.0,0.0,0.0,0.0,0.0,0.0,1,0.0,0.0
160,0.0,0.0,0.0,0.0,0.0,0.0,0.0,0.0,0.0,0.0,0.0,0.0,0.0,0.0,0.0,0.0,0.43201648837209305,0.30907823333333334,0.558126369047619,52.32101,0.027336981481481518,0.451846662037037,0.6812472901234568,52.321009999999994,0.0,0.0,0.0,0.0,0.0,0.0,0.0,0.0,0.0,0.0,0.0,1,0.0,0.0
161,0.0,0.0,0.0,0.0,0.0,0.0,0.0,0.0,0.0,0.0,0.0,0.0,0.0,0.0,0.0,0.0,0.4319299604651162,0.3092642666666667,0.5579270238095239,52.34101,0.027208129629629558,0.4511176296296296,0.6821356913580248,52.34101,0.0,0.0,0.0,0.0,0.0,0.0,0.0,0.0,0.0,0.0,0.0,1,0.0,0.0
162,0.0,0.0,0.0,0.0,0.0,0.0,0.0,0.0,0.0,0.0,0.0,0.0,0.0,0.0,0.0,0.0,0.4318434325581395,0.3094503,0.5577276785714288,52.36100999999999,0.027079277777777754,0.4503885972222222,0.6830240925925926,52.36100999999999,0.0,0.0,0.0,0.0,0.0,0.0,0.0,0.0,0.0,0.0,0.0,1,0.0,0.0
163,0.0,0.0,0.0,0.0,0.0,0.0,0.0,0.0,0.0,0.0,0.0,0.0,0.0,0.0,0.0,0.0,0.43175690465116284,0.30963633333333335,0.5575283333333335,52.381009999999996,0.02695042592592587,0.44965956481481484,0.6839124938271605,52.38101,0.0,0.0,0.0,0.0,0.0,0.0,0.0,0.0,0.0,0.0,0.0,1,0.0,0.0
164,0.0,0.0,0.0,0.0,0.0,0.0,0.0,0.0,0.0,0.0,0.0,0.0,0.0,0.0,0.0,0.0,0.431670376744186,0.3098223666666666,0.5573289880952382,52.40101,0.02682157407407407,0.44893053240740743,0.6848008950617284,52.40101,0.0,0.0,0.0,0.0,0.0,0.0,0.0,0.0,0.0,0.0,0.0,1,0.0,0.0
165,0.0,0.0,0.0,0.0,0.0,0.0,0.0,0.0,0.0,0.0,0.0,0.0,0.0,0.0,0.0,0.0,0.4315838488372093,0.3100084,0.5571296428571431,52.421009999999995,0.026692722222222187,0.44820150000000003,0.6856892962962963,52.421009999999995,0.0,0.0,0.0,0.0,0.0,0.0,0.0,0.0,0.0,0.0,0.0,1,0.0,0.0
166,0.0,0.0,0.0,0.0,0.0,0.0,0.0,0.0,0.0,0.0,0.0,0.0,0.0,0.0,0.0,0.0,0.4314973209302326,0.31019443333333335,0.5569302976190477,52.44101,0.026563870370370384,0.4474724675925926,0.6865776975308642,52.44101,0.0,0.0,0.0,0.0,0.0,0.0,0.0,0.0,0.0,0.0,0.0,1,0.0,0.0
167,0.0,0.0,0.0,0.0,0.0,0.0,0.0,0.0,0.0,0.0,0.0,0.0,0.0,0.0,0.0,0.0,0.4314107930232558,0.3103804666666667,0.5567309523809525,52.46101,0.026435018518518424,0.4467434351851851,0.6874660987654322,52.46101,0.0,0.0,0.0,0.0,0.0,0.0,0.0,0.0,0.0,0.0,0.0,1,0.0,0.0
168,0.0,0.0,0.0,0.0,0.0,0.0,0.0,0.0,0.0,0.0,0.0,0.0,0.0,0.0,0.0,0.0,0.4313242651162791,0.31056649999999997,0.5565316071428572,52.48101,0.02630616666666662,0.44601440277777776,0.6883545000000001,52.48101,0.0,0.0,0.0,0.0,0.0,0.0,0.0,0.0,0.0,0.0,0.0,1,0.0,0.0
169,0.0,0.0,0.0,0.0,0.0,0.0,0.0,0.0,0.0,0.0,0.0,0.0,0.0,0.0,0.0,0.0,0.43123773720930236,0.3107525333333333,0.5563322619047619,52.50101,0.026177314814814816,0.44528537037037036,0.6892429012345679,52.501009999999994,0.0,0.0,0.0,0.0,0.0,0.0,0.0,0.0,0.0,0.0,0.0,1,0.0,0.0
170,0.0,0.0,0.0,0.0,0.0,0.0,0.0,0.0,0.0,0.0,0.0,0.0,0.0,0.0,0.0,0.0,0.43115120930232553,0.31093856666666664,0.5561329166666668,52.52101,0.026048462962962936,0.44455633796296296,0.6901313024691359,52.521010000000004,0.0,0.0,0.0,0.0,0.0,0.0,0.0,0.0,0.0,0.0,0.0,1,0.0,0.0
171,0.0,0.0,0.0,0.0,0.0,0.0,0.0,0.0,0.0,0.0,0.0,0.0,0.0,0.0,0.0,0.0,0.4310646813953488,0.3111246,0.5559335714285715,52.54101,0.025919611111111053,0.44382730555555555,0.6910197037037037,52.54101,0.0,0.0,0.0,0.0,0.0,0.0,0.0,0.0,0.0,0.0,0.0,1,0.0,0.0
172,0.0,0.0,0.0,0.0,0.0,0.0,0.0,0.0,0.0,0.0,0.0,0.0,0.0,0.0,0.0,0.0,0.4317692157890715,0.3117623887293765,0.5569016655442979,52.561009999999996,0.025790759259259253,0.44309827314814815,0.6919081049382716,52.561009999999996,0.0,0.0,0.0,0.0,0.0,0.0,0.0,0.0,0.0,0.0,0.0,1,0.0,0.0
173,0.0,0.0,0.0,0.0,0.0,0.0,0.0,0.0,0.0,0.0,0.0,0.0,0.0,0.0,0.0,0.0,0.4324737501827943,0.312400177458753,0.5578697596600243,52.58100999999999,0.02566190740740737,0.44236924074074074,0.6927965061728396,52.58101,0.0,0.0,0.0,0.0,0.0,0.0,0.0,0.0,0.0,0.0,0.0,1,0.0,0.0
174,0.0,0.0,0.0,0.0,0.0,0.0,0.0,0.0,0.0,0.0,0.0,0.0,0.0,0.0,0.0,0.0,0.433178284576517,0.31303796618812946,0.5588378537757508,52.60101,0.025533055555555566,0.44164020833333334,0.6936849074074074,52.60101,0.0,0.0,0.0,0.0,0.0,0.0,0.0,0.0,0.0,0.0,0.0,1,0.0,0.0
175,0.0,0.0,0.0,0.0,0.0,0.0,0.0,0.0,0.0,0.0,0.0,0.0,0.0,0.0,0.0,0.0,0.4338828189702397,0.313675754917506,0.5598059478914773,52.62101,0.025404203703703686,0.44091117592592594,0.6945733086419753,52.62101,0.0,0.0,0.0,0.0,0.0,0.0,0.0,0.0,0.0,0.0,0.0,1,0.0,0.0
176,0.0,0.0,0.0,0.0,0.0,0.0,0.0,0.0,0.0,0.0,0.0,0.0,0.0,0.0,0.0,0.0,0.4345873533639624,0.3143135436468824,0.5607740420072037,52.641009999999994,0.025275351851851882,0.4401821435185185,0.6954617098765433,52.641009999999994,0.0,0.0,0.0,0.0,0.0,0.0,0.0,0.0,0.0,0.0,0.0,1,0.0,0.0
177,0.0,0.0,0.0,0.0,0.0,0.0,0.0,0.0,0.0,0.0,0.0,0.0,0.0,0.0,0.0,0.0,0.43529188775768524,0.31495133237625894,0.5617421361229301,52.661010000000005,0.0251465,0.43945311111111107,0.6963501111111111,52.66101,0.0,0.0,0.0,0.0,0.0,0.0,0.0,0.0,0.0,0.0,0.0,1,0.0,0.0
178,0.0,0.0,0.0,0.0,0.0,0.0,0.0,0.0,0.0,0.0,0.0,0.0,0.0,0.0,0.0,0.0,0.43599642215140794,0.3155891211056354,0.5627102302386565,52.68101,0.025111621538937753,0.43607026147338673,0.6997155215183044,52.68100999999999,0.0,0.0,0.0,0.0,0.0,0.0,0.0,0.0,0.0,0.0,0.0,1,0.0,0.0
179,0.0,0.0,0.0,0.0,0.0,0.0,0.0,0.0,0.0,0.0,0.0,0.0,0.0,0.0,0.0,0.0,0.43589943052325586,0.31330120999999994,0.5622124107142856,52.70102,0.025076743077875423,0.4326874118356624,0.7030809319254975,52.70101,0.0,0.0,0.0,0.0,0.0,0.0,0.0,0.0,0.0,0.0,0.0,1,0.0,0.0
180,0.0,0.0,0.0,0.0,0.0,0.0,0.0,0.0,0.0,0.0,0.0,0.0,0.0,0.0,0.0,0.0,0.4358020866279069,0.3110129799999999,0.5617141071428572,52.721019999999996,0.025041864616813018,0.42930456219793806,0.7064463423326908,52.72100999999999,0.0,0.0,0.0,0.0,0.0,0.0,0.0,0.0,0.0,0.0,0.0,1,0.0,0.0
181,0.0,0.0,0.0,0.0,0.0,0.0,0.0,0.0,0.0,0.0,0.0,0.0,0.0,0.0,0.0,0.0,0.4357047427325581,0.3087247499999999,0.5612158035714285,52.74101999999999,0.02500698615575077,0.4259217125602136,0.709811752739884,52.741009999999996,0.0,0.0,0.0,0.0,0.0,0.0,0.0,0.0,0.0,0.0,0.0,1,0.0,0.0
182,0.0,0.0,0.0,0.0,0.0,0.0,0.0,0.0,0.0,0.0,0.0,0.0,0.0,0.0,0.0,0.0,0.43560739883720934,0.3064365199999998,0.5607174999999999,52.76102,0.02497210769468844,0.42253886292248927,0.7131771631470772,52.76101,0.0,0.0,0.0,0.0,0.0,0.0,0.0,0.0,0.0,0.0,0.0,1,0.0,0.0
183,0.0,0.0,0.0,0.0,0.0,0.0,0.0,0.0,0.0,0.0,0.0,0.0,0.0,0.0,0.0,0.0,0.4355100549418605,0.30414828999999977,0.5602191964285714,52.78102,0.024937229233626113,0.41915601328476493,0.7165425735542704,52.781009999999995,0.0,0.0,0.0,0.0,0.0,0.0,0.0,0.0,0.0,0.0,0.0,1,0.0,0.0
184,0.0,0.0,0.0,0.0,0.0,0.0,0.0,0.0,0.0,0.0,0.0,0.0,0.0,0.0,0.0,0.0,0.4354127110465116,0.3018600599999997,0.5597208928571427,52.80102,0.024902350772563784,0.4157731636470405,0.7199079839614636,52.80100999999999,0.0,0.0,0.0,0.0,0.0,0.0,0.0,0.0,0.0,0.0,0.0,1,0.0,0.0
185,0.0,0.0,0.0,0.0,0.0,0.0,0.0,0.0,0.0,0.0,0.0,0.0,0.0,0.0,0.0,0.0,0.43531536715116276,0.29957182999999965,0.5592225892857142,52.82102,0.025039666666666627,0.4087295416666668,0.727027892361111,52.82101999999999,0.0,0.0,0.0,0.0,0.0,0.0,0.0,0.0,0.0,0.0,0.0,1,0.0,0.0
186,0.0,0.0,0.0,0.0,0.0,0.0,0.0,0.0,0.0,0.0,0.0,0.0,0.0,0.0,0.0,0.0,0.435218023255814,0.2972835999999996,0.5587242857142856,52.84102,0.02517699999999997,0.40168761111111145,0.7341461180555552,52.84101999999999,0.0,0.0,0.0,0.0,0.0,0.0,0.0,0.0,0.0,0.0,0.0,1,0.0,0.0
187,0.0,0.0,0.0,0.0,0.0,0.0,0.0,0.0,0.0,0.0,0.0,0.0,0.0,0.0,0.0,0.0,0.4350017031007752,0.30360879333333307,0.5599202380952379,52.861019999999996,0.025314333333333314,0.3946456805555561,0.7412643437499995,52.861019999999996,0.0,0.0,0.0,0.0,0.0,0.0,0.0,0.0,0.0,0.0,0.0,1,0.0,0.0
188,0.0,0.0,0.0,0.0,0.0,0.0,0.0,0.0,0.0,0.0,0.0,0.0,0.0,0.0,0.0,0.0,0.43478538294573643,0.30993398666666616,0.5611161904761903,52.88101999999999,0.02545166666666666,0.38760375000000064,0.7483825694444438,52.88101999999999,0.0,0.0,0.0,0.0,0.0,0.0,0.0,0.0,0.0,0.0,0.0,1,0.0,0.0
189,0.0,0.0,0.0,0.0,0.0,0.0,0.0,0.0,0.0,0.0,0.0,0.0,0.0,0.0,0.0,0.0,0.4345690627906977,0.31625917999999925,0.5623121428571426,52.90101999999999,0.025589000000000004,0.3805618194444452,0.7555007951388881,52.90102,0.0,0.0,0.0,0.0,0.0,0.0,0.0,0.0,0.0,0.0,0.0,1,0.0,0.0
190,0.0,0.0,0.0,0.0,0.0,0.0,0.0,0.0,0.0,0.0,0.0,0.0,0.0,0.0,0.0,0.0,0.43435274263565893,0.3225843733333324,0.5635080952380951,52.92102,0.02572633333333335,0.3735198888888899,0.7626190208333323,52.92102,0.0,0.0,0.0,0.0,0.0,0.0,0.0,0.0,0.0,0.0,0.0,1,0.0,0.0
191,0.0,0.0,0.0,0.0,0.0,0.0,0.0,0.0,0.0,0.0,0.0,0.0,0.0,0.0,0.0,0.0,0.43413642248062023,0.32890956666666554,0.5647040476190474,52.941019999999995,0.025863666666666695,0.3664779583333345,0.7697372465277766,52.941019999999995,0.0,0.0,0.0,0.0,0.0,0.0,0.0,0.0,0.0,0.0,0.0,1,0.0,0.0
192,0.0,0.0,0.0,0.0,0.0,0.0,0.0,0.0,0.0,0.0,0.0,0.0,0.0,0.0,0.0,0.0,0.4339201023255815,0.3352347599999986,0.5658999999999997,52.96101999999999,0.026001000000000038,0.35943602777777905,0.7768554722222208,52.96102,0.0,0.0,0.0,0.0,0.0,0.0,0.0,0.0,0.0,0.0,0.0,1,0.0,0.0
193,0.0,0.0,0.0,0.0,0.0,0.0,0.0,0.0,0.0,0.0,0.0,0.0,0.0,0.0,0.0,0.0,0.43324518465116274,0.3329130399999999,0.5649432142857141,52.981019999999994,0.0251465,0.3768005324074078,0.7593892453703699,52.98102,0.0,0.0,0.0,0.0,0.0,0.0,0.0,0.0,0.0,0.0,0.0,1,0.0,0.0
194,0.0,0.0,0.0,0.0,0.0,0.0,0.0,0.0,0.0,0.0,0.0,0.0,0.0,0.0,0.0,0.0,0.4325702669767441,0.33059131999999974,0.5639864285714283,53.00102,0.02429199999999996,0.39416503703703776,0.7419230185185177,53.00102,0.0,0.0,0.0,0.0,0.0,0.0,0.0,0.0,0.0,0.0,0.0,1,0.0,0.0
195,0.0,0.0,0.0,0.0,0.0,0.0,0.0,0.0,0.0,0.0,0.0,0.0,0.0,0.0,0.0,0.0,0.4318953493023255,0.32826959999999955,0.5630296428571427,53.02102,0.0234375,0.4115295416666678,0.7244567916666655,53.02101999999999,0.0,0.0,0.0,0.0,0.0,0.0,0.0,0.0,0.0,0.0,0.0,1,0.0,0.0
196,0.0,0.0,0.0,0.0,0.0,0.0,0.0,0.0,0.0,0.0,0.0,0.0,0.0,0.0,0.0,0.0,0.4312204316279068,0.3259478799999995,0.5620728571428568,53.041019999999996,0.02258299999999988,0.42889404629629774,0.7069905648148134,53.04102,0.0,0.0,0.0,0.0,0.0,0.0,0.0,0.0,0.0,0.0,0.0,1,0.0,0.0
197,0.0,0.0,0.0,0.0,0.0,0.0,0.0,0.0,0.0,0.0,0.0,0.0,0.0,0.0,0.0,0.0,0.4305455139534882,0.32362615999999933,0.561116071428571,53.06101999999999,0.02172849999999992,0.4462585509259278,0.6895243379629611,53.06101999999999,0.0,0.0,0.0,0.0,0.0,0.0,0.0,0.0,0.0,0.0,0.0,1,0.0,0.0
198,0.0,0.0,0.0,0.0,0.0,0.0,0.0,0.0,0.0,0.0,0.0,0.0,0.0,0.0,0.0,0.0,0.4307679983939685,0.32317970617527325,0.5613438612803167,53.08101999999999,0.020873999999999882,0.4636230555555578,0.6720581111111089,53.081019999999995,0.0,0.0,0.0,0.0,0.0,0.0,0.0,0.0,0.0,0.0,0.0,1,0.0,0.0
199,0.0,0.0,0.0,0.0,0.0,0.0,0.0,0.0,0.0,0.0,0.0,0.0,0.0,0.0,0.0,0.0,0.43099048283444863,0.3227332523505464,0.561571651132062,53.10101999999999,0.020873999999999962,0.45565265815085254,0.6803946774544758,53.10101999999999,0.0,0.0,0.0,0.0,0.0,0.0,0.0,0.0,0.0,0.0,0.0,1,0.0,0.0
200,0.0,0.0,0.0,0.0,0.0,0.0,0.0,0.0,0.0,0.0,0.0,0.0,0.0,0.0,0.0,0.0,0.43121296727492886,0.3222867985258197,0.5617994409838073,53.12101999999999,0.020873999999999962,0.4476822607461495,0.6887312437978405,53.121019999999994,0.0,0.0,0.0,0.0,0.0,0.0,0.0,0.0,0.0,0.0,0.0,1,0.0,0.0
201,0.0,0.0,0.0,0.0,0.0,0.0,0.0,0.0,0.0,0.0,0.0,0.0,0.0,0.0,0.0,0.0,0.431435451715409,0.32184034470109296,0.5620272308355526,53.14101999999999,0.020873999999999962,0.4397118633414464,0.6970678101412051,53.14102,0.0,0.0,0.0,0.0,0.0,0.0,0.0,0.0,0.0,0.0,0.0,1,0.0,0.0
202,0.0,0.0,0.0,0.0,0.0,0.0,0.0,0.0,0.0,0.0,0.0,0.0,0.0,0.0,0.0,0.0,0.4316579361558891,0.32139389087636616,0.5622550206872977,53.16101999999999,0.020873999999999962,0.4317414659367434,0.7054043764845699,53.16101999999999,0.0,0.0,0.0,0.0,0.0,0.0,0.0,0.0,0.0,0.0,0.0,1,0.0,0.0
203,0.0,0.0,0.0,0.0,0.0,0.0,0.0,0.0,0.0,0.0,0.0,0.0,0.0,0.0,0.0,0.0,0.4318804205963692,0.32094743705163936,0.562482810539043,53.18101999999999,0.020873999999999962,0.42377106853204033,0.7137409428279345,53.18102,0.0,0.0,0.0,0.0,0.0,0.0,0.0,0.0,0.0,0.0,0.0,1,0.0,0.0
204,0.0,0.0,0.0,0.0,0.0,0.0,0.0,0.0,0.0,0.0,0.0,0.0,0.0,0.0,0.0,0.0,0.4321029050368494,0.3205009832269126,0.5627106003907884,53.20101999999999,0.02085874305555551,0.42922210069444455,0.708457940972222,53.20103,0.0,0.0,0.0,0.0,0.0,0.0,0.0,0.0,0.0,0.0,0.0,1,0.0,0.0
205,0.0,0.0,0.0,0.0,0.0,0.0,0.0,0.0,0.0,0.0,0.0,0.0,0.0,0.0,0.0,0.0,0.43132426445182726,0.3180769885714286,0.5615717346938774,53.221030000000006,0.020843486111111056,0.43467711805555576,0.7031707708333331,53.22103000000001,0.0,0.0,0.0,0.0,0.0,0.0,0.0,0.0,0.0,0.0,0.0,1,0.0,0.0
206,0.0,0.0,0.0,0.0,0.0,0.0,0.0,0.0,0.0,0.0,0.0,0.0,0.0,0.0,0.0,0.0,0.43054551262458474,0.31565321714285716,0.5604327551020408,53.24103000000001,0.020828229166666604,0.440132135416667,0.6978836006944441,53.24103000000001,0.0,0.0,0.0,0.0,0.0,0.0,0.0,0.0,0.0,0.0,0.0,1,0.0,0.0
207,0.0,0.0,0.0,0.0,0.0,0.0,0.0,0.0,0.0,0.0,0.0,0.0,0.0,0.0,0.0,0.0,0.42976676079734216,0.31322944571428574,0.5592937755102041,53.261030000000005,0.020812972222222153,0.4455871527777782,0.6925964305555551,53.261030000000005,0.0,0.0,0.0,0.0,0.0,0.0,0.0,0.0,0.0,0.0,0.0,1,0.0,0.0
208,0.0,0.0,0.0,0.0,0.0,0.0,0.0,0.0,0.0,0.0,0.0,0.0,0.0,0.0,0.0,0.0,0.42898800897009964,0.3108056742857143,0.5581547959183675,53.28103,0.02079771527777778,0.4510421701388894,0.6873092604166661,53.28103,0.0,0.0,0.0,0.0,0.0,0.0,0.0,0.0,0.0,0.0,0.0,1,0.0,0.0
209,0.0,0.0,0.0,0.0,0.0,0.0,0.0,0.0,0.0,0.0,0.0,0.0,0.0,0.0,0.0,0.0,0.4282092571428571,0.3083819028571429,0.5570158163265307,53.30103,0.02078245833333333,0.45649718750000073,0.682022090277777,53.30103000000001,0.0,0.0,0.0,0.0,0.0,0.0,0.0,0.0,0.0,0.0,0.0,1,0.0,0.0
210,0.0,0.0,0.0,0.0,0.0,0.0,0.0,0.0,0.0,0.0,0.0,0.0,0.0,0.0,0.0,0.0,0.42743050531561466,0.3059581314285715,0.5558768367346939,53.32103000000001,0.02076720138888888,0.46195220486111194,0.6767349201388881,53.32103000000001,0.0,0.0,0.0,0.0,0.0,0.0,0.0,0.0,0.0,0.0,0.0,1,0.0,0.0
211,0.0,0.0,0.0,0.0,0.0,0.0,0.0,0.0,0.0,0.0,0.0,0.0,0.0,0.0,0.0,0.0,0.42665175348837214,0.30353436000000006,0.5547378571428572,53.34103,0.020751944444444427,0.46740722222222314,0.6714477499999991,53.34103,0.0,0.0,0.0,0.0,0.0,0.0,0.0,0.0,0.0,0.0,0.0,1,0.0,0.0
212,0.0,0.0,0.0,0.0,0.0,0.0,0.0,0.0,0.0,0.0,0.0,0.0,0.0,0.0,0.0,0.0,0.42685942046511627,0.3076420159999999,0.5556945714285714,53.36103,0.020643438271604943,0.45855712654320985,0.6805894598765433,53.36103000000001,0.0,0.0,0.0,0.0,0.0,0.0,0.0,0.0,0.0,0.0,0.0,1,0.0,0.0
213,0.0,0.0,0.0,0.0,0.0,0.0,0.0,0.0,0.0,0.0,0.0,0.0,0.0,0.0,0.0,0.0,0.4270670874418605,0.3117496719999999,0.5566512857142857,53.38103,0.020534932098765384,0.4497070308641975,0.6897311697530865,53.38103000000001,0.0,0.0,0.0,0.0,0.0,0.0,0.0,0.0,0.0,0.0,0.0,1,0.0,0.0
214,0.0,0.0,0.0,0.0,0.0,0.0,0.0,0.0,0.0,0.0,0.0,0.0,0.0,0.0,0.0,0.0,0.42727475441860463,0.3158573279999998,0.5576079999999999,53.401030000000006,0.02042642592592598,0.44085693518518515,0.6988728796296297,53.401030000000006,0.0,0.0,0.0,0.0,0.0,0.0,0.0,0.0,0.0,0.0,0.0,1,0.0,0.0
215,0.0,0.0,0.0,0.0,0.0,0.0,0.0,0.0,0.0,0.0,0.0,0.0,0.0,0.0,0.0,0.0,0.42748242139534887,0.31996498399999973,0.5585647142857141,53.42103,0.02031791975308642,0.4320068395061728,0.7080145895061729,53.42103,0.0,0.0,0.0,0.0,0.0,0.0,0.0,0.0,0.0,0.0,0.0,1,0.0,0.0
216,0.0,0.0,0.0,0.0,0.0,0.0,0.0,0.0,0.0,0.0,0.0,0.0,0.0,0.0,0.0,0.0,0.427690088372093,0.3240726399999997,0.5595214285714284,53.441030000000005,0.02020941358024686,0.4231567438271604,0.7171562993827162,53.44103,0.0,0.0,0.0,0.0,0.0,0.0,0.0,0.0,0.0,0.0,0.0,1,0.0,0.0
217,0.0,0.0,0.0,0.0,0.0,0.0,0.0,0.0,0.0,0.0,0.0,0.0,0.0,0.0,0.0,0.0,0.427690088372093,0.3237750114690442,0.5596543341626292,53.46103000000001,0.02010090740740738,0.4143066481481481,0.7262980092592595,53.46103,0.0,0.0,0.0,0.0,0.0,0.0,0.0,0.0,0.0,0.0,0.0,1,0.0,0.0
218,0.0,0.0,0.0,0.0,0.0,0.0,0.0,0.0,0.0,0.0,0.0,0.0,0.0,0.0,0.0,0.0,0.427690088372093,0.3234773829380885,0.55978723975383,53.481030000000004,0.019992401234567896,0.4054565524691357,0.7354397191358026,53.481030000000004,0.0,0.0,0.0,0.0,0.0,0.0,0.0,0.0,0.0,0.0,0.0,1,0.0,0.0
219,0.0,0.0,0.0,0.0,0.0,0.0,0.0,0.0,0.0,0.0,0.0,0.0,0.0,0.0,0.0,0.0,0.427690088372093,0.3231797544071327,0.5599201453450308,53.50103,0.019883895061728416,0.3966064567901234,0.7445814290123459,53.50103,0.0,0.0,0.0,0.0,0.0,0.0,0.0,0.0,0.0,0.0,0.0,1,0.0,0.0
220,0.0,0.0,0.0,0.0,0.0,0.0,0.0,0.0,0.0,0.0,0.0,0.0,0.0,0.0,0.0,0.0,0.427690088372093,0.322882125876177,0.5600530509362315,53.52103,0.019775388888888853,0.387756361111111,0.753723138888889,53.52103,0.0,0.0,0.0,0.0,0.0,0.0,0.0,0.0,0.0,0.0,0.0,1,0.0,0.0
221,0.0,0.0,0.0,0.0,0.0,0.0,0.0,0.0,0.0,0.0,0.0,0.0,0.0,0.0,0.0,0.0,0.427690088372093,0.3225844973452212,0.5601859565274322,53.541030000000006,0.018860089935849405,0.41222534108833764,0.7293761978463732,53.54103,0.0,0.0,0.0,0.0,0.0,0.0,0.0,0.0,0.0,0.0,0.0,1,0.0,0.0
222,0.0,0.0,0.0,0.0,0.0,0.0,0.0,0.0,0.0,0.0,0.0,0.0,0.0,0.0,0.0,0.0,0.427690088372093,0.3222868688142654,0.560318862118633,53.56103,0.017944790982809957,0.43669432106556405,0.7050292568038574,53.56103,0.0,0.0,0.0,0.0,0.0,0.0,0.0,0.0,0.0,0.0,0.0,1,0.0,0.0
223,0.0,0.0,0.0,0.0,0.0,0.0,0.0,0.0,0.0,0.0,0.0,0.0,0.0,0.0,0.0,0.0,0.4278977558139535,0.31898273599999977,0.5598405,53.58104000000001,0.01783969841269837,0.4374738531746032,0.7045200833333334,53.58104,0.0,0.0,0.0,0.0,0.0,0.0,0.0,0.0,0.0,0.0,0.0,1,0.0,0.0
224,0.0,0.0,0.0,0.0,0.0,0.0,0.0,0.0,0.0,0.0,0.0,0.0,0.0,0.0,0.0,0.0,0.42810542325581397,0.3156787519999996,0.5593620714285714,53.60104,0.017735063492063496,0.43824115079365084,0.7040230833333333,53.601040000000005,0.0,0.0,0.0,0.0,0.0,0.0,0.0,0.0,0.0,0.0,0.0,1,0.0,0.0
225,0.0,0.0,0.0,0.0,0.0,0.0,0.0,0.0,0.0,0.0,0.0,0.0,0.0,0.0,0.0,0.0,0.4283130906976744,0.31237476799999947,0.5588836428571428,53.62104000000001,0.017630428571428543,0.4390084484126985,0.7035260833333333,53.62104000000001,0.0,0.0,0.0,0.0,0.0,0.0,0.0,0.0,0.0,0.0,0.0,1,0.0,0.0
226,0.0,0.0,0.0,0.0,0.0,0.0,0.0,0.0,0.0,0.0,0.0,0.0,0.0,0.0,0.0,0.0,0.42852075813953494,0.3090707839999992,0.5584052142857142,53.641040000000004,0.01752579365079359,0.43977574603174613,0.7030290833333332,53.641040000000004,0.0,0.0,0.0,0.0,0.0,0.0,0.0,0.0,0.0,0.0,0.0,1,0.0,0.0
227,0.0,0.0,0.0,0.0,0.0,0.0,0.0,0.0,0.0,0.0,0.0,0.0,0.0,0.0,0.0,0.0,0.4287284255813954,0.30576679999999906,0.5579267857142856,53.66104000000001,0.017421158730158717,0.4405430436507939,0.7025320833333332,53.66104000000001,0.0,0.0,0.0,0.0,0.0,0.0,0.0,0.0,0.0,0.0,0.0,1,0.0,0.0
228,0.0,0.0,0.0,0.0,0.0,0.0,0.0,0.0,0.0,0.0,0.0,0.0,0.0,0.0,0.0,0.0,0.42968023333333333,0.31216641333333306,0.5593885714285713,53.68104,0.017316523809523844,0.4413103412698415,0.7020350833333332,53.68104000000001,0.0,0.0,0.0,0.0,0.0,0.0,0.0,0.0,0.0,0.0,0.0,1,0.0,0.0
229,0.0,0.0,0.0,0.0,0.0,0.0,0.0,0.0,0.0,0.0,0.0,0.0,0.0,0.0,0.0,0.0,0.43063204108527126,0.3185660266666662,0.560850357142857,53.701040000000006,0.017211888888888815,0.4420776388888891,0.7015380833333331,53.701040000000006,0.0,0.0,0.0,0.0,0.0,0.0,0.0,0.0,0.0,0.0,0.0,1,0.0,0.0
230,0.0,0.0,0.0,0.0,0.0,0.0,0.0,0.0,0.0,0.0,0.0,0.0,0.0,0.0,0.0,0.0,0.43158384883720924,0.3249656399999993,0.5623121428571426,53.72104,0.01729327777777772,0.43551636111111136,0.7080484999999997,53.72104,0.0,0.0,0.0,0.0,0.0,0.0,0.0,0.0,0.0,0.0,0.0,1,0.0,0.0
231,0.0,0.0,0.0,0.0,0.0,0.0,0.0,0.0,0.0,0.0,0.0,0.0,0.0,0.0,0.0,0.0,0.43128718139534883,0.3215851142857143,0.5610592346938775,53.74104,0.017374666666666705,0.4289550833333338,0.7145589166666662,53.74104,0.0,0.0,0.0,0.0,0.0,0.0,0.0,0.0,0.0,0.0,0.0,1,0.0,0.0
232,0.0,0.0,0.0,0.0,0.0,0.0,0.0,0.0,0.0,0.0,0.0,0.0,0.0,0.0,0.0,0.0,0.43099051395348836,0.3182045885714286,0.5598063265306122,53.76104000000001,0.017456055555555534,0.42239380555555633,0.7210693333333326,53.761039999999994,0.0,0.0,0.0,0.0,0.0,0.0,0.0,0.0,0.0,0.0,0.0,1,0.0,0.0
233,0.0,0.0,0.0,0.0,0.0,0.0,0.0,0.0,0.0,0.0,0.0,0.0,0.0,0.0,0.0,0.0,0.43069384651162795,0.31482406285714293,0.558553418367347,53.781040000000004,0.01753744444444444,0.41583252777777874,0.727579749999999,53.78104,0.0,0.0,0.0,0.0,0.0,0.0,0.0,0.0,0.0,0.0,0.0,1,0.0,0.0
234,0.0,0.0,0.0,0.0,0.0,0.0,0.0,0.0,0.0,0.0,0.0,0.0,0.0,0.0,0.0,0.0,0.4303971790697675,0.3114435371428572,0.5573005102040816,53.80104,0.017618833333333347,0.40927125000000125,0.7340901666666655,53.80104,0.0,0.0,0.0,0.0,0.0,0.0,0.0,0.0,0.0,0.0,0.0,1,0.0,0.0
235,0.0,0.0,0.0,0.0,0.0,0.0,0.0,0.0,0.0,0.0,0.0,0.0,0.0,0.0,0.0,0.0,0.43010051162790697,0.3080630114285715,0.5560476020408164,53.82104,0.017700222222222253,0.40270997222222377,0.7406005833333318,53.821039999999996,0.0,0.0,0.0,0.0,0.0,0.0,0.0,0.0,0.0,0.0,0.0,1,0.0,0.0
236,0.0,0.0,0.0,0.0,0.0,0.0,0.0,0.0,0.0,0.0,0.0,0.0,0.0,0.0,0.0,0.0,0.4298038441860465,0.3046824857142858,0.5547946938775511,53.84104000000001,0.017421198412698482,0.41181292857142854,0.7318638373015874,53.84104000000001,0.0,0.0,0.0,0.0,0.0,0.0,0.0,0.0,0.0,0.0,0.0,1,0.0,0.0
237,0.0,0.0,0.0,0.0,0.0,0.0,0.0,0.0,0.0,0.0,0.0,0.0,0.0,0.0,0.0,0.0,0.42950717674418604,0.3013019600000001,0.5535417857142857,53.86104,0.01714217460317463,0.4209158849206348,0.7231270912698414,53.86104,0.0,0.0,0.0,0.0,0.0,0.0,0.0,0.0,0.0,0.0,0.0,1,0.0,0.0
238,0.0,0.0,0.0,0.0,0.0,0.0,0.0,0.0,0.0,0.0,0.0,0.0,0.0,0.0,0.0,0.0,0.43024266434108527,0.3050226600000001,0.5549370238095238,53.881040000000006,0.01686315079365078,0.4300188412698412,0.7143903452380954,53.88104,0.0,0.0,0.0,0.0,0.0,0.0,0.0,0.0,0.0,0.0,0.0,1,0.0,0.0
239,0.0,0.0,0.0,0.0,0.0,0.0,0.0,0.0,0.0,0.0,0.0,0.0,0.0,0.0,0.0,0.0,0.43097815193798455,0.30874336000000013,0.5563322619047619,53.90104,0.016584126984126927,0.43912179761904746,0.7056535992063494,53.90104,0.0,0.0,0.0,0.0,0.0,0.0,0.0,0.0,0.0,0.0,0.0,1,0.0,0.0
240,0.0,0.0,0.0,0.0,0.0,0.0,0.0,0.0,0.0,0.0,0.0,0.0,0.0,0.0,0.0,0.0,0.4317136395348838,0.3124640600000002,0.5577275000000002,53.921040000000005,0.016305103174603156,0.4482247539682538,0.6969168531746034,53.921040000000005,0.0,0.0,0.0,0.0,0.0,0.0,0.0,0.0,0.0,0.0,0.0,1,0.0,0.0
241,0.0,0.0,0.0,0.0,0.0,0.0,0.0,0.0,0.0,0.0,0.0,0.0,0.0,0.0,0.0,0.0,0.432449127131783,0.31618476000000034,0.5591227380952384,53.94104,0.016026079365079385,0.4573277103174601,0.6881801071428574,53.94104000000001,0.0,0.0,0.0,0.0,0.0,0.0,0.0,0.0,0.0,0.0,0.0,1,0.0,0.0
242,0.0,0.0,0.0,0.0,0.0,0.0,0.0,0.0,0.0,0.0,0.0,0.0,0.0,0.0,0.0,0.0,0.43318461472868225,0.31990546000000036,0.5605179761904763,53.96104,0.015747055555555535,0.4664306666666664,0.6794433611111114,53.961040000000004,0.0,0.0,0.0,0.0,0.0,0.0,0.0,0.0,0.0,0.0,0.0,1,0.0,0.0
243,0.0,0.0,0.0,0.0,0.0,0.0,0.0,0.0,0.0,0.0,0.0,0.0,0.0,0.0,0.0,0.0,0.4339201023255815,0.32362616000000044,0.5619132142857144,53.98104,0.015609737749029604,0.47253380049858024,0.672806203016825,53.98104000000001,0.0,0.0,0.0,0.0,0.0,0.0,0.0,0.0,0.0,0.0,0.0,1,0.0,0.0
244,0.0,0.0,0.0,0.0,0.0,0.0,0.0,0.0,0.0,0.0,0.0,0.0,0.0,0.0,0.0,0.0,0.43358637566486113,0.31999076252839076,0.5613437651647332,54.001039999999996,0.015472419942503516,0.4786369343304938,0.6661690449225389,54.00104,0.0,0.0,0.0,0.0,0.0,0.0,0.0,0.0,0.0,0.0,0.0,1,0.0,0.0
245,0.0,0.0,0.0,0.0,0.0,0.0,0.0,0.0,0.0,0.0,0.0,0.0,0.0,0.0,0.0,0.0,0.4332526490041409,0.31635536505678147,0.560774316043752,54.02104,0.015335102135977587,0.4847400681624074,0.6595318868282529,54.02104,0.0,0.0,0.0,0.0,0.0,0.0,0.0,0.0,0.0,0.0,0.0,1,0.0,0.0
246,0.0,0.0,0.0,0.0,0.0,0.0,0.0,0.0,0.0,0.0,0.0,0.0,0.0,0.0,0.0,0.0,0.4329189223434206,0.31271996758517223,0.5602048669227707,54.041039999999995,0.015197784329451578,0.49084320199432085,0.6528947287339668,54.04104000000001,0.0,0.0,0.0,0.0,0.0,0.0,0.0,0.0,0.0,0.0,0.0,1,0.0,0.0
247,0.0,0.0,0.0,0.0,0.0,0.0,0.0,0.0,0.0,0.0,0.0,0.0,0.0,0.0,0.0,0.0,0.4325851956827004,0.30908457011356294,0.5596354178017896,54.06104,0.015060466522925569,0.49694633582623443,0.6462575706396807,54.061040000000006,0.0,0.0,0.0,0.0,0.0,0.0,0.0,0.0,0.0,0.0,0.0,1,0.0,0.0
248,0.0,0.0,0.0,0.0,0.0,0.0,0.0,0.0,0.0,0.0,0.0,0.0,0.0,0.0,0.0,0.0,0.43225146902198014,0.3054491726419537,0.5590659686808085,54.08104,0.01492314871639964,0.503049469658148,0.6396204125453947,54.08104,0.0,0.0,0.0,0.0,0.0,0.0,0.0,0.0,0.0,0.0,0.0,1,0.0,0.0
249,0.0,0.0,0.0,0.0,0.0,0.0,0.0,0.0,0.0,0.0,0.0,0.0,0.0,0.0,0.0,0.0,0.4319177423612599,0.30181377517034447,0.5584965195598273,54.10104,0.014785830909873631,0.5091526034900616,0.6329832544511086,54.101040000000005,0.0,0.0,0.0,0.0,0.0,0.0,0.0,0.0,0.0,0.0,0.0,1,0.0,0.0
250,0.0,0.0,0.0,0.0,0.0,0.0,0.0,0.0,0.0,0.0,0.0,0.0,0.0,0.0,0.0,0.0,0.43158401570053967,0.29817837769873523,0.5579270704388462,54.12104,0.014648513103347622,0.5152557373219752,0.6263460963568225,54.12104,0.0,0.0,0.0,0.0,0.0,0.0,0.0,0.0,0.0,0.0,0.0,1,0.0,0.0
251,0.0,0.0,0.0,0.0,0.0,0.0,0.0,0.0,0.0,0.0,0.0,0.0,0.0,0.0,0.0,0.0,0.43179151581395353,0.30183773599999997,0.5585646428571428,54.14105,0.014599611111111147,0.4961914033333336,0.6456665055555553,54.14105,0.0,0.0,0.0,0.0,0.0,0.0,0.0,0.0,0.0,0.0,0.0,1,0.0,0.0
252,0.0,0.0,0.0,0.0,0.0,0.0,0.0,0.0,0.0,0.0,0.0,0.0,0.0,0.0,0.0,0.0,0.43199918279069766,0.3054989119999999,0.5592024999999999,54.16104999999999,0.014550777777777866,0.47712401777777835,0.6649902333333328,54.16104999999999,0.0,0.0,0.0,0.0,0.0,0.0,0.0,0.0,0.0,0.0,0.0,1,0.0,0.0
253,0.0,0.0,0.0,0.0,0.0,0.0,0.0,0.0,0.0,0.0,0.0,0.0,0.0,0.0,0.0,0.0,0.4322068497674419,0.30916008799999983,0.5598403571428571,54.18105,0.014501944444444506,0.45805663222222304,0.6843139611111103,54.18105,0.0,0.0,0.0,0.0,0.0,0.0,0.0,0.0,0.0,0.0,0.0,1,0.0,0.0
254,0.0,0.0,0.0,0.0,0.0,0.0,0.0,0.0,0.0,0.0,0.0,0.0,0.0,0.0,0.0,0.0,0.432414516744186,0.3128212639999998,0.5604782142857142,54.201049999999995,0.014453111111111146,0.4389892466666678,0.7036376888888878,54.201049999999995,0.0,0.0,0.0,0.0,0.0,0.0,0.0,0.0,0.0,0.0,0.0,1,0.0,0.0
255,0.0,0.0,0.0,0.0,0.0,0.0,0.0,0.0,0.0,0.0,0.0,0.0,0.0,0.0,0.0,0.0,0.43262218372093025,0.31648243999999975,0.5611160714285713,54.22105,0.014404277777777787,0.4199218611111125,0.7229614166666654,54.22105,0.0,0.0,0.0,0.0,0.0,0.0,0.0,0.0,0.0,0.0,0.0,1,0.0,0.0
256,0.0,0.0,0.0,0.0,0.0,0.0,0.0,0.0,0.0,0.0,0.0,0.0,0.0,0.0,0.0,0.0,0.4325572877906977,0.31425001500000005,0.5602191071428572,54.24105,0.014343249999999981,0.4206848009259259,0.7221069259259261,54.24105,0.0,0.0,0.0,0.0,0.0,0.0,0.0,0.0,0.0,0.0,0.0,1,0.0,0.0
257,0.0,0.0,0.0,0.0,0.0,0.0,0.0,0.0,0.0,0.0,0.0,0.0,0.0,0.0,0.0,0.0,0.4324923918604651,0.3120175900000001,0.5593221428571429,54.26105,0.014282222222222253,0.4214477407407407,0.7212524351851853,54.26105,0.0,0.0,0.0,0.0,0.0,0.0,0.0,0.0,0.0,0.0,0.0,1,0.0,0.0
258,0.0,0.0,0.0,0.0,0.0,0.0,0.0,0.0,0.0,0.0,0.0,0.0,0.0,0.0,0.0,0.0,0.4324274959302326,0.30978516500000014,0.5584251785714286,54.28105,0.014221194444444526,0.4222106805555555,0.7203979444444446,54.28104999999999,0.0,0.0,0.0,0.0,0.0,0.0,0.0,0.0,0.0,0.0,0.0,1,0.0,0.0
259,0.0,0.0,0.0,0.0,0.0,0.0,0.0,0.0,0.0,0.0,0.0,0.0,0.0,0.0,0.0,0.0,0.4323626,0.3075527400000002,0.5575282142857143,54.30105,0.01416016666666672,0.4229736203703703,0.7195434537037039,54.301050000000004,0.0,0.0,0.0,0.0,0.0,0.0,0.0,0.0,0.0,0.0,0.0,1,0.0,0.0
260,0.0,0.0,0.0,0.0,0.0,0.0,0.0,0.0,0.0,0.0,0.0,0.0,0.0,0.0,0.0,0.0,0.4322977040697675,0.30532031500000023,0.55663125,54.32105,0.014099138888888913,0.423736560185185,0.7186889629629631,54.32105,0.0,0.0,0.0,0.0,0.0,0.0,0.0,0.0,0.0,0.0,0.0,1,0.0,0.0
261,0.0,0.0,0.0,0.0,0.0,0.0,0.0,0.0,0.0,0.0,0.0,0.0,0.0,0.0,0.0,0.0,0.43223280813953485,0.3030878900000003,0.5557342857142858,54.341049999999996,0.014038111111111107,0.4244994999999998,0.7178344722222224,54.34105,0.0,0.0,0.0,0.0,0.0,0.0,0.0,0.0,0.0,0.0,0.0,1,0.0,0.0
262,0.0,0.0,0.0,0.0,0.0,0.0,0.0,0.0,0.0,0.0,0.0,0.0,0.0,0.0,0.0,0.0,0.43216791220930234,0.3008554650000004,0.5548373214285717,54.36105,0.014188344649137402,0.4285370560341697,0.7140034892258418,54.36105,0.0,0.0,0.0,0.0,0.0,0.0,0.0,0.0,0.0,0.0,0.0,1,0.0,0.0
263,0.0,0.0,0.0,0.0,0.0,0.0,0.0,0.0,0.0,0.0,0.0,0.0,0.0,0.0,0.0,0.0,0.4321030162790698,0.2986230400000004,0.5539403571428573,54.381049999999995,0.014338578187163777,0.4325746120683394,0.7101725062294612,54.38105,0.0,0.0,0.0,0.0,0.0,0.0,0.0,0.0,0.0,0.0,0.0,1,0.0,0.0
264,0.0,0.0,0.0,0.0,0.0,0.0,0.0,0.0,0.0,0.0,0.0,0.0,0.0,0.0,0.0,0.0,0.4321793621868167,0.30038266354048415,0.5543624455688277,54.401050000000005,0.014488811725190074,0.43661216810250914,0.7063415232330805,54.401050000000005,0.0,0.0,0.0,0.0,0.0,0.0,0.0,0.0,0.0,0.0,0.0,1,0.0,0.0
265,0.0,0.0,0.0,0.0,0.0,0.0,0.0,0.0,0.0,0.0,0.0,0.0,0.0,0.0,0.0,0.0,0.43225570809456354,0.30214228708096824,0.5547845339947984,54.42105000000001,0.01463904526321637,0.44064972413667886,0.7025105402367,54.42105000000001,0.0,0.0,0.0,0.0,0.0,0.0,0.0,0.0,0.0,0.0,0.0,1,0.0,0.0
266,0.0,0.0,0.0,0.0,0.0,0.0,0.0,0.0,0.0,0.0,0.0,0.0,0.0,0.0,0.0,0.0,0.4323320540023105,0.30390191062145244,0.5552066224207692,54.441050000000004,0.014789278801242745,0.44468728017084863,0.6986795572403194,54.441050000000004,0.0,0.0,0.0,0.0,0.0,0.0,0.0,0.0,0.0,0.0,0.0,1,0.0,0.0
267,0.0,0.0,0.0,0.0,0.0,0.0,0.0,0.0,0.0,0.0,0.0,0.0,0.0,0.0,0.0,0.0,0.43240839991005736,0.3056615341619366,0.5556287108467399,54.46105,0.01493951233926904,0.44872483620501835,0.6948485742439388,54.46105,0.0,0.0,0.0,0.0,0.0,0.0,0.0,0.0,0.0,0.0,0.0,1,0.0,0.0
268,0.0,0.0,0.0,0.0,0.0,0.0,0.0,0.0,0.0,0.0,0.0,0.0,0.0,0.0,0.0,0.0,0.4324847458178043,0.30742115770242073,0.5560507992727105,54.481049999999996,0.015089745877295337,0.45276239223918807,0.6910175912475582,54.48105,0.0,0.0,0.0,0.0,0.0,0.0,0.0,0.0,0.0,0.0,0.0,1,0.0,0.0
269,0.0,0.0,0.0,0.0,0.0,0.0,0.0,0.0,0.0,0.0,0.0,0.0,0.0,0.0,0.0,0.0,0.43256109172555113,0.3091807812429048,0.5564728876986812,54.501050000000006,0.015239979415321632,0.4567999482733578,0.6871866082511777,54.50105,0.0,0.0,0.0,0.0,0.0,0.0,0.0,0.0,0.0,0.0,0.0,1,0.0,0.0
270,0.0,0.0,0.0,0.0,0.0,0.0,0.0,0.0,0.0,0.0,0.0,0.0,0.0,0.0,0.0,0.0,0.4326374376332981,0.310940404783389,0.5568949761246519,54.52105,0.015390212953347929,0.4608375043075275,0.6833556252547971,54.52105,0.0,0.0,0.0,0.0,0.0,0.0,0.0,0.0,0.0,0.0,0.0,1,0.0,0.0
271,0.0,0.0,0.0,0.0,0.0,0.0,0.0,0.0,0.0,0.0,0.0,0.0,0.0,0.0,0.0,0.0,0.43271378354104495,0.3127000283238731,0.5573170645506226,54.54105,0.015540446491374224,0.4648750603416972,0.6795246422584166,54.541050000000006,0.0,0.0,0.0,0.0,0.0,0.0,0.0,0.0,0.0,0.0,0.0,1,0.0,0.0
272,0.0,0.0,0.0,0.0,0.0,0.0,0.0,0.0,0.0,0.0,0.0,0.0,0.0,0.0,0.0,0.0,0.43279012944879186,0.31445965186435726,0.5577391529765932,54.56105,0.0156906800294006,0.4689126163758669,0.675693659262036,54.56105,0.0,0.0,0.0,0.0,0.0,0.0,0.0,0.0,0.0,0.0,0.0,1,0.0,0.0
273,0.0,0.0,0.0,0.0,0.0,0.0,0.0,0.0,0.0,0.0,0.0,0.0,0.0,0.0,0.0,0.0,0.4328664753565388,0.31621927540484146,0.5581612414025638,54.58105,0.015840913567426895,0.4729501724100366,0.6718626762656553,54.581050000000005,0.0,0.0,0.0,0.0,0.0,0.0,0.0,0.0,0.0,0.0,0.0,1,0.0,0.0
274,0.0,0.0,0.0,0.0,0.0,0.0,0.0,0.0,0.0,0.0,0.0,0.0,0.0,0.0,0.0,0.0,0.4329428212642857,0.3179788989453256,0.5585833298285345,54.60105,0.015991147105453272,0.47698772844420634,0.6680316932692748,54.60105,0.0,0.0,0.0,0.0,0.0,0.0,0.0,0.0,0.0,0.0,0.0,1,0.0,0.0
275,0.0,0.0,0.0,0.0,0.0,0.0,0.0,0.0,0.0,0.0,0.0,0.0,0.0,0.0,0.0,0.0,0.4330191671720326,0.3197385224858097,0.5590054182545053,54.621050000000004,0.022155632627036206,0.4699375730292115,0.6773540709125297,54.62106,0.0,0.0,0.0,0.0,0.0,0.0,0.0,0.0,0.0,0.0,0.0,1,0.0,0.0
276,0.0,0.0,0.0,0.0,0.0,0.0,0.0,0.0,0.0,0.0,0.0,0.0,0.0,0.0,0.0,0.0,0.43309551307977945,0.3214981460262939,0.5594275066804759,54.64105000000001,0.02832004303185016,0.4628853988362007,0.6866783640472817,54.64106,0.0,0.0,0.0,0.0,0.0,0.0,0.0,0.0,0.0,0.0,0.0,1,0.0,0.0
277,0.0,0.0,0.0,0.0,0.0,0.0,0.0,0.0,0.0,0.0,0.0,0.0,0.0,0.0,0.0,0.0,0.4331718589875264,0.323257769566778,0.5598495951064465,54.66105,0.03448445343666427,0.4558332246431899,0.6960026571820337,54.66105999999999,0.0,0.0,0.0,0.0,0.0,0.0,0.0,0.0,0.0,0.0,0.0,1,0.0,0.0
278,0.0,0.0,0.0,0.0,0.0,0.0,0.0,0.0,0.0,0.0,0.0,0.0,0.0,0.0,0.0,0.0,0.43324820489527327,0.32501739310726224,0.5602716835324172,54.68105,0.040648863841478304,0.44878105045017924,0.7053269503167856,54.681059999999995,0.0,0.0,0.0,0.0,0.0,0.0,0.0,0.0,0.0,0.0,0.0,1,0.0,0.0
279,0.0,0.0,0.0,0.0,0.0,0.0,0.0,0.0,0.0,0.0,0.0,0.0,0.0,0.0,0.0,0.0,0.4333245508030202,0.32677701664774633,0.5606937719583879,54.70105,0.04681327424629226,0.44172887625716845,0.7146512434515375,54.70106,0.0,0.0,0.0,0.0,0.0,0.0,0.0,0.0,0.0,0.0,0.0,1,0.0,0.0
280,0.0,0.0,0.0,0.0,0.0,0.0,0.0,0.0,0.0,0.0,0.0,0.0,0.0,0.0,0.0,0.0,0.43340089671076704,0.3285366401882305,0.5611158603843586,54.721050000000005,0.052977684651106374,0.43467670206415776,0.7239755365862895,54.721059999999994,0.0,0.0,0.0,0.0,0.0,0.0,0.0,0.0,0.0,0.0,0.0,1,0.0,0.0
281,0.0,0.0,0.0,0.0,0.0,0.0,0.0,0.0,0.0,0.0,0.0,0.0,0.0,0.0,0.0,0.0,0.44224641721311253,0.3448163985046729,0.5619440066178774,54.74105999999999,0.05914209505592033,0.42762452787114696,0.7332998297210416,54.74105999999999,0.0,0.0,0.0,0.0,0.0,0.0,0.0,0.0,0.0,0.0,0.0,1,0.0,0.0
282,0.0,0.0,0.0,0.0,0.0,0.0,0.0,0.0,0.0,0.0,0.0,0.0,0.0,0.0,0.0,0.0,0.45109189954250406,0.3610952770093457,0.5627719418071833,54.76105999999999,0.06530650546073437,0.42057235367813617,0.7426241228557935,54.76106,0.0,0.0,0.0,0.0,0.0,0.0,0.0,0.0,0.0,0.0,0.0,1,0.0,0.0
283,0.0,0.0,0.0,0.0,0.0,0.0,0.0,0.0,0.0,0.0,0.0,0.0,0.0,0.0,0.0,0.0,0.4599373818718957,0.37737415551401854,0.5635998769964891,54.78106,0.07147091586554839,0.4135201794851255,0.7519484159905455,54.78106,0.0,0.0,0.0,0.0,0.0,0.0,0.0,0.0,0.0,0.0,0.0,1,0.0,0.0
284,0.0,0.0,0.0,0.0,0.0,0.0,0.0,0.0,0.0,0.0,0.0,0.0,0.0,0.0,0.0,0.0,0.4687828642012873,0.39365303401869134,0.564427812185795,54.80105999999999,0.07763532627036243,0.40646800529211474,0.7612727091252975,54.80105999999999,0.0,0.0,0.0,0.0,0.0,0.0,0.0,0.0,0.0,0.0,0.0,1,0.0,0.0
285,0.0,0.0,0.0,0.0,0.0,0.0,0.0,0.0,0.0,0.0,0.0,0.0,0.0,0.0,0.0,0.0,0.4776283465306788,0.40993191252336414,0.565255747375101,54.821059999999996,0.08379973667517639,0.39941583109910395,0.7705970022600493,54.821059999999996,0.0,0.0,0.0,0.0,0.0,0.0,0.0,0.0,0.0,0.0,0.0,1,0.0,0.0
286,0.0,0.0,0.0,0.0,0.0,0.0,0.0,0.0,0.0,0.0,0.0,0.0,0.0,0.0,0.0,0.0,0.48647382886007046,0.426210791028037,0.5660836825644068,54.84106,0.0899641470799905,0.3923636569060932,0.7799212953948013,54.84106,0.0,0.0,0.0,0.0,0.0,0.0,0.0,0.0,0.0,0.0,0.0,1,0.0,0.0
287,0.0,0.0,0.0,0.0,0.0,0.0,0.0,0.0,0.0,0.0,0.0,0.0,0.0,0.0,0.0,0.0,0.49531931118946204,0.4424896695327098,0.5669116177537127,54.861059999999995,0.09612855748480445,0.38531148271308246,0.7892455885295533,54.861059999999995,0.0,0.0,0.0,0.0,0.0,0.0,0.0,0.0,0.0,0.0,0.0,1,0.0,0.0
288,0.0,0.0,0.0,0.0,0.0,0.0,0.0,0.0,0.0,0.0,0.0,0.0,0.0,0.0,0.0,0.0,0.5041647935188537,0.4587685480373826,0.5677395529430186,54.88106,0.10229296788961849,0.3782593085200718,0.7985698816643053,54.881060000000005,0.0,0.0,0.0,0.0,0.0,0.0,0.0,0.0,0.0,0.0,0.0,1,0.0,0.0
289,0.0,0.0,0.0,0.0,0.0,0.0,0.0,0.0,0.0,0.0,0.0,0.0,0.0,0.0,0.0,0.0,0.5130102758482452,0.47504742654205545,0.5685674881323245,54.901059999999994,0.10845737829443244,0.371207134327061,0.8078941747990572,54.90106,0.0,0.0,0.0,0.0,0.0,0.0,0.0,0.0,0.0,0.0,0.0,1,0.0,0.0
290,0.0,0.0,0.0,0.0,0.0,0.0,0.0,0.0,0.0,0.0,0.0,0.0,0.0,0.0,0.0,0.0,0.5218557581776367,0.4913263050467283,0.5693954233216303,54.92106,0.11462178869924655,0.3641549601340502,0.8172184679338093,54.92106,0.0,0.0,0.0,0.0,0.0,0.0,0.0,0.0,0.0,0.0,0.0,1,0.0,0.0
291,0.0,0.0,0.0,0.0,0.0,0.0,0.0,0.0,0.0,0.0,0.0,0.0,0.0,0.0,0.0,0.0,0.5307012405070284,0.507605183551401,0.5702233585109362,54.94105999999999,0.12078619910406051,0.3571027859410395,0.8265427610685612,54.94105999999999,0.0,0.0,0.0,0.0,0.0,0.0,0.0,0.0,0.0,0.0,0.0,1,0.0,0.0
292,0.0,0.0,0.0,0.0,0.0,0.0,0.0,0.0,0.0,0.0,0.0,0.0,0.0,0.0,0.0,0.0,0.53954672283642,0.523884062056074,0.5710512937002422,54.961059999999996,0.12695060950887455,0.35005061174802876,0.8358670542033132,54.96106,0.0,0.0,0.0,0.0,0.0,0.0,0.0,0.0,0.0,0.0,0.0,1,0.0,0.0
293,0.0,0.0,0.0,0.0,0.0,0.0,0.0,0.0,0.0,0.0,0.0,0.0,0.0,0.0,0.0,0.0,0.5483922051658116,0.5401629405607468,0.5718792288895481,54.98105999999999,0.13311501991368857,0.342998437555018,0.8451913473380652,54.98106,0.0,0.0,0.0,0.0,0.0,0.0,0.0,0.0,0.0,0.0,0.0,1,0.0,0.0
294,0.0,0.0,0.0,0.0,0.0,0.0,0.0,0.0,0.0,0.0,0.0,0.0,0.0,0.0,0.0,0.0,0.5767129166666665,0.573099303333333,0.5664314583333333,55.00107,0.1392794303185026,0.3359462633620073,0.8545156404728171,55.001059999999995,0.0,0.0,0.0,0.0,0.0,0.0,0.0,0.0,0.0,0.0,0.0,1,0.0,0.0
295,0.0,0.0,0.0,0.0,0.0,0.0,0.0,0.0,0.0,0.0,0.0,0.0,0.0,0.0,0.0,0.0,0.6050292054263561,0.6060275266666661,0.5609832738095238,55.021069999999995,0.1454438407233166,0.32889408916899654,0.863839933607569,55.02105999999999,0.0,0.0,0.0,0.0,0.0,0.0,0.0,0.0,0.0,0.0,0.0,1,0.0,0.0
296,0.0,0.0,0.0,0.0,0.0,0.0,0.0,0.0,0.0,0.0,0.0,0.0,0.0,0.0,0.0,0.0,0.6333454941860458,0.6389557499999993,0.5555350892857145,55.04106999999999,0.1516082511281306,0.32184191497598574,0.873164226742321,55.04106,0.0,0.0,0.0,0.0,0.0,0.0,0.0,0.0,0.0,0.0,0.0,1,0.0,0.0
297,0.0,0.0,0.0,0.0,0.0,0.0,0.0,0.0,0.0,0.0,0.0,0.0,0.0,0.0,0.0,0.0,0.6616617829457355,0.6718839733333323,0.5500869047619049,55.06107,0.1592203827160494,0.32472060493827165,0.8759425925925927,55.06107,0.0,0.0,0.0,0.0,0.0,0.0,0.0,0.0,0.0,0.0,0.0,1,0.0,0.0
298,0.0,0.0,0.0,0.0,0.0,0.0,0.0,0.0,0.0,0.0,0.0,0.0,0.0,0.0,0.0,0.0,0.6899780717054252,0.7048121966666653,0.5446387202380955,55.08107,0.16682943209876547,0.3276028209876543,0.8787162962962962,55.081070000000004,0.0,0.0,0.0,0.0,0.0,0.0,0.0,0.0,0.0,0.0,0.0,1,0.0,0.0
299,0.0,0.0,0.0,0.0,0.0,0.0,0.0,0.0,0.0,0.0,0.0,0.0,0.0,0.0,0.0,0.0,0.718294360465115,0.7377404199999984,0.539190535714286,55.10106999999999,0.17443848148148156,0.330485037037037,0.8814900000000001,55.10106999999999,0.0,0.0,0.0,0.0,0.0,0.0,0.0,0.0,0.0,0.0,0.0,1,0.0,0.0
300,0.0,0.0,0.0,0.0,0.0,0.0,0.0,0.0,0.0,0.0,0.0,0.0,0.0,0.0,0.0,0.0,0.7466106492248046,0.7706686433333314,0.5337423511904765,55.121069999999996,0.1820475308641976,0.33336725308641973,0.8842637037037037,55.12107,0.0,0.0,0.0,0.0,0.0,0.0,0.0,0.0,0.0,0.0,0.0,1,0.0,0.0
301,0.0,0.0,0.0,0.0,0.0,0.0,0.0,0.0,0.0,0.0,0.0,0.0,0.0,0.0,0.0,0.0,0.7749269379844943,0.8035968666666645,0.5282941666666671,55.14107,0.18965658024691368,0.33624946913580245,0.8870374074074076,55.14107,0.0,0.0,0.0,0.0,0.0,0.0,0.0,0.0,0.0,0.0,0.0,1,0.0,0.0
302,0.0,0.0,0.0,0.0,0.0,0.0,0.0,0.0,0.0,0.0,0.0,0.0,0.0,0.0,0.0,0.0,0.8032432267441839,0.8365250899999975,0.5228459821428576,55.161069999999995,0.19726562962962974,0.3391316851851852,0.8898111111111111,55.161069999999995,0.0,0.0,0.0,0.0,0.0,0.0,0.0,0.0,0.0,0.0,0.0,1,0.0,0.0
303,0.0,0.0,0.0,0.0,0.0,0.0,0.0,0.0,0.0,0.0,0.0,0.0,0.0,0.0,0.0,0.0,0.8315595155038736,0.8694533133333305,0.5173977976190481,55.18107,0.20487467901234574,0.34201390123456793,0.8925848148148148,55.18106999999999,0.0,0.0,0.0,0.0,0.0,0.0,0.0,0.0,0.0,0.0,0.0,1,0.0,0.0
304,0.0,0.0,0.0,0.0,0.0,0.0,0.0,0.0,0.0,0.0,0.0,0.0,0.0,0.0,0.0,0.0,0.8598758042635632,0.9023815366666637,0.5119496130952387,55.20107,0.2124837283950618,0.34489611728395064,0.8953585185185186,55.201069999999994,0.0,0.0,0.0,0.0,0.0,0.0,0.0,0.0,0.0,0.0,0.0,1,0.0,0.0
305,0.0,0.0,0.0,0.0,0.0,0.0,0.0,0.0,0.0,0.0,0.0,0.0,0.0,0.0,0.0,0.0,0.888192093023253,0.9353097599999967,0.5065014285714291,55.22106999999999,0.22009277777777791,0.3477783333333334,0.8981322222222222,55.22107,0.0,0.0,0.0,0.0,0.0,0.0,0.0,0.0,0.0,0.0,0.0,1,0.0,0.0
