,0,1,2,3,4,5,6,7,8
0,0.78072705,0.3705403666666667,0.0,0.6813965,0.9952391666666668,0.9528808333333334,0.0,0.0,1.0
1,0.78240135,0.3511927066666667,0.0,0.6820068333333333,0.9907227777777778,0.9522705555555556,0.0,0.0,1.0
2,0.7840757,0.33184505200000003,0.0,0.6828613333333333,0.9840088888888889,0.9518433333333333,0.0,0.0,1.0
3,0.7863081000000001,0.3124973933333333,0.0,0.6845703333333333,0.9746702777777778,0.9514769444444444,0.0,0.0,1.0
4,0.78965675,0.29240560000000004,0.0,0.6870117222222222,0.9630736111111111,0.9511108333333333,0.0,0.0,1.0
5,0.7935635,0.2723138,0.0,0.6899413888888889,0.9501341666666667,0.9506225,0.0,0.0,1.0
6,0.79802835,0.252222,0.0,0.6931152222222222,0.9369505555555555,0.950256388888889,0.0,0.0,1.0
7,0.80081885,0.23361846666666666,0.0,0.6960449444444445,0.9243163888888889,0.9500733333333332,0.0,0.0,1.0
8,0.80360935,0.2165032666666667,0.0,0.6986083888888889,0.912963888888889,0.9500733333333332,0.0,0.0,1.0
9,0.8058417999999999,0.20087626666666664,0.0,0.7004394444444444,0.9033202777777777,0.9500733333333332,0.0,0.0,1.0
10,0.8080742000000001,0.18227279999999998,0.0,0.7015381111111111,0.8935547222222223,0.9501341666666667,0.0,0.0,1.0
11,0.81030665,0.17408726666666666,0.0,0.7016601666666668,0.8900755555555555,0.9500733333333332,0.0,0.0,1.0
12,0.81253905,0.16292513333333333,0.0,0.7010497777777778,0.8864747222222222,0.9503174999999999,0.0,0.0,1.0
13,0.81421335,0.15250713333333332,0.0,0.6995849444444444,0.8845825,0.9507447222222223,0.0,0.0,1.0
14,0.8153296000000001,0.1420892,0.0,0.697876,0.8840333333333333,0.9512327777777778,0.0,0.0,1.0
15,0.8164458,0.1316712,0.0,0.6956787222222223,0.8842163888888889,0.9516602777777778,0.0,0.0,1.0
16,0.817562,0.12125326666666668,0.0,0.6933593888888888,0.8847655555555556,0.9518433333333333,0.0,0.0,1.0
17,0.8181201,0.11157946666666667,0.0,0.6905517777777778,0.8851927777777777,0.9517822222222223,0.0,0.0,1.0
18,0.81923635,0.104138,0.0,0.6875,0.8852538888888889,0.9515380555555555,0.0,0.0,1.0
19,0.8197944500000001,0.0966966,0.0,0.6845703333333333,0.8848266666666667,0.9511108333333333,0.0,0.0,1.0
20,0.82035255,0.08925519999999999,0.0,0.6818847777777778,0.8842163888888889,0.9506836111111111,0.0,0.0,1.0
21,0.82035255,0.08181379999999999,0.0,0.6793212777777777,0.8837891666666665,0.9506225,0.0,0.0,1.0
22,0.81923635,0.0773489333333333,0.0,0.6766357222222222,0.8837891666666665,0.9508666666666667,0.0,0.0,1.0
23,0.8186782000000001,0.07362826666666665,0.0,0.6734618888888889,0.8840941666666667,0.9511719444444444,0.0,0.0,1.0
24,0.81923635,0.0699075333333333,0.0,0.6700439444444445,0.8847655555555556,0.951355,0.0,0.0,1.0
25,0.82146875,0.06395440000000002,0.0,0.6650390555555555,0.8861083333333334,0.9516602777777778,0.0,0.0,1.0
26,0.82202685,0.06097786666666665,0.0,0.663208,0.8866577777777778,0.9519041666666667,0.0,0.0,1.0
27,0.8237011500000001,0.058001266666666676,0.0,0.660400388888889,0.8875122222222223,0.9522705555555556,0.0,0.0,1.0
28,0.8253755,0.056512999999999994,0.0,0.6574707222222222,0.8881836111111111,0.9526977777777778,0.0,0.0,1.0
29,0.8276079,0.053536466666666685,0.0,0.6546631111111111,0.8886719444444444,0.9528808333333334,0.0,0.0,1.0
30,0.8298403500000001,0.049815733333333334,0.0,0.652099611111111,0.8889161111111112,0.9528808333333334,0.0,0.0,1.0
31,0.8315146499999999,0.046095066666666656,0.0,0.6499023333333334,0.8889161111111112,0.9526977777777778,0.0,0.0,1.0
32,0.8326308499999999,0.04311846666666662,0.0,0.6479492222222222,0.8886719444444444,0.952453611111111,0.0,0.0,1.0
33,0.8331889499999999,0.04163019999999999,0.0,0.6464843888888888,0.8883055555555555,0.9522094444444443,0.0,0.0,1.0
34,0.8331889499999999,0.04163019999999999,0.0,0.645629888888889,0.8880005555555556,0.952026388888889,0.0,0.0,1.0
35,0.8337471000000001,0.040886066666666686,0.0,0.6452636666666667,0.8876952777777777,0.9518433333333333,0.0,0.0,1.0
36,0.8337471000000001,0.04014193333333331,0.0,0.6452636666666667,0.8875122222222223,0.9516602777777778,0.0,0.0,1.0
37,0.8343051499999999,0.039397800000000004,0.0,0.6452636666666667,0.8873291666666666,0.9514769444444444,0.0,0.0,1.0
38,0.8343051499999999,0.039397800000000004,0.0,0.6453857222222222,0.8872069444444445,0.9512938888888889,0.0,0.0,1.0
39,0.8343051499999999,0.039397800000000004,0.0,0.6453857222222222,0.8870238888888888,0.9511108333333333,0.0,0.0,1.0
40,0.8354213999999999,0.04014193333333331,0.0,0.6452636666666667,0.8868408333333333,0.9508666666666667,0.0,0.0,1.0
41,0.8354213999999999,0.04014193333333331,0.0,0.6452636666666667,0.8868408333333333,0.9508055555555555,0.0,0.0,1.0
42,0.8365376000000001,0.04014193333333331,0.0,0.6451416111111111,0.8867188888888888,0.9506836111111111,0.0,0.0,1.0
43,0.8370957000000001,0.04014193333333331,0.0,0.6451416111111111,0.8867188888888888,0.9506225,0.0,0.0,1.0
44,0.8382118999999999,0.04014193333333331,0.0,0.6451416111111111,0.8866577777777778,0.9505613888888889,0.0,0.0,1.0
45,0.8393281,0.04014193333333331,0.0,0.6451416111111111,0.8865966666666667,0.9505005555555556,0.0,0.0,1.0
46,0.84044435,0.04014193333333331,0.0,0.6452636666666667,0.8865355555555556,0.9503174999999999,0.0,0.0,1.0
47,0.84156055,0.04014193333333331,0.0,0.6455078333333334,0.8863525,0.9500733333333332,0.0,0.0,1.0
48,0.8426767500000001,0.04014193333333331,0.0,0.6457519444444444,0.8861694444444445,0.9498291666666666,0.0,0.0,1.0
49,0.84323485,0.040886066666666686,0.0,0.645874,0.8859863888888889,0.949585,0.0,0.0,1.0
50,0.8443511000000001,0.04163019999999999,0.0,0.6461181666666667,0.885681111111111,0.9492797222222222,0.0,0.0,1.0
51,0.8460253999999999,0.04237433333333337,0.0,0.6462402222222222,0.8850708333333333,0.9487913888888888,0.0,0.0,1.0
52,0.8471416000000002,0.04311846666666662,0.0,0.6462402222222222,0.8845825,0.9484863888888889,0.0,0.0,1.0
53,0.8476997000000001,0.04386259999999999,0.0,0.6461181666666667,0.8840941666666667,0.9483033333333333,0.0,0.0,1.0
54,0.8482578000000001,0.04311846666666662,0.0,0.6461181666666667,0.8836058333333333,0.9480591666666666,0.0,0.0,1.0
55,0.8482578000000001,0.04311846666666662,0.0,0.6459961111111111,0.8831177777777779,0.9478761111111111,0.0,0.0,1.0
56,0.8488159,0.04163019999999999,0.0,0.6459961111111111,0.8826905555555555,0.9475708333333333,0.0,0.0,1.0
57,0.8488159,0.040886066666666686,0.0,0.6461181666666667,0.8822022222222222,0.9473266666666667,0.0,0.0,1.0
58,0.8488159,0.040886066666666686,0.0,0.6461181666666667,0.8816527777777777,0.9469605555555556,0.0,0.0,1.0
59,0.8482578000000001,0.040886066666666686,0.0,0.6462402222222222,0.8809202777777778,0.9464722222222223,0.0,0.0,1.0
60,0.8476997000000001,0.04237433333333337,0.0,0.6464843888888888,0.879943888888889,0.9458619444444445,0.0,0.0,1.0
61,0.8460253999999999,0.04311846666666662,0.0,0.6469726666666666,0.8787230555555556,0.9450683333333334,0.0,0.0,1.0
62,0.8443511000000001,0.04386259999999999,0.0,0.6473388888888889,0.8776855555555556,0.9445191666666667,0.0,0.0,1.0
63,0.8426767500000001,0.044606799999999974,0.0,0.647583,0.8770141666666667,0.9441527777777777,0.0,0.0,1.0
64,0.84211865,0.044606799999999974,0.0,0.647583,0.8770141666666667,0.9440916666666667,0.0,0.0,1.0
65,0.84211865,0.04386259999999999,0.0,0.647583,0.8771972222222222,0.9440916666666667,0.0,0.0,1.0
66,0.84211865,0.04386259999999999,0.0,0.6473388888888889,0.8774413888888889,0.944213888888889,0.0,0.0,1.0
67,0.84211865,0.04386259999999999,0.0,0.6472167777777778,0.8776244444444444,0.9442749999999999,0.0,0.0,1.0
68,0.84211865,0.04386259999999999,0.0,0.6470947222222222,0.8779297222222223,0.9444580555555556,0.0,0.0,1.0
69,0.84211865,0.04386259999999999,0.0,0.6467285,0.8784788888888888,0.9447022222222222,0.0,0.0,1.0
70,0.84156055,0.04386259999999999,0.0,0.6462402222222222,0.8792725,0.9450072222222221,0.0,0.0,1.0
71,0.8410024500000001,0.04386259999999999,0.0,0.645874,0.879943888888889,0.9451905555555555,0.0,0.0,1.0
72,0.84044435,0.044606799999999974,0.0,0.6457519444444444,0.8803711111111111,0.9452513888888889,0.0,0.0,1.0
73,0.83988625,0.04535093333333335,0.0,0.645629888888889,0.8806152777777778,0.9453125,0.0,0.0,1.0
74,0.83988625,0.046095066666666656,0.0,0.6455078333333334,0.8809202777777778,0.9453736111111111,0.0,0.0,1.0
75,0.8393281,0.04683919999999997,0.0,0.6452636666666667,0.8812255555555555,0.9454955555555555,0.0,0.0,1.0
76,0.8393281,0.048327466666666714,0.0,0.6450195555555556,0.8816527777777777,0.9456177777777779,0.0,0.0,1.0
77,0.8393281,0.049815733333333334,0.0,0.644775388888889,0.8822630555555555,0.9458008333333333,0.0,0.0,1.0
78,0.8393281,0.051304000000000016,0.0,0.6441650555555556,0.883483888888889,0.9462280555555557,0.0,0.0,1.0
79,0.83988625,0.0520482,0.0,0.6437988333333333,0.8842772222222222,0.9464722222222223,0.0,0.0,1.0
80,0.84044435,0.052792333333333316,0.0,0.6430663888888889,0.8854369444444444,0.9467772222222222,0.0,0.0,1.0
81,0.84211865,0.053536466666666685,0.0,0.6420898333333334,0.8865355555555556,0.9468994444444445,0.0,0.0,1.0
82,0.84323485,0.05502473333333331,0.0,0.6409912222222223,0.8876341666666667,0.9469605555555556,0.0,0.0,1.0
83,0.8443511000000001,0.05576886666666668,0.0,0.6396484444444445,0.8886719444444444,0.9470825,0.0,0.0,1.0
84,0.8449092,0.056512999999999994,0.0,0.6383056666666667,0.8897094444444443,0.9472655555555556,0.0,0.0,1.0
85,0.8454672999999999,0.057257200000000036,0.0,0.6372070555555556,0.890625,0.9474486111111111,0.0,0.0,1.0
86,0.8454672999999999,0.057257200000000036,0.0,0.6362304444444444,0.8914183333333333,0.9476319444444445,0.0,0.0,1.0
87,0.8454672999999999,0.056512999999999994,0.0,0.635620111111111,0.8922119444444445,0.9478761111111111,0.0,0.0,1.0
88,0.8449092,0.05576886666666668,0.0,0.6351318333333333,0.8928833333333333,0.9479980555555556,0.0,0.0,1.0
89,0.8443511000000001,0.05502473333333331,0.0,0.6346435555555555,0.8934325000000001,0.9481200000000001,0.0,0.0,1.0
90,0.8443511000000001,0.05502473333333331,0.0,0.6342773333333334,0.89386,0.948181111111111,0.0,0.0,1.0
91,0.8443511000000001,0.0542806,0.0,0.6339111111111111,0.8943480555555556,0.948181111111111,0.0,0.0,1.0
92,0.8443511000000001,0.053536466666666685,0.0,0.633667,0.8948363888888888,0.9482422222222223,0.0,0.0,1.0
93,0.8437929499999999,0.052792333333333316,0.0,0.6334228333333333,0.8953247222222223,0.9483641666666668,0.0,0.0,1.0
94,0.84323485,0.0520482,0.0,0.6330566666666666,0.8958130555555556,0.9484863888888889,0.0,0.0,1.0
95,0.84211865,0.0520482,0.0,0.6325683333333334,0.8963622222222223,0.9486083333333334,0.0,0.0,1.0
96,0.8410024500000001,0.0520482,0.0,0.6322021666666667,0.8970947222222223,0.9486694444444445,0.0,0.0,1.0
97,0.83988625,0.052792333333333316,0.0,0.6315917777777778,0.8981933333333334,0.9488525,0.0,0.0,1.0
98,0.8376538,0.053536466666666685,0.0,0.6303711111111111,0.9000244444444445,0.9491577777777778,0.0,0.0,1.0
99,0.8337471000000001,0.05576886666666668,0.0,0.6282958888888889,0.9024658333333333,0.9496461111111112,0.0,0.0,1.0
100,0.82928225,0.057257200000000036,0.0,0.6257324444444444,0.9053344444444443,0.950256388888889,0.0,0.0,1.0
101,0.8237011500000001,0.057257200000000036,0.0,0.6224365,0.90979,0.9511108333333333,0.0,0.0,1.0
102,0.8209106500000001,0.057257200000000036,0.0,0.6206054444444444,0.9129027777777777,0.9515991666666667,0.0,0.0,1.0
103,0.8170038999999999,0.05576886666666668,0.0,0.618042,0.9185791666666666,0.952453611111111,0.0,0.0,1.0
104,0.8136553,0.0542806,0.0,0.6154785,0.9252319444444443,0.9533080555555555,0.0,0.0,1.0
105,0.81086475,0.0520482,0.0,0.6131591666666667,0.9328613888888889,0.9541016666666665,0.0,0.0,1.0
106,0.8075161,0.049815733333333334,0.0,0.6113281111111112,0.940735,0.954895,0.0,0.0,1.0
107,0.8047256,0.04683919999999997,0.0,0.6098632777777778,0.9484863888888889,0.9555663888888889,0.0,0.0,1.0
108,0.80193505,0.04535093333333335,0.0,0.6087646666666667,0.955993611111111,0.9561158333333333,0.0,0.0,1.0
109,0.7997026500000001,0.044606799999999974,0.0,0.6081542777777778,0.9633788888888889,0.9565430555555555,0.0,0.0,1.0
110,0.79802835,0.04386259999999999,0.0,0.6077881111111111,0.9708861111111111,0.9568480555555556,0.0,0.0,1.0
111,0.7969120999999999,0.04386259999999999,0.0,0.607666,0.9788208333333333,0.9570313888888888,0.0,0.0,1.0
112,0.7952378,0.044606799999999974,0.0,0.6072997777777778,0.9873658333333333,0.9571533333333333,0.0,0.0,1.0
113,0.7946797,0.046095066666666656,0.0,0.6066894444444444,0.9968261111111111,0.9570922222222222,0.0,0.0,1.0
114,0.7946797,0.049071599999999965,0.0,0.6059570555555556,0.0076294444444444465,0.9568480555555556,0.0,0.0,1.0
115,0.7952378,0.0520482,0.0,0.6054687777777777,0.01995861111111113,0.9564208333333334,0.0,0.0,1.0
116,0.796354,0.05576886666666668,0.0,0.6058349444444444,0.0375366666666667,0.9555052777777777,0.0,0.0,1.0
117,0.7974702,0.05576886666666668,0.0,0.6069336111111111,0.045776388888888894,0.9550172222222222,0.0,0.0,1.0
118,0.7985863999999999,0.057257200000000036,0.0,0.6087646666666667,0.05572500000000002,0.9542847222222223,0.0,0.0,1.0
119,0.7997026500000001,0.05948960000000003,0.0,0.6102295,0.061828611111111084,0.9536744444444445,0.0,0.0,1.0
120,0.8013769500000001,0.06172200000000003,0.0,0.6112060555555555,0.06384277777777775,0.953125,0.0,0.0,1.0
121,0.8030512999999999,0.06321026666666665,0.0,0.6118163888888889,0.06225583333333336,0.9525755555555555,0.0,0.0,1.0
122,0.8041674999999999,0.06321026666666665,0.0,0.6125488333333333,0.05780027777777777,0.952026388888889,0.0,0.0,1.0
123,0.8041674999999999,0.06321026666666665,0.0,0.613037111111111,0.053222777777777786,0.9516602777777778,0.0,0.0,1.0
124,0.8041674999999999,0.06246613333333333,0.0,0.6132812777777777,0.04992666666666668,0.9514769444444444,0.0,0.0,1.0
125,0.8041674999999999,0.06246613333333333,0.0,0.6138916111111111,0.03991694444444446,0.9511719444444444,0.0,0.0,1.0
126,0.8041674999999999,0.06097786666666665,0.0,0.6147461111111111,0.023498611111111088,0.9507447222222223,0.0,0.0,1.0
127,0.8041674999999999,0.060233733333333345,0.0,0.6149902222222222,0.01055916666666666,0.9506836111111111,0.0,0.0,1.0
128,0.8041674999999999,0.06097786666666665,0.0,0.6153564444444445,0.9954225,0.9508055555555555,0.0,0.0,1.0
129,0.8041674999999999,0.06097786666666665,0.0,0.6159667777777778,0.9785766666666667,0.9510497222222223,0.0,0.0,1.0
130,0.8047256,0.06097786666666665,0.0,0.6174316666666666,0.9605713888888889,0.951355,0.0,0.0,1.0
131,0.8052837,0.05874546666666666,0.0,0.6209716666666667,0.9295044444444445,0.9519652777777777,0.0,0.0,1.0
132,0.8047256,0.057257200000000036,0.0,0.6220703333333334,0.9232177777777777,0.9522094444444443,0.0,0.0,1.0
133,0.8047256,0.056512999999999994,0.0,0.6247558333333334,0.90448,0.9527588888888889,0.0,0.0,1.0
134,0.8052837,0.05576886666666668,0.0,0.6273193333333333,0.8861694444444445,0.9532469444444445,0.0,0.0,1.0
135,0.8058417999999999,0.05502473333333331,0.0,0.6298828333333334,0.8687744444444445,0.9537352777777778,0.0,0.0,1.0
136,0.8075161,0.053536466666666685,0.0,0.6326904444444444,0.852661111111111,0.9541016666666665,0.0,0.0,1.0
137,0.8086323500000001,0.0520482,0.0,0.635376,0.8377686111111111,0.9544677777777777,0.0,0.0,1.0
138,0.8097485499999999,0.05055993333333332,0.0,0.637817388888889,0.8238525,0.9547730555555556,0.0,0.0,1.0
139,0.8114228499999999,0.049815733333333334,0.0,0.6403808333333334,0.8067016666666667,0.9552611111111111,0.0,0.0,1.0
140,0.81198095,0.049815733333333334,0.0,0.6409912222222223,0.7984008333333333,0.9555052777777777,0.0,0.0,1.0
141,0.81253905,0.051304000000000016,0.0,0.6414795,0.7861327777777777,0.9558716666666666,0.0,0.0,1.0
142,0.8136553,0.053536466666666685,0.0,0.6414795,0.7731323333333333,0.95636,0.0,0.0,1.0
143,0.81421335,0.05576886666666668,0.0,0.6409912222222223,0.7587890555555555,0.9569702777777778,0.0,0.0,1.0
144,0.81421335,0.05948960000000003,0.0,0.6398925555555556,0.7421875,0.9578858333333332,0.0,0.0,1.0
145,0.8147715,0.06395440000000002,0.0,0.6390381111111111,0.7227172777777778,0.9588622222222223,0.0,0.0,1.0
146,0.8158877,0.06618686666666669,0.0,0.6394042777777778,0.7012329166666667,0.9595336111111111,0.0,0.0,1.0
147,0.8170038999999999,0.06395440000000002,0.0,0.6416015555555555,0.6806030277777778,0.959838888888889,0.0,0.0,1.0
148,0.8181201,0.05874546666666666,0.0,0.6448974444444444,0.664306638888889,0.959838888888889,0.0,0.0,1.0
149,0.8181201,0.053536466666666685,0.0,0.647583,0.6545410277777778,0.9599000000000001,0.0,0.0,1.0
150,0.8181201,0.0520482,0.0,0.6486816666666666,0.6519775277777777,0.9603272222222222,0.0,0.0,1.0
151,0.817562,0.0520482,0.0,0.6484375,0.65625,0.9609375,0.0,0.0,1.0
152,0.817562,0.0542806,0.0,0.6472167777777778,0.6657714722222222,0.9615477777777778,0.0,0.0,1.0
153,0.817562,0.05502473333333331,0.0,0.645874,0.6782226666666668,0.9619749999999999,0.0,0.0,1.0
154,0.8170038999999999,0.05502473333333331,0.0,0.6436767777777778,0.7030639722222222,0.9621583333333333,0.0,0.0,1.0
155,0.8158877,0.0542806,0.0,0.643432611111111,0.7090454166666667,0.9622191666666667,0.0,0.0,1.0
156,0.8153296000000001,0.0542806,0.0,0.6417236111111111,0.726318361111111,0.9622191666666667,0.0,0.0,1.0
157,0.8153296000000001,0.0542806,0.0,0.6394042777777778,0.7456054722222222,0.9622191666666667,0.0,0.0,1.0
158,0.8147715,0.052792333333333316,0.0,0.6374511666666667,0.7663574166666667,0.9621583333333333,0.0,0.0,1.0
159,0.81421335,0.048327466666666714,0.0,0.6367187777777777,0.7858275,0.9619141666666665,0.0,0.0,1.0
160,0.8136553,0.04386259999999999,0.0,0.6370849444444444,0.8010252777777778,0.9614258333333333,0.0,0.0,1.0
161,0.8136553,0.039397800000000004,0.0,0.6376953333333334,0.8110961111111111,0.9608763888888889,0.0,0.0,1.0
162,0.8136553,0.036421266666666695,0.0,0.6381836111111111,0.817505,0.9603880555555555,0.0,0.0,1.0
163,0.8130971499999999,0.034188800000000026,0.0,0.6385497777777778,0.8225097222222222,0.9600830555555556,0.0,0.0,1.0
164,0.81253905,0.03344466666666666,0.0,0.6386718888888888,0.8279419444444445,0.9599608333333335,0.0,0.0,1.0
165,0.81198095,0.032700533333333344,0.0,0.6386718888888888,0.8345336111111111,0.9599608333333335,0.0,0.0,1.0
166,0.81253905,0.032700533333333344,0.0,0.6386718888888888,0.8422241666666667,0.9600219444444443,0.0,0.0,1.0
167,0.8136553,0.032700533333333344,0.0,0.6386718888888888,0.850463888888889,0.9599608333333335,0.0,0.0,1.0
168,0.81421335,0.03344466666666666,0.0,0.6385497777777778,0.8587647222222222,0.9599608333333335,0.0,0.0,1.0
169,0.8147715,0.03493293333333334,0.0,0.6379394444444444,0.8726805555555555,0.9599000000000001,0.0,0.0,1.0
170,0.8147715,0.03493293333333334,0.0,0.6376953333333334,0.8755494444444445,0.9599000000000001,0.0,0.0,1.0
171,0.8153296000000001,0.03567706666666665,0.0,0.636962888888889,0.8841552777777777,0.959838888888889,0.0,0.0,1.0
172,0.8158877,0.03493293333333334,0.0,0.6363525555555556,0.8925780555555556,0.9596558333333333,0.0,0.0,1.0
173,0.8158877,0.03493293333333334,0.0,0.6358642777777778,0.9002075,0.9593505555555555,0.0,0.0,1.0
174,0.8164458,0.03493293333333334,0.0,0.6358642777777778,0.9068602777777778,0.9589844444444444,0.0,0.0,1.0
175,0.8170038999999999,0.03493293333333334,0.0,0.6358642777777778,0.9127197222222223,0.9586791666666667,0.0,0.0,1.0
176,0.817562,0.03493293333333334,0.0,0.6359863333333333,0.9183961111111112,0.9582519444444444,0.0,0.0,1.0
177,0.8186782000000001,0.03567706666666665,0.0,0.6362304444444444,0.9270630555555556,0.9577636111111111,0.0,0.0,1.0
178,0.81923635,0.03567706666666665,0.0,0.6363525555555556,0.9320069444444445,0.9574586111111112,0.0,0.0,1.0
179,0.81923635,0.036421266666666695,0.0,0.6361083888888889,0.9406127777777777,0.9571533333333333,0.0,0.0,1.0
180,0.81923635,0.03865366666666669,0.0,0.635376,0.9509888888888889,0.9567872222222222,0.0,0.0,1.0
181,0.8197944500000001,0.040886066666666686,0.0,0.6343993888888889,0.9635619444444444,0.9562377777777777,0.0,0.0,1.0
182,0.82035255,0.04311846666666662,0.0,0.6337890555555555,0.9780883333333333,0.9554444444444445,0.0,0.0,1.0
183,0.8209106500000001,0.04386259999999999,0.0,0.6340332222222222,0.9936522222222222,0.9544066666666667,0.0,0.0,1.0
184,0.82146875,0.04311846666666662,0.0,0.6351318333333333,0.008483888888888912,0.9532469444444445,0.0,0.0,1.0
185,0.82146875,0.04163019999999999,0.0,0.6370849444444444,0.025024444444444467,0.9517211111111111,0.0,0.0,1.0
186,0.82202685,0.040886066666666686,0.0,0.6383056666666667,0.03533944444444441,0.9506836111111111,0.0,0.0,1.0
187,0.8225849499999999,0.040886066666666686,0.0,0.6391601666666666,0.04473888888888888,0.9497680555555557,0.0,0.0,1.0
188,0.8225849499999999,0.040886066666666686,0.0,0.6396484444444445,0.0538941666666667,0.9489747222222222,0.0,0.0,1.0
189,0.8231431,0.040886066666666686,0.0,0.6401367222222222,0.06286611111111111,0.9483033333333333,0.0,0.0,1.0
190,0.8237011500000001,0.040886066666666686,0.0,0.6407470555555556,0.07067861111111111,0.9475708333333333,0.0,0.0,1.0
191,0.82481735,0.039397800000000004,0.0,0.6417236111111111,0.07556138888888889,0.9468383333333333,0.0,0.0,1.0
192,0.8237011500000001,0.03865366666666669,0.0,0.6420898333333334,0.07519527777777779,0.9463500000000001,0.0,0.0,1.0
193,0.8259336000000002,0.039397800000000004,0.0,0.6417236111111111,0.07073972222222219,0.9455566666666666,0.0,0.0,1.0
194,0.8253755,0.04163019999999999,0.0,0.6402587777777777,0.06030277777777779,0.9453736111111111,0.0,0.0,1.0
195,0.82481735,0.04311846666666662,0.0,0.6396484444444445,0.05554194444444446,0.9454955555555555,0.0,0.0,1.0
196,0.8237011500000001,0.046095066666666656,0.0,0.6374511666666667,0.03021249999999998,0.9456177777777779,0.0,0.0,1.0
197,0.8242592999999999,0.04683919999999997,0.0,0.6363525555555556,0.009643611111111106,0.9459227777777778,0.0,0.0,1.0
198,0.8242592999999999,0.04758333333333334,0.0,0.635620111111111,0.9884644444444444,0.9463500000000001,0.0,0.0,1.0
199,0.82481735,0.04683919999999997,0.0,0.635620111111111,0.9668577777777778,0.9466552777777777,0.0,0.0,1.0
200,0.8253755,0.04386259999999999,0.0,0.636474611111111,0.9468383333333333,0.9468994444444445,0.0,0.0,1.0
201,0.8259336000000002,0.04014193333333331,0.0,0.6375732222222222,0.9298705555555555,0.9470213888888888,0.0,0.0,1.0
202,0.8270498,0.037165333333333335,0.0,0.6385497777777778,0.9158936111111111,0.9471436111111111,0.0,0.0,1.0
203,0.8276079,0.036421266666666695,0.0,0.6390381111111111,0.9041138888888889,0.9473877777777777,0.0,0.0,1.0
204,0.8276079,0.036421266666666695,0.0,0.6391601666666666,0.893493611111111,0.9477538888888889,0.0,0.0,1.0
205,0.8276079,0.037165333333333335,0.0,0.638916,0.8834227777777778,0.9480591666666666,0.0,0.0,1.0
206,0.8276079,0.03865366666666669,0.0,0.6385497777777778,0.8736572222222223,0.9483033333333333,0.0,0.0,1.0
207,0.8276079,0.04014193333333331,0.0,0.6379394444444444,0.8607177777777777,0.9486083333333334,0.0,0.0,1.0
208,0.8276079,0.040886066666666686,0.0,0.6376953333333334,0.8540038888888889,0.9487305555555555,0.0,0.0,1.0
209,0.8276079,0.04237433333333337,0.0,0.6375732222222222,0.8435669444444445,0.9491577777777778,0.0,0.0,1.0
210,0.8276079,0.044606799999999974,0.0,0.6374511666666667,0.8321533333333333,0.9497069444444445,0.0,0.0,1.0
211,0.8276079,0.04683919999999997,0.0,0.6375732222222222,0.819213888888889,0.950256388888889,0.0,0.0,1.0
212,0.8281660000000001,0.05055993333333332,0.0,0.637817388888889,0.8040772222222222,0.9509277777777778,0.0,0.0,1.0
213,0.8281660000000001,0.05576886666666668,0.0,0.6375732222222222,0.7859497222222223,0.9519652777777777,0.0,0.0,1.0
214,0.8276079,0.06469860000000001,0.0,0.6367187777777777,0.7634277222222222,0.9536133333333333,0.0,0.0,1.0
215,0.8264917,0.07511653333333337,0.0,0.6359863333333333,0.7358398333333332,0.9557494444444444,0.0,0.0,1.0
216,0.8253755,0.07883726666666663,0.0,0.6383056666666667,0.7047119166666667,0.9576416666666666,0.0,0.0,1.0
217,0.82481735,0.07139580000000002,0.0,0.6450195555555556,0.6749878055555556,0.9584961111111111,0.0,0.0,1.0
218,0.8253755,0.058001266666666676,0.0,0.6531982222222222,0.6520385833333333,0.9585572222222223,0.0,0.0,1.0
219,0.8253755,0.048327466666666714,0.0,0.6593017777777778,0.6380615277777778,0.958435,0.0,0.0,1.0
220,0.8253755,0.044606799999999974,0.0,0.6622314444444445,0.6326293888888889,0.9586180555555555,0.0,0.0,1.0
221,0.8253755,0.044606799999999974,0.0,0.6629638888888889,0.6345825277777777,0.9591675,0.0,0.0,1.0
222,0.8259336000000002,0.04683919999999997,0.0,0.6622314444444445,0.6419677777777778,0.9597777777777777,0.0,0.0,1.0
223,0.8264917,0.048327466666666714,0.0,0.6607666111111111,0.6528320277777778,0.9603880555555555,0.0,0.0,1.0
224,0.8264917,0.051304000000000016,0.0,0.6588135,0.6655883888888888,0.9608763888888889,0.0,0.0,1.0
225,0.8270498,0.05502473333333331,0.0,0.6563720555555556,0.6772460833333334,0.9612427777777779,0.0,0.0,1.0
226,0.8276079,0.06469860000000001,0.0,0.651001,0.6995239166666667,0.9619749999999999,0.0,0.0,1.0
227,0.8287241,0.07586066666666665,0.0,0.6446533333333333,0.7250976666666668,0.9624022222222222,0.0,0.0,1.0
228,0.83039845,0.08106966666666665,0.0,0.6397705,0.7561035277777778,0.9622191666666667,0.0,0.0,1.0
229,0.8315146499999999,0.07511653333333337,0.0,0.6390381111111111,0.7872925,0.9614258333333333,0.0,0.0,1.0
230,0.8287241,0.06321026666666665,0.0,0.6409912222222223,0.8201905555555555,0.9605102777777778,0.0,0.0,1.0
231,0.83095655,0.05576886666666668,0.0,0.642334,0.8312377777777777,0.9593505555555555,0.0,0.0,1.0
232,0.83095655,0.051304000000000016,0.0,0.6425781111111112,0.8440552777777778,0.9588622222222223,0.0,0.0,1.0
233,0.83095655,0.049071599999999965,0.0,0.6419677777777778,0.854431111111111,0.9586791666666667,0.0,0.0,1.0
234,0.83039845,0.048327466666666714,0.0,0.6408691666666666,0.8645630555555556,0.9586180555555555,0.0,0.0,1.0
235,0.8298403500000001,0.048327466666666714,0.0,0.6395263888888889,0.8754272222222222,0.9584961111111111,0.0,0.0,1.0
236,0.82928225,0.048327466666666714,0.0,0.6380615,0.8869627777777778,0.9583130555555556,0.0,0.0,1.0
237,0.82928225,0.048327466666666714,0.0,0.6365966666666667,0.8988647222222222,0.9580077777777777,0.0,0.0,1.0
238,0.8281660000000001,0.049071599999999965,0.0,0.6347656111111112,0.9112549999999999,0.9578858333333332,0.0,0.0,1.0
239,0.8276079,0.05055993333333332,0.0,0.6328125,0.9246216666666666,0.9576416666666666,0.0,0.0,1.0
240,0.8270498,0.052792333333333316,0.0,0.6304931666666667,0.9395752777777777,0.9572752777777778,0.0,0.0,1.0
241,0.8270498,0.05502473333333331,0.0,0.6282958888888889,0.95636,0.956665,0.0,0.0,1.0
242,0.8276079,0.057257200000000036,0.0,0.6262207222222222,0.9749755555555555,0.9557494444444444,0.0,0.0,1.0
243,0.8281660000000001,0.05948960000000003,0.0,0.6248779444444444,0.9949341666666666,0.9545897222222222,0.0,0.0,1.0
244,0.8281660000000001,0.05874546666666666,0.0,0.6247558333333334,0.01513666666666664,0.9532469444444445,0.0,0.0,1.0
245,0.8270498,0.056512999999999994,0.0,0.6264648333333334,0.0460816666666667,0.9514161111111112,0.0,0.0,1.0
246,0.8270498,0.056512999999999994,0.0,0.626709,0.05163583333333332,0.9510497222222223,0.0,0.0,1.0
247,0.8264917,0.056512999999999994,0.0,0.6279296666666666,0.06738277777777779,0.9501341666666667,0.0,0.0,1.0
248,0.8253755,0.056512999999999994,0.0,0.6295166111111111,0.08154305555555558,0.9492188888888888,0.0,0.0,1.0
249,0.82481735,0.05576886666666668,0.0,0.6317138888888889,0.09393305555555555,0.9483033333333333,0.0,0.0,1.0
250,0.8237011500000001,0.05576886666666668,0.0,0.6342773333333334,0.1041869444444444,0.9474486111111111,0.0,0.0,1.0
251,0.8231431,0.0542806,0.0,0.6368408333333333,0.1119994444444444,0.9466552777777777,0.0,0.0,1.0
252,0.8231431,0.053536466666666685,0.0,0.6391601666666666,0.11682138888888889,0.9459227777777778,0.0,0.0,1.0
253,0.8225849499999999,0.052792333333333316,0.0,0.640625,0.11761472222222219,0.9451905555555555,0.0,0.0,1.0
254,0.8242592999999999,0.0520482,0.0,0.6407470555555556,0.11468499999999998,0.9442749999999999,0.0,0.0,1.0
255,0.8242592999999999,0.053536466666666685,0.0,0.6395263888888889,0.10687249999999998,0.9435425,0.0,0.0,1.0
256,0.8242592999999999,0.05576886666666668,0.0,0.6376953333333334,0.0955811111111111,0.9429930555555555,0.0,0.0,1.0
257,0.8237011500000001,0.057257200000000036,0.0,0.6365966666666667,0.08770750000000002,0.94281,0.0,0.0,1.0
258,0.8237011500000001,0.05948960000000003,0.0,0.6350097777777778,0.06536861111111113,0.9421386111111111,0.0,0.0,1.0
259,0.8231431,0.05948960000000003,0.0,0.6343993888888889,0.04846194444444447,0.9420166666666666,0.0,0.0,1.0
260,0.8225849499999999,0.05948960000000003,0.0,0.6340332222222222,0.03027333333333336,0.9420775,0.0,0.0,1.0
261,0.8209106500000001,0.05874546666666666,0.0,0.6337890555555555,0.01086416666666668,0.9421997222222223,0.0,0.0,1.0
262,0.817562,0.05576886666666668,0.0,0.6342773333333334,0.9701538888888889,0.9425049999999999,0.0,0.0,1.0
263,0.817562,0.05576886666666668,0.0,0.6342773333333334,0.9701538888888889,0.9425049999999999,0.0,0.0,1.0
264,0.8164458,0.053536466666666685,0.0,0.6351318333333333,0.9505005555555556,0.9426269444444444,0.0,0.0,1.0
265,0.8153296000000001,0.051304000000000016,0.0,0.6362304444444444,0.9323119444444444,0.9427488888888889,0.0,0.0,1.0
266,0.81421335,0.049815733333333334,0.0,0.6374511666666667,0.9159547222222222,0.9429322222222223,0.0,0.0,1.0
267,0.8130971499999999,0.048327466666666714,0.0,0.6387939444444445,0.901306111111111,0.9431763888888889,0.0,0.0,1.0
268,0.81198095,0.04683919999999997,0.0,0.6407470555555556,0.8833008333333333,0.9435425,0.0,0.0,1.0
269,0.81086475,0.04683919999999997,0.0,0.6418457222222222,0.8743897222222222,0.9437866666666667,0.0,0.0,1.0
270,0.8086323500000001,0.04683919999999997,0.0,0.643432611111111,0.8605347222222223,0.944213888888889,0.0,0.0,1.0
271,0.8069580000000001,0.04758333333333334,0.0,0.6450195555555556,0.8457030555555556,0.9447630555555555,0.0,0.0,1.0
272,0.8058417999999999,0.048327466666666714,0.0,0.6466064444444445,0.829833888888889,0.9451905555555555,0.0,0.0,1.0
273,0.8052837,0.049071599999999965,0.0,0.6481933333333334,0.8131102777777778,0.9456177777777779,0.0,0.0,1.0
274,0.8047256,0.05055993333333332,0.0,0.6495361111111111,0.7953491666666667,0.9461669444444444,0.0,0.0,1.0
275,0.8041674999999999,0.052792333333333316,0.0,0.6503906111111112,0.7761840833333333,0.9472047222222222,0.0,0.0,1.0
276,0.8030512999999999,0.058001266666666676,0.0,0.6505127222222222,0.75476075,0.9487305555555555,0.0,0.0,1.0
277,0.80193505,0.06321026666666665,0.0,0.6507568333333333,0.730712888888889,0.9505613888888889,0.0,0.0,1.0
278,0.80081885,0.06395440000000002,0.0,0.6527099444444444,0.7052612222222223,0.9522094444444443,0.0,0.0,1.0
279,0.80026075,0.05874546666666666,0.0,0.6571045,0.6818847777777778,0.9532469444444445,0.0,0.0,1.0
280,0.80081885,0.049815733333333334,0.0,0.6623535,0.6648559444444444,0.9537352777777778,0.0,0.0,1.0
281,0.8013769500000001,0.04535093333333335,0.0,0.6655273333333334,0.6572876111111111,0.9543458333333333,0.0,0.0,1.0
282,0.8024931499999999,0.048327466666666714,0.0,0.664917,0.6606445277777778,0.9552611111111111,0.0,0.0,1.0
283,0.8080742000000001,0.066931,0.0,0.6568603333333333,0.6899414166666668,0.956665,0.0,0.0,1.0
284,0.8075161,0.07065166666666668,0.0,0.6553955,0.6991577222222222,0.9575194444444445,0.0,0.0,1.0
285,0.8097485499999999,0.07586066666666665,0.0,0.6523437777777777,0.7260742222222222,0.9577636111111111,0.0,0.0,1.0
286,0.81086475,0.07214000000000001,0.0,0.6522216666666667,0.7548217777777778,0.9573363888888888,0.0,0.0,1.0
287,0.81198095,0.06618686666666669,0.0,0.6531982222222222,0.7772216666666667,0.9567261111111112,0.0,0.0,1.0
288,0.8130971499999999,0.06246613333333333,0.0,0.653442388888889,0.7949219444444444,0.9562988888888889,0.0,0.0,1.0
289,0.81421335,0.060233733333333345,0.0,0.6530761666666667,0.8096925,0.9561158333333333,0.0,0.0,1.0
290,0.8147715,0.05948960000000003,0.0,0.6522216666666667,0.8229980555555556,0.9561766666666668,0.0,0.0,1.0
291,0.8158877,0.06097786666666665,0.0,0.651245111111111,0.8354491666666667,0.9562988888888889,0.0,0.0,1.0
292,0.8170038999999999,0.06246613333333333,0.0,0.6501465,0.8471069444444445,0.9562988888888889,0.0,0.0,1.0
293,0.8181201,0.06395440000000002,0.0,0.6490478333333333,0.8582152777777777,0.95636,0.0,0.0,1.0
294,0.8197944500000001,0.06618686666666669,0.0,0.6480712777777777,0.8689575,0.95636,0.0,0.0,1.0
295,0.82146875,0.06767513333333332,0.0,0.6473388888888889,0.8796997222222223,0.95636,0.0,0.0,1.0
296,0.8225849499999999,0.06916340000000003,0.0,0.6467285,0.8903808333333334,0.9562988888888889,0.0,0.0,1.0
297,0.8231431,0.0699075333333333,0.0,0.6463622777777778,0.9006958333333333,0.9561766666666668,0.0,0.0,1.0
298,0.8242592999999999,0.0699075333333333,0.0,0.6459961111111111,0.9171752777777777,0.9559325000000001,0.0,0.0,1.0
299,0.8242592999999999,0.07065166666666668,0.0,0.645874,0.9206541666666667,0.9559325000000001,0.0,0.0,1.0
300,0.8242592999999999,0.07214000000000001,0.0,0.6450195555555556,0.9320677777777777,0.9558716666666666,0.0,0.0,1.0
301,0.8237011500000001,0.07586066666666665,0.0,0.643432611111111,0.9461058333333333,0.9557494444444444,0.0,0.0,1.0
302,0.8237011500000001,0.08181379999999999,0.0,0.6413574444444444,0.963806111111111,0.9552611111111111,0.0,0.0,1.0
303,0.8237011500000001,0.08776693333333334,0.0,0.6396484444444445,0.9852905555555557,0.9543458333333333,0.0,0.0,1.0
304,0.8237011500000001,0.09148759999999999,0.0,0.6396484444444445,0.009460555555555554,0.9530638888888887,0.0,0.0,1.0
305,0.8231431,0.09074346666666665,0.0,0.6420898333333334,0.03375250000000002,0.9515991666666667,0.0,0.0,1.0
306,0.82146875,0.08330206666666665,0.0,0.6489257777777778,0.06933583333333336,0.9494019444444444,0.0,0.0,1.0
307,0.82146875,0.08255793333333333,0.0,0.651245111111111,0.08105472222222221,0.9486083333333334,0.0,0.0,1.0
308,0.82202685,0.08106966666666665,0.0,0.654541,0.09686277777777777,0.9473877777777777,0.0,0.0,1.0
309,0.8231431,0.08181379999999999,0.0,0.6572265555555555,0.11206055555555558,0.946411111111111,0.0,0.0,1.0
310,0.8225849499999999,0.08255793333333333,0.0,0.659912111111111,0.12768555555555558,0.9457397222222222,0.0,0.0,1.0
311,0.82146875,0.08255793333333333,0.0,0.663208,0.14306638888888884,0.9453125,0.0,0.0,1.0
312,0.81923635,0.0795814,0.0,0.6667480555555556,0.1558838888888889,0.9448241666666667,0.0,0.0,1.0
313,0.8181201,0.07660480000000001,0.0,0.6691894444444444,0.16363527777777775,0.9442749999999999,0.0,0.0,1.0
314,0.8209106500000001,0.07437239999999999,0.0,0.6700439444444445,0.1645508333333333,0.9428711111111111,0.0,0.0,1.0
315,0.82035255,0.07437239999999999,0.0,0.6683349444444444,0.16046138888888886,0.9419555555555555,0.0,0.0,1.0
316,0.81923635,0.07660480000000001,0.0,0.6645507777777778,0.14959722222222224,0.9411011111111112,0.0,0.0,1.0
317,0.8181201,0.07883726666666663,0.0,0.6600341666666667,0.133545,0.9403075000000001,0.0,0.0,1.0
318,0.817562,0.0795814,0.0,0.6567382777777778,0.1190797222222222,0.9398194444444445,0.0,0.0,1.0
319,0.8158877,0.07883726666666663,0.0,0.652587888888889,0.09307861111111108,0.9389647222222222,0.0,0.0,1.0
320,0.81421335,0.07809306666666667,0.0,0.6496582222222222,0.07080083333333335,0.9385375000000001,0.0,0.0,1.0
321,0.81198095,0.07586066666666665,0.0,0.645629888888889,0.031921388888888916,0.9380494444444445,0.0,0.0,1.0
322,0.8114228499999999,0.0773489333333333,0.0,0.6436767777777778,0.015808055555555554,0.9377441666666666,0.0,0.0,1.0
323,0.81030665,0.07586066666666665,0.0,0.6416015555555555,0.991088888888889,0.9375611111111113,0.0,0.0,1.0
324,0.8097485499999999,0.07437239999999999,0.0,0.6402587777777777,0.9663697222222223,0.9373780555555555,0.0,0.0,1.0
325,0.80919045,0.07065166666666668,0.0,0.6398925555555556,0.9427488888888889,0.9371338888888889,0.0,0.0,1.0
326,0.80919045,0.066931,0.0,0.6401367222222222,0.921203611111111,0.9369505555555555,0.0,0.0,1.0
327,0.8086323500000001,0.06395440000000002,0.0,0.6405029444444444,0.9021605555555556,0.9368897222222222,0.0,0.0,1.0
328,0.8080742000000001,0.06172200000000003,0.0,0.6407470555555556,0.8851319444444445,0.9367675000000001,0.0,0.0,1.0
329,0.8075161,0.060233733333333345,0.0,0.6407470555555556,0.8694458333333333,0.9367066666666667,0.0,0.0,1.0
330,0.8075161,0.060233733333333345,0.0,0.6405029444444444,0.8545533333333334,0.9367675000000001,0.0,0.0,1.0
331,0.8069580000000001,0.060233733333333345,0.0,0.6400146666666667,0.8403319444444445,0.9368897222222222,0.0,0.0,1.0
332,0.8063999000000001,0.060233733333333345,0.0,0.6394042777777778,0.8269041666666667,0.9370727777777778,0.0,0.0,1.0
333,0.8063999000000001,0.060233733333333345,0.0,0.6386718888888888,0.8143311111111111,0.9371338888888889,0.0,0.0,1.0
334,0.8063999000000001,0.06097786666666665,0.0,0.6379394444444444,0.8024291666666667,0.9371338888888889,0.0,0.0,1.0
335,0.8069580000000001,0.06172200000000003,0.0,0.6372070555555556,0.7905272222222222,0.9371338888888889,0.0,0.0,1.0
336,0.8063999000000001,0.06395440000000002,0.0,0.6357421666666666,0.7684936388888889,0.9371338888888889,0.0,0.0,1.0
337,0.8058417999999999,0.06469860000000001,0.0,0.635376,0.7637329166666667,0.9374388888888887,0.0,0.0,1.0
338,0.8041674999999999,0.06767513333333332,0.0,0.6342773333333334,0.7476196388888888,0.9379272222222222,0.0,0.0,1.0
339,0.80193505,0.07214000000000001,0.0,0.6333007777777778,0.7290039166666668,0.9388427777777777,0.0,0.0,1.0
340,0.80026075,0.07437239999999999,0.0,0.6331787222222223,0.70788575,0.9399413888888889,0.0,0.0,1.0
341,0.7985863999999999,0.07362826666666665,0.0,0.6350097777777778,0.6857299722222223,0.9407958333333334,0.0,0.0,1.0
342,0.7991445500000001,0.06841926666666666,0.0,0.6387939444444445,0.6654052777777778,0.9412230555555556,0.0,0.0,1.0
343,0.7997026500000001,0.06246613333333333,0.0,0.6433105555555556,0.6495971666666667,0.9413452777777778,0.0,0.0,1.0
344,0.80026075,0.058001266666666676,0.0,0.6474609444444445,0.6392211944444445,0.9415894444444444,0.0,0.0,1.0
345,0.7997026500000001,0.05502473333333331,0.0,0.6505127222222222,0.6338501111111111,0.9420166666666666,0.0,0.0,1.0
346,0.80026075,0.05502473333333331,0.0,0.6524658333333333,0.6328125,0.9425658333333334,0.0,0.0,1.0
347,0.80081885,0.056512999999999994,0.0,0.6533203333333333,0.6362304722222222,0.9432372222222223,0.0,0.0,1.0
348,0.8030512999999999,0.060233733333333345,0.0,0.6529541111111111,0.6448974722222223,0.9440916666666667,0.0,0.0,1.0
349,0.80360935,0.06618686666666669,0.0,0.6513671666666667,0.6580200277777777,0.9455566666666666,0.0,0.0,1.0
350,0.8058417999999999,0.07586066666666665,0.0,0.6481933333333334,0.6822509722222222,0.9470825,0.0,0.0,1.0
351,0.8063999000000001,0.08181379999999999,0.0,0.6459961111111111,0.7106323333333333,0.9485475,0.0,0.0,1.0
352,0.8075161,0.08106966666666665,0.0,0.6461181666666667,0.7395019444444444,0.9491577777777778,0.0,0.0,1.0
353,0.8097485499999999,0.07511653333333337,0.0,0.6481933333333334,0.7649536111111112,0.9489136111111112,0.0,0.0,1.0
354,0.81253905,0.06916340000000003,0.0,0.6503906111111112,0.7852172222222222,0.9484863888888889,0.0,0.0,1.0
355,0.8153296000000001,0.06544273333333338,0.0,0.6516113333333333,0.8007813888888888,0.9483033333333333,0.0,0.0,1.0
356,0.8170038999999999,0.06395440000000002,0.0,0.6522216666666667,0.8132324999999999,0.9483641666666668,0.0,0.0,1.0
357,0.8186782000000001,0.06246613333333333,0.0,0.6524658333333333,0.8238525,0.9486083333333334,0.0,0.0,1.0
358,0.82035255,0.06172200000000003,0.0,0.6529541111111111,0.8335572222222223,0.9489747222222222,0.0,0.0,1.0
359,0.82146875,0.060233733333333345,0.0,0.6538086111111111,0.8456422222222222,0.949585,0.0,0.0,1.0
360,0.82146875,0.05948960000000003,0.0,0.6541747777777778,0.8513183333333334,0.9499511111111111,0.0,0.0,1.0
361,0.82146875,0.05948960000000003,0.0,0.6547851666666666,0.8594361111111113,0.9506225,0.0,0.0,1.0
362,0.8209106500000001,0.05948960000000003,0.0,0.6553955,0.8673705555555555,0.9514769444444444,0.0,0.0,1.0
363,0.8197944500000001,0.05874546666666666,0.0,0.6563720555555556,0.8757324999999999,0.9525147222222222,0.0,0.0,1.0
364,0.81923635,0.058001266666666676,0.0,0.6577148333333334,0.8847655555555556,0.9537352777777778,0.0,0.0,1.0
365,0.8181201,0.056512999999999994,0.0,0.659057611111111,0.8947144444444444,0.9550172222222222,0.0,0.0,1.0
366,0.8164458,0.05576886666666668,0.0,0.6595458888888889,0.9053955555555556,0.9562988888888889,0.0,0.0,1.0
367,0.8153296000000001,0.05502473333333331,0.0,0.659057611111111,0.9163819444444445,0.9572752777777778,0.0,0.0,1.0
368,0.8147715,0.05502473333333331,0.0,0.6577148333333334,0.9273680555555555,0.9577636111111111,0.0,0.0,1.0
369,0.8147715,0.05576886666666668,0.0,0.6558837777777777,0.9382933333333333,0.9579466666666667,0.0,0.0,1.0
370,0.8147715,0.05576886666666668,0.0,0.6540527222222222,0.9494019444444444,0.9580077777777777,0.0,0.0,1.0
371,0.81421335,0.05576886666666668,0.0,0.6522216666666667,0.9610594444444445,0.9579466666666667,0.0,0.0,1.0
372,0.8136553,0.057257200000000036,0.0,0.6499023333333334,0.9739380555555556,0.9578858333333332,0.0,0.0,1.0
373,0.8136553,0.060233733333333345,0.0,0.6473388888888889,0.9888305555555557,0.9575805555555557,0.0,0.0,1.0
374,0.8136553,0.06395440000000002,0.0,0.6440429444444444,0.017333888888888854,0.956665,0.0,0.0,1.0
375,0.8136553,0.06469860000000001,0.0,0.643432611111111,0.02319333333333336,0.9564208333333334,0.0,0.0,1.0
376,0.8130971499999999,0.06469860000000001,0.0,0.6428222777777778,0.039795,0.9555663888888889,0.0,0.0,1.0
377,0.8130971499999999,0.06395440000000002,0.0,0.6424560555555555,0.05413805555555555,0.9545897222222222,0.0,0.0,1.0
378,0.8136553,0.06395440000000002,0.0,0.6418457222222222,0.06597888888888888,0.9535522222222222,0.0,0.0,1.0
379,0.8147715,0.06395440000000002,0.0,0.6408691666666666,0.07598888888888887,0.952453611111111,0.0,0.0,1.0
380,0.8164458,0.06469860000000001,0.0,0.6397705,0.08526611111111108,0.9515380555555555,0.0,0.0,1.0
381,0.8170038999999999,0.06544273333333338,0.0,0.638916,0.0944825,0.9508666666666667,0.0,0.0,1.0
382,0.8170038999999999,0.06618686666666669,0.0,0.6385497777777778,0.10650638888888887,0.9500733333333332,0.0,0.0,1.0
383,0.8170038999999999,0.066931,0.0,0.6384277222222222,0.11218250000000005,0.9496461111111112,0.0,0.0,1.0
384,0.8181201,0.06767513333333332,0.0,0.6387939444444445,0.12005611111111113,0.9489136111111112,0.0,0.0,1.0
385,0.8186782000000001,0.06767513333333332,0.0,0.6395263888888889,0.12731944444444446,0.948181111111111,0.0,0.0,1.0
386,0.8186782000000001,0.06767513333333332,0.0,0.6403808333333334,0.13378916666666665,0.9476319444444445,0.0,0.0,1.0
387,0.8186782000000001,0.06767513333333332,0.0,0.6411132777777778,0.13848888888888888,0.9472655555555556,0.0,0.0,1.0
388,0.817562,0.06841926666666666,0.0,0.6414795,0.13977055555555554,0.9468383333333333,0.0,0.0,1.0
389,0.8170038999999999,0.06916340000000003,0.0,0.6412353333333333,0.13592527777777777,0.9463500000000001,0.0,0.0,1.0
390,0.8170038999999999,0.07065166666666668,0.0,0.6403808333333334,0.12780750000000005,0.9456177777777779,0.0,0.0,1.0
391,0.8147715,0.07362826666666665,0.0,0.6386718888888888,0.1141966666666667,0.9454344444444445,0.0,0.0,1.0
392,0.81253905,0.07809306666666667,0.0,0.6365966666666667,0.0889283333333333,0.9450683333333334,0.0,0.0,1.0
393,0.81030665,0.0795814,0.0,0.6357421666666666,0.0640258333333333,0.9448852777777778,0.0,0.0,1.0
394,0.8086323500000001,0.08106966666666665,0.0,0.6358642777777778,0.03735361111111114,0.9448852777777778,0.0,0.0,1.0
395,0.8069580000000001,0.08106966666666665,0.0,0.6367187777777777,0.008972222222222194,0.9450072222222221,0.0,0.0,1.0
396,0.8058417999999999,0.07883726666666663,0.0,0.6384277222222222,0.9797975,0.9450072222222221,0.0,0.0,1.0
397,0.8041674999999999,0.0699075333333333,0.0,0.6439208888888889,0.9340819444444445,0.9445800000000001,0.0,0.0,1.0
398,0.8052837,0.06916340000000003,0.0,0.6446533333333333,0.9255980555555556,0.9440308333333333,0.0,0.0,1.0
399,0.8058417999999999,0.06321026666666665,0.0,0.647583,0.90271,0.9433594444444444,0.0,0.0,1.0
400,0.8058417999999999,0.05874546666666666,0.0,0.6496582222222222,0.8822022222222222,0.94281,0.0,0.0,1.0
401,0.8058417999999999,0.056512999999999994,0.0,0.6506347777777778,0.8632813888888888,0.9425049999999999,0.0,0.0,1.0
402,0.8047256,0.05576886666666668,0.0,0.651001,0.8452147222222222,0.9423216666666667,0.0,0.0,1.0
403,0.8041674999999999,0.05502473333333331,0.0,0.651001,0.8277588888888889,0.9422608333333332,0.0,0.0,1.0
404,0.80360935,0.05502473333333331,0.0,0.6508788888888889,0.8109130555555555,0.9423216666666667,0.0,0.0,1.0
405,0.80360935,0.0542806,0.0,0.6506347777777778,0.7947388888888889,0.9427488888888889,0.0,0.0,1.0
406,0.8030512999999999,0.0542806,0.0,0.6508788888888889,0.7789916666666667,0.9434813888888889,0.0,0.0,1.0
407,0.8030512999999999,0.053536466666666685,0.0,0.6514892777777778,0.7636718888888888,0.944213888888889,0.0,0.0,1.0
408,0.8030512999999999,0.052792333333333316,0.0,0.6523437777777777,0.7491455,0.9448852777777778,0.0,0.0,1.0
409,0.8030512999999999,0.052792333333333316,0.0,0.6529541111111111,0.7357177777777778,0.9454955555555555,0.0,0.0,1.0
410,0.8030512999999999,0.0520482,0.0,0.6533203333333333,0.7236328055555555,0.9461058333333333,0.0,0.0,1.0
411,0.80360935,0.051304000000000016,0.0,0.6535644444444444,0.7132568333333335,0.9466552777777777,0.0,0.0,1.0
412,0.80360935,0.051304000000000016,0.0,0.6541747777777778,0.7033081111111111,0.9478761111111111,0.0,0.0,1.0
413,0.8063999000000001,0.05055993333333332,0.0,0.6542968888888888,0.7024536111111112,0.9473877777777777,0.0,0.0,1.0
414,0.8075161,0.053536466666666685,0.0,0.6541747777777778,0.7056884722222222,0.9479369444444444,0.0,0.0,1.0
415,0.8086323500000001,0.05874546666666666,0.0,0.6531982222222222,0.7166748055555555,0.9488525,0.0,0.0,1.0
416,0.8069580000000001,0.06469860000000001,0.0,0.6522216666666667,0.7310180555555555,0.9501341666666667,0.0,0.0,1.0
417,0.80919045,0.07065166666666668,0.0,0.6508788888888889,0.7568359444444445,0.9507447222222223,0.0,0.0,1.0
418,0.8097485499999999,0.07288413333333335,0.0,0.6508788888888889,0.7822266666666667,0.9510497222222223,0.0,0.0,1.0
419,0.81030665,0.07288413333333335,0.0,0.651001,0.8062133333333333,0.9510497222222223,0.0,0.0,1.0
420,0.81198095,0.0699075333333333,0.0,0.6514892777777778,0.8352661111111112,0.9507447222222223,0.0,0.0,1.0
421,0.81253905,0.0699075333333333,0.0,0.6511230555555556,0.8482055555555555,0.9506225,0.0,0.0,1.0
422,0.8136553,0.06767513333333332,0.0,0.6508788888888889,0.8657836111111111,0.9504394444444444,0.0,0.0,1.0
423,0.8147715,0.06618686666666669,0.0,0.6505127222222222,0.8814697222222223,0.950256388888889,0.0,0.0,1.0
424,0.8164458,0.06618686666666669,0.0,0.6499023333333334,0.895935,0.9501341666666667,0.0,0.0,1.0
425,0.817562,0.06618686666666669,0.0,0.6489257777777778,0.9099730555555556,0.9500122222222223,0.0,0.0,1.0
426,0.8181201,0.06767513333333332,0.0,0.6477050555555555,0.9242552777777777,0.9500122222222223,0.0,0.0,1.0
427,0.8186782000000001,0.07065166666666668,0.0,0.6459961111111111,0.93927,0.9500122222222223,0.0,0.0,1.0
428,0.81923635,0.07437239999999999,0.0,0.6437988333333333,0.9556275,0.9499511111111111,0.0,0.0,1.0
429,0.8197944500000001,0.0795814,0.0,0.6412353333333333,0.9745483333333333,0.9498291666666666,0.0,0.0,1.0
430,0.8197944500000001,0.08553453333333334,0.0,0.6386718888888888,0.9965819444444445,0.9496461111111112,0.0,0.0,1.0
431,0.8197944500000001,0.08925519999999999,0.0,0.6373291111111111,0.021057222222222234,0.9492188888888888,0.0,0.0,1.0
432,0.81923635,0.08925519999999999,0.0,0.6380615,0.04547111111111109,0.9483033333333333,0.0,0.0,1.0
433,0.81923635,0.08627866666666668,0.0,0.640625,0.06713861111111115,0.9470825,0.0,0.0,1.0
434,0.8197944500000001,0.08181379999999999,0.0,0.6439208888888889,0.08435055555555554,0.9458008333333333,0.0,0.0,1.0
435,0.82202685,0.07660480000000001,0.0,0.6489257777777778,0.10375972222222221,0.9439697222222223,0.0,0.0,1.0
436,0.8209106500000001,0.07660480000000001,0.0,0.6495361111111111,0.10681138888888889,0.9439697222222223,0.0,0.0,1.0
437,0.8209106500000001,0.07586066666666665,0.0,0.6514892777777778,0.11444083333333334,0.9434813888888889,0.0,0.0,1.0
438,0.8209106500000001,0.07511653333333337,0.0,0.6530761666666667,0.12084972222222222,0.9431152777777778,0.0,0.0,1.0
439,0.82035255,0.07437239999999999,0.0,0.654541,0.1261597222222222,0.94281,0.0,0.0,1.0
440,0.82035255,0.07362826666666665,0.0,0.6556396666666667,0.13000499999999995,0.9425049999999999,0.0,0.0,1.0
441,0.82035255,0.07288413333333335,0.0,0.65625,0.13189694444444444,0.9421997222222223,0.0,0.0,1.0
442,0.8209106500000001,0.07214000000000001,0.0,0.6563720555555556,0.1320191666666667,0.9420166666666666,0.0,0.0,1.0
443,0.8209106500000001,0.07214000000000001,0.0,0.6560058333333334,0.13073722222222225,0.9419555555555555,0.0,0.0,1.0
444,0.8209106500000001,0.07288413333333335,0.0,0.6557617222222222,0.12854000000000004,0.9419555555555555,0.0,0.0,1.0
445,0.82202685,0.07288413333333335,0.0,0.6555175555555555,0.12646472222222221,0.9419555555555555,0.0,0.0,1.0
446,0.8225849499999999,0.07288413333333335,0.0,0.6555175555555555,0.12487805555555553,0.9419555555555555,0.0,0.0,1.0
447,0.8225849499999999,0.07288413333333335,0.0,0.6553955,0.1239013888888889,0.9420166666666666,0.0,0.0,1.0
448,0.8237011500000001,0.07288413333333335,0.0,0.6553955,0.1223755555555556,0.9421386111111111,0.0,0.0,1.0
449,0.8264917,0.07362826666666665,0.0,0.6553955,0.11785888888888892,0.942443888888889,0.0,0.0,1.0
450,0.82928225,0.07437239999999999,0.0,0.6555175555555555,0.11334222222222223,0.94281,0.0,0.0,1.0
451,0.82928225,0.07437239999999999,0.0,0.6556396666666667,0.11285388888888888,0.9428711111111111,0.0,0.0,1.0
452,0.83039845,0.07437239999999999,0.0,0.6556396666666667,0.11157222222222221,0.9430541666666667,0.0,0.0,1.0
453,0.8315146499999999,0.07437239999999999,0.0,0.6556396666666667,0.1104736111111111,0.9432983333333333,0.0,0.0,1.0
454,0.8326308499999999,0.07362826666666665,0.0,0.6555175555555555,0.10931388888888884,0.9435425,0.0,0.0,1.0
455,0.8337471000000001,0.07288413333333335,0.0,0.6555175555555555,0.10778805555555554,0.9437255555555555,0.0,0.0,1.0
456,0.8348633,0.07065166666666668,0.0,0.6556396666666667,0.10559083333333331,0.9437866666666667,0.0,0.0,1.0
457,0.8354213999999999,0.06767513333333332,0.0,0.6557617222222222,0.10180666666666664,0.9438477777777778,0.0,0.0,1.0
458,0.8359795,0.06469860000000001,0.0,0.6555175555555555,0.09753416666666669,0.9438477777777778,0.0,0.0,1.0
459,0.8359795,0.06321026666666665,0.0,0.6553955,0.09539805555555556,0.9437866666666667,0.0,0.0,1.0
460,0.8359795,0.05948960000000003,0.0,0.6553955,0.09271249999999998,0.9437255555555555,0.0,0.0,1.0
461,0.8354213999999999,0.05576886666666668,0.0,0.6553955,0.09063722222222223,0.9437255555555555,0.0,0.0,1.0
462,0.8343051499999999,0.052792333333333316,0.0,0.6555175555555555,0.08898916666666667,0.9438477777777778,0.0,0.0,1.0
463,0.8331889499999999,0.049815733333333334,0.0,0.6555175555555555,0.08758555555555556,0.9439697222222223,0.0,0.0,1.0
464,0.8326308499999999,0.04758333333333334,0.0,0.6555175555555555,0.08636472222222219,0.9440308333333333,0.0,0.0,1.0
465,0.83207275,0.04683919999999997,0.0,0.6555175555555555,0.08557138888888889,0.9440916666666667,0.0,0.0,1.0
466,0.83095655,0.044606799999999974,0.0,0.6556396666666667,0.08459472222222225,0.9441527777777777,0.0,0.0,1.0
467,0.83039845,0.04311846666666662,0.0,0.6557617222222222,0.08380138888888887,0.9442749999999999,0.0,0.0,1.0
468,0.82928225,0.04163019999999999,0.0,0.6560058333333334,0.08312999999999995,0.9443358333333335,0.0,0.0,1.0
469,0.8287241,0.040886066666666686,0.0,0.6561279444444444,0.08258055555555552,0.9444580555555556,0.0,0.0,1.0
470,0.8281660000000001,0.039397800000000004,0.0,0.6563720555555556,0.08209222222222223,0.9445191666666667,0.0,0.0,1.0
471,0.8276079,0.03790953333333332,0.0,0.6566162222222223,0.08160388888888888,0.944641111111111,0.0,0.0,1.0
472,0.8270498,0.03567706666666665,0.0,0.6568603333333333,0.0811158333333333,0.9447630555555555,0.0,0.0,1.0
473,0.8270498,0.03344466666666666,0.0,0.6571045,0.08081055555555558,0.9449463888888889,0.0,0.0,1.0
474,0.8270498,0.03344466666666666,0.0,0.6571045,0.0807494444444444,0.9449463888888889,0.0,0.0,1.0
475,0.8270498,0.032700533333333344,0.0,0.6571045,0.08068861111111111,0.9450683333333334,0.0,0.0,1.0
476,0.8276079,0.031212266666666662,0.0,0.6572265555555555,0.08068861111111111,0.9451905555555555,0.0,0.0,1.0
477,0.8276079,0.030468133333333352,0.0,0.6572265555555555,0.0807494444444444,0.9452513888888889,0.0,0.0,1.0
478,0.8281660000000001,0.029723933333333303,0.0,0.6572265555555555,0.08093250000000005,0.9454344444444445,0.0,0.0,1.0
479,0.8281660000000001,0.02823566666666668,0.0,0.6571045,0.0811158333333333,0.9456177777777779,0.0,0.0,1.0
480,0.8287241,0.02749153333333337,0.0,0.6569824444444445,0.08136000000000002,0.9457397222222222,0.0,0.0,1.0
481,0.8298403500000001,0.025259133333333374,0.0,0.6568603333333333,0.08172611111111112,0.9458008333333333,0.0,0.0,1.0
482,0.83095655,0.023026666666666647,0.0,0.6568603333333333,0.08203111111111115,0.9458008333333333,0.0,0.0,1.0
483,0.8315146499999999,0.020050133333333282,0.0,0.6567382777777778,0.08245861111111112,0.9458619444444445,0.0,0.0,1.0
484,0.8326308499999999,0.017073599999999977,0.0,0.6566162222222223,0.0829466666666667,0.9458619444444445,0.0,0.0,1.0
485,0.8337471000000001,0.014096999999999997,0.0,0.6563720555555556,0.08355722222222223,0.9458619444444445,0.0,0.0,1.0
486,0.8354213999999999,0.010376266666666705,0.0,0.65625,0.08435055555555554,0.9458619444444445,0.0,0.0,1.0
487,0.8382118999999999,0.005167333333333346,0.0,0.6561279444444444,0.08557138888888889,0.945983888888889,0.0,0.0,1.0
488,0.84156055,0.0,0.0,0.6557617222222222,0.08740222222222221,0.9462280555555557,0.0,0.0,1.0
489,0.8437929499999999,0.0,0.0,0.6553955,0.08807361111111113,0.9462891666666665,0.0,0.0,1.0
490,0.8471416000000002,0.0,0.0,0.6549072222222222,0.08837888888888885,0.9461669444444444,0.0,0.0,1.0
491,0.8499321,0.0,0.0,0.6546631111111111,0.08795166666666666,0.9458619444444445,0.0,0.0,1.0
492,0.8510483499999999,0.0,0.0,0.6546631111111111,0.08715833333333337,0.9455566666666666,0.0,0.0,1.0
493,0.8510483499999999,0.0,0.0,0.6547851666666666,0.08630361111111111,0.9454344444444445,0.0,0.0,1.0
494,0.8510483499999999,0.0,0.0,0.6547851666666666,0.08551027777777781,0.9453736111111111,0.0,0.0,1.0
495,0.85049025,0.0,0.0,0.6546631111111111,0.08496083333333336,0.9454344444444445,0.0,0.0,1.0
496,0.8499321,0.0,0.0,0.6546631111111111,0.08459472222222225,0.9454955555555555,0.0,0.0,1.0
497,0.8499321,0.0,0.0,0.6546631111111111,0.0844116666666667,0.9456177777777779,0.0,0.0,1.0
498,0.84937405,0.0,0.0,0.654541,0.0844116666666667,0.9457397222222222,0.0,0.0,1.0
499,0.84937405,0.0,0.0,0.654541,0.08447277777777779,0.9459227777777778,0.0,0.0,1.0
500,0.84937405,0.0,0.0,0.654541,0.0844116666666667,0.9460449999999999,0.0,0.0,1.0
501,0.84937405,0.0,0.0,0.6546631111111111,0.08422861111111114,0.9460449999999999,0.0,0.0,1.0
502,0.8488159,0.0,0.0,0.6551513888888889,0.08386222222222225,0.9461058333333333,0.0,0.0,1.0
503,0.8482578000000001,0.0,0.0,0.6557617222222222,0.08325194444444442,0.9461058333333333,0.0,0.0,1.0
504,0.8476997000000001,0.0,0.0,0.6571045,0.08227527777777778,0.9461058333333333,0.0,0.0,1.0
505,0.8465835,0.0,0.0,0.6593017777777778,0.08062750000000002,0.945983888888889,0.0,0.0,1.0
506,0.8460253999999999,0.0,0.0,0.6628417777777778,0.07788083333333336,0.9456177777777779,0.0,0.0,1.0
507,0.8454672999999999,0.0,0.0,0.6669921666666667,0.07421861111111115,0.9449463888888889,0.0,0.0,1.0
508,0.8443511000000001,0.0,0.0,0.6708984444444445,0.07019055555555553,0.9443969444444443,0.0,0.0,1.0
509,0.84323485,0.006655599999999969,0.0,0.674682611111111,0.06536861111111113,0.9439086111111111,0.0,0.0,1.0
510,0.8410024500000001,0.020794266666666655,0.0,0.6785888888888889,0.05938722222222223,0.9434813888888889,0.0,0.0,1.0
511,0.8370957000000001,0.044606799999999974,0.0,0.6842041111111111,0.04956055555555557,0.9429322222222223,0.0,0.0,1.0
512,0.8343051499999999,0.056512999999999994,0.0,0.6876220555555557,0.04412833333333334,0.9427488888888889,0.0,0.0,1.0
513,0.83039845,0.07809306666666667,0.0,0.6926269444444444,0.0357666666666666,0.9421386111111111,0.0,0.0,1.0
514,0.8259336000000002,0.10264973333333334,0.0,0.6976318333333333,0.02777111111111113,0.9412841666666667,0.0,0.0,1.0
515,0.8197944500000001,0.12869466666666668,0.0,0.7026367222222222,0.02081305555555559,0.9402466666666666,0.0,0.0,1.0
516,0.81086475,0.15548373333333335,0.0,0.7080078333333333,0.0148925,0.93927,0.0,0.0,1.0
517,0.7991445500000001,0.18301693333333333,0.0,0.713501,0.009521388888888854,0.9384766666666665,0.0,0.0,1.0
518,0.78575,0.21575913333333332,0.0,0.7188720555555557,0.003967222222222233,0.9376219444444445,0.0,0.0,1.0
519,0.77123925,0.252222,0.0,0.7241211111111111,0.9978638888888889,0.9367066666666667,0.0,0.0,1.0
520,0.7572865999999999,0.29017318000000003,0.0,0.729370111111111,0.9909666666666667,0.9354858333333333,0.0,0.0,1.0
521,0.7427758499999999,0.3288684893333333,0.0,0.7344970555555557,0.9832152777777777,0.9340819444444445,0.0,0.0,1.0
