,0,1,2,3,4,5,6,7,8,9
0,0.5939911999999999,0.7070839285714285,0.1831187499999999,-0.5339941167636714,-0.2936585232344293,0.1825743937834062,0.7715449084325439,1.0,0.0,0.0
1,0.59622365,0.7026989285714286,0.20776874999999992,-0.4933051222626332,-0.20700376236544682,0.1328340435937809,0.8343588050584255,1.0,0.0,0.0
2,0.59901415,0.6943271428571428,0.24078958333333342,-0.4189153625150639,-0.0807218233312395,0.047644462174078105,0.9031743527753077,1.0,0.0,0.0
3,0.6001303499999999,0.6919353571428571,0.24916124999999992,-0.3976666317400781,-0.05232706016516416,0.013510251858947473,0.9159370075882295,1.0,0.0,0.0
4,0.6023628000000001,0.6823678571428571,0.28171750000000007,-0.301903625482309,0.041111145091317726,-0.12460691190563868,0.9442654246424884,1.0,0.0,0.0
5,0.6045952,0.6755907142857142,0.3054370833333335,-0.23158302316906698,0.06900595051019834,-0.2729518726919098,0.9311845989748966,1.0,0.0,0.0
6,0.6068276499999999,0.6692124999999999,0.32869166666666655,-0.16834007547236549,0.06994756803542111,-0.4397662108254341,0.8794172141436215,1.0,0.0,0.0
7,0.60961815,0.6628342857142856,0.35148083333333346,-0.1121821683595261,0.07659120471281369,-0.616517687025706,0.7755352281149248,1.0,0.0,0.0
8,0.6118506,0.6564557142857144,0.3742699999999998,-0.08000485660741424,0.10898170843301928,-0.7690298495338183,0.6247521914105147,1.0,0.0,0.0
9,0.6129668,0.6504760714285714,0.3961291666666667,-0.06803534455316508,0.1281029663865254,-0.8761039670368964,0.4597854508754248,1.0,0.0,0.0
10,0.6129668,0.644895,0.41845333333333334,-0.08169284384450072,0.1402826403977937,-0.9450871208411044,0.28365012619051155,1.0,0.0,0.0
11,0.6118506,0.6397126071428572,0.4398475000000001,-0.09281137863917238,0.14109422035144575,-0.9796127645426008,0.10879935902254415,1.0,0.0,0.0
12,0.61017625,0.6345302142857143,0.4612416666666667,-0.11276425489562457,0.15905043448317327,-0.9787734152743436,-0.06316473431231778,1.0,0.0,0.0
13,0.60738575,0.6293477857142857,0.48263541666666665,-0.13366918354256735,0.17329252581483345,-0.9460940821826531,-0.23876397870437172,1.0,0.0,0.0
14,0.603479,0.6245640357142858,0.5035645833333334,-0.12925059139555142,0.1856048748254326,-0.9028027564487766,-0.36577629504032505,1.0,0.0,0.0
15,0.59901415,0.6205775714285714,0.5240283333333333,-0.10801138811588165,0.19516951662179832,-0.868658213987642,-0.44235201716584743,1.0,0.0,0.0
16,0.5939911999999999,0.616591107142857,0.5440270833333334,-0.07194195976243506,0.2335738247757626,-0.8381054582054641,-0.48769546207789405,1.0,0.0,0.0
17,0.5895263500000001,0.6110100357142857,0.5696070833333334,-0.02609853274633206,0.26441169063053216,-0.7997808442102058,-0.5382898156948567,1.0,0.0,0.0
18,0.5878520500000001,0.6082195357142857,0.5816991666666667,0.0202010540651954,0.28008834327484655,-0.7732107080414593,-0.5685838885742648,1.0,0.0,0.0
19,0.58561965,0.6038343928571429,0.5993725000000002,0.07651998992636327,0.2866521156696592,-0.7434570562215675,-0.5993720558035205,1.0,0.0,0.0
20,0.5839453,0.5994492857142857,0.6161158333333333,0.13144729010192405,0.2933393142246259,-0.7204125417911137,-0.6145562840661166,1.0,0.0,0.0
21,0.5833872,0.5950641785714286,0.6328587499999999,0.20288234997525928,0.3114965917381171,-0.6926159525732808,-0.6181357194379404,1.0,0.0,0.0
22,0.5833872,0.5902803928571428,0.6486716666666666,0.27202569977453994,0.31568386076966404,-0.6586358585793329,-0.6265337377230344,1.0,0.0,0.0
23,0.5845034,0.5854966785714285,0.6635545833333333,0.34264644044504355,0.3009293033017597,-0.6114864204531891,-0.6466214726298565,1.0,0.0,0.0
24,0.5861777499999999,0.5803142142857143,0.6779725,0.43457064936160245,0.31155449625300974,-0.5294441667916643,-0.6586129522171947,1.0,0.0,0.0
25,0.5878520500000001,0.5751318214285713,0.6914600000000001,0.5258080231862247,0.3426751511501175,-0.40647194950706705,-0.6639881157077759,1.0,0.0,0.0
26,0.59008445,0.5699494285714285,0.7044825,0.5947589634287915,0.3956011334958395,-0.23776050377425018,-0.6582032068008565,1.0,0.0,0.0
27,0.5917588,0.5643683571428572,0.7161095833333332,0.6256781542013918,0.4444650660782511,-0.029958130124595,-0.6403750173379916,1.0,0.0,0.0
28,0.5934331,0.5587873214285715,0.7263416666666668,0.5873667389418805,0.4660387527436353,0.19374829792040568,-0.6326687853678916,1.0,0.0,0.0
29,0.5945493,0.55320625,0.7356433333333333,0.4650143700101084,0.4733109031561284,0.40100543312675185,-0.631611484411468,1.0,0.0,0.0
30,0.59566555,0.5476252142857143,0.7440150000000001,0.29443103320783165,0.47262898457131586,0.5483528776952772,-0.6238920829362751,1.0,0.0,0.0
31,0.59622365,0.5424427857142857,0.7514562499999999,0.10964744425992848,0.46947245004087684,0.6354137095981047,-0.6031769842050155,1.0,0.0,0.0
32,0.59789795,0.5344698571428571,0.7621533333333333,-0.16528192407954792,0.5063597618635025,0.6540551367418672,-0.5371159607009243,1.0,0.0,0.0
33,0.59789795,0.5324766428571428,0.76401375,-0.19697302228157096,0.504535898978709,0.6517325337250095,-0.5309330085984381,1.0,0.0,0.0
34,0.59901415,0.5276928571428572,0.7691295833333333,-0.2987494561703593,0.5464468884616426,0.6191620264103025,-0.47831260236375905,1.0,0.0,0.0
35,0.6001303499999999,0.5225104642857142,0.7737804166666665,-0.3846973573646685,0.5995916449745714,0.5709886725909403,-0.40800703215283435,1.0,0.0,0.0
36,0.6012466,0.5177266785714286,0.77796625,-0.4440559138730529,0.6486746244885884,0.5248115832038821,-0.32650938582832695,1.0,0.0,0.0
37,0.6029209,0.5133415714285714,0.7821520833333334,-0.49792837978264676,0.6867091738232498,0.4725315551688113,-0.23918981701519532,1.0,0.0,0.0
38,0.6045952,0.5093551071428571,0.7858729166666666,-0.5411068646240377,0.7113529685874496,0.4207634584790143,-0.15536546317423633,1.0,0.0,0.0
39,0.6068276499999999,0.5053686428571428,0.7891283333333333,-0.5790359310654583,0.7191534525991068,0.3732266853316146,-0.0907609139790784,1.0,0.0,0.0
40,0.60906005,0.5001862499999999,0.7928491666666666,-0.6204708195202246,0.7204571391305146,0.3087019724984607,-0.02570145862270784,1.0,0.0,0.0
41,0.61017625,0.4977943571428571,0.7947095833333333,-0.6402269187744216,0.7172426721354838,0.27508522840520383,-0.0007475679351803266,1.0,0.0,0.0
42,0.6124087,0.4946051785714286,0.79657,-0.6604235156041022,0.7131650910485533,0.23288828972240952,0.03161293180010266,1.0,0.0,0.0
43,0.614083,0.491416,0.7984300000000001,-0.6753793627555493,0.7085877028477525,0.1966573084783111,0.0556065352177203,1.0,0.0,0.0
44,0.61687355,0.48822685714285713,0.8002904166666668,-0.6880616269317912,0.7050425950140793,0.15945870692899117,0.06371073335258104,1.0,0.0,0.0
45,0.61854785,0.4858349642857143,0.8016858333333334,-0.699571898940587,0.7033043991012008,0.09842044044749948,0.0792180365805688,1.0,0.0,0.0
46,0.6207803000000001,0.4834430714285714,0.8030808333333334,-0.707117054754391,0.6997842635009685,0.03651797175764737,0.09462501345093971,1.0,0.0,0.0
47,0.6224546,0.4810512142857143,0.80494125,-0.7059200557307259,0.696738592885396,-0.048897807410948735,0.11764868265989675,1.0,0.0,0.0
48,0.6235708000000001,0.47865932142857137,0.8063366666666666,-0.6990653888603979,0.6938357905012495,-0.11068139406967298,0.1328499413765794,1.0,0.0,0.0
49,0.6252451,0.4758687857142857,0.8077320833333334,-0.6837703376241906,0.6864628809290476,-0.17884623065122313,0.1709996031391358,1.0,0.0,0.0
50,0.6258032,0.47347689285714284,0.8095920833333333,-0.6679176005508254,0.671371300859801,-0.23083761676617937,0.22329498413971813,1.0,0.0,0.0
51,0.6263613,0.47108503571428567,0.8114525,-0.6441365692500006,0.6561491442181032,-0.288090466866886,0.26750750194547745,1.0,0.0,0.0
52,0.62691945,0.4686931428571429,0.8133129166666667,-0.6316329918455708,0.6363527001098351,-0.3165179445449031,0.3096956497211498,1.0,0.0,0.0
53,0.62747755,0.46669992857142856,0.8156383333333334,-0.6132182640722272,0.6184479354314045,-0.35068552106768286,0.34424580909920344,1.0,0.0,0.0
54,0.62747755,0.46510532142857147,0.81749875,-0.5982626309201391,0.593395852305478,-0.37807396217532474,0.3834361303218826,1.0,0.0,0.0
55,0.62747755,0.46231482142857144,0.8198241666666667,-0.5926909073798842,0.5639871847390056,-0.3937085743854783,0.41908173691385636,1.0,0.0,0.0
56,0.62691945,0.46231482142857144,0.8207541666666667,-0.5939978405411634,0.5532699487550631,-0.3949702995549481,0.43018297468226147,1.0,0.0,0.0
57,0.6263613,0.46111885714285716,0.8221495833333333,-0.6052918169953576,0.5504110761553168,-0.38485247202426626,0.4272681105591848,1.0,0.0,0.0
58,0.6258032,0.45992292857142864,0.8235449999999999,-0.6050600354031616,0.5600568423587695,-0.3850994968083747,0.4146529445729113,1.0,0.0,0.0
59,0.624687,0.45832832142857144,0.8249400000000001,-0.5861206183763922,0.5798190191779355,-0.39838248425198475,0.40195014859411304,1.0,0.0,0.0
60,0.6235708000000001,0.45673375,0.8263354166666667,-0.5650187347598107,0.600477219519418,-0.40856957212047434,0.3914739364835722,1.0,0.0,0.0
61,0.6230127,0.45474050000000005,0.8277308333333333,-0.5037563516814608,0.6126666089555465,-0.4513630602850458,0.4088282673955095,1.0,0.0,0.0
62,0.6224546,0.4527472857142857,0.8295908333333334,-0.43411147893165264,0.6351953249775723,-0.48014484422219367,0.4213490851458621,1.0,0.0,0.0
63,0.6218965,0.44995675,0.83052125,-0.3572335639492479,0.6667824762277546,-0.49392565116726717,0.42874556709392764,1.0,0.0,0.0
64,0.6224546,0.4479635,0.8314512499999999,-0.26549491084721377,0.7103327700411096,-0.49620091246645004,0.42275816087618767,1.0,0.0,0.0
65,0.6230127,0.4459702857142857,0.8319166666666665,-0.17643886105218254,0.7524657953017567,-0.4849467939777674,0.40925684138715135,1.0,0.0,0.0
66,0.6230127,0.44477432142857143,0.8323816666666667,-0.0959840585070558,0.7963622633957906,-0.4622500053657171,0.37804647662826074,1.0,0.0,0.0
67,0.6235708000000001,0.44437571428571426,0.8319166666666665,-0.03310197009808036,0.8259062067228339,-0.43886846677702884,0.3523885159041156,1.0,0.0,0.0
68,0.6241289,0.44357839285714284,0.8319166666666665,0.02697064099540536,0.8545827810288054,-0.4030209991167246,0.32639688902366526,1.0,0.0,0.0
69,0.6241289,0.44317975000000004,0.8314512499999999,0.08720468808369196,0.8761813665567713,-0.3744250258570411,0.29070166027542516,1.0,0.0,0.0
70,0.6241289,0.44198382142857146,0.83098625,0.19635051711477458,0.893819040388195,-0.3284749134661927,0.23374821644595284,1.0,0.0,0.0
71,0.6241289,0.44158517857142854,0.83052125,0.22498621464369065,0.8940016134951951,-0.31825904349162704,0.22102827765714844,1.0,0.0,0.0
72,0.6230127,0.4403892142857143,0.83005625,0.353133794328699,0.8849012232537125,-0.2565293869157011,0.16260080576600433,1.0,0.0,0.0
73,0.6213384,0.4391932857142858,0.8286608333333333,0.523696799166853,0.8327782063568687,-0.1630336217437769,0.07511431115663883,1.0,0.0,0.0
74,0.61910595,0.43759871428571423,0.8277308333333333,0.6974902041834505,0.7152543774407012,-0.03705046515655777,-0.023363511117263508,1.0,0.0,0.0
75,0.61687355,0.43640275,0.8263354166666667,0.8228943250534451,0.5481154774434881,0.1066731514575365,-0.10504852183562532,1.0,0.0,0.0
76,0.614083,0.4356054642857143,0.8254054166666666,0.8901518079492652,0.34181107673817296,0.2390759090846372,-0.18340571506662418,1.0,0.0,0.0
77,0.6112925,0.43480817857142856,0.8244750000000001,0.898778169165787,0.11711297818116986,0.3453518683931995,-0.24334017335791264,1.0,0.0,0.0
78,0.6068276499999999,0.43401089285714284,0.8235449999999999,0.8331376387476939,-0.16693196618392273,0.42762534200441915,-0.30846711403890414,1.0,0.0,0.0
79,0.6045952,0.4336122142857142,0.82308,0.7743032808054356,-0.29314672648527146,0.4468905178564709,-0.3388337219564832,1.0,0.0,0.0
80,0.6012466,0.43321360714285717,0.8226145833333334,0.6853210369187268,-0.45518765327508526,0.4319522782402525,-0.36953552736593187,1.0,0.0,0.0
81,0.59733985,0.4328149285714286,0.8221495833333333,0.5934584857513304,-0.5723592380734871,0.4033576950028759,-0.3968809622086229,1.0,0.0,0.0
82,0.5934331,0.43321360714285717,0.8216845833333334,0.5097873971389754,-0.66547424175804,0.35888552127761647,-0.41044125754134875,1.0,0.0,0.0
83,0.59008445,0.4336122142857142,0.8216845833333334,0.45299739622553375,-0.7351090016869323,0.29889547570455727,-0.40628759426676464,1.0,0.0,0.0
84,0.5861777499999999,0.43480817857142856,0.8216845833333334,0.4038059191643834,-0.7930067023376532,0.2305625069787411,-0.39360142285190747,1.0,0.0,0.0
85,0.582271,0.43640275,0.8216845833333334,0.38613259247228787,-0.8319087369034973,0.152133074138378,-0.3683544519175309,1.0,0.0,0.0
86,0.57780615,0.438396,0.8221495833333333,0.36872840424629544,-0.8494429955447994,0.09233064672377721,-0.36600684815646195,1.0,0.0,0.0
87,0.5738994,0.4403892142857143,0.82308,0.3741892696140069,-0.8595892599423188,0.026547289258216075,-0.3469638830348104,1.0,0.0,0.0
88,0.56943455,0.44238246428571426,0.8240099999999999,0.38223297081341456,-0.8638236966200128,-0.04966550414168333,-0.3244070203914211,1.0,0.0,0.0
89,0.56496975,0.44437571428571426,0.8254054166666666,0.40472805022604197,-0.8606344181904809,-0.12033503293169154,-0.2846455399887509,1.0,0.0,0.0
90,0.5599468,0.4459702857142857,0.8268004166666666,0.42332942565813536,-0.8515714267855424,-0.19075930487465606,-0.24337047901938863,1.0,0.0,0.0
91,0.5543657,0.4479635,0.8281958333333334,0.4606737878764857,-0.8262651055067438,-0.26328542968270885,-0.1890672343433717,1.0,0.0,0.0
92,0.5493428,0.4495581071428571,0.83052125,0.5065375292716321,-0.7871837437775385,-0.3247923145616254,-0.13517188085349371,1.0,0.0,0.0
93,0.5415293,0.45195,0.8333116666666666,0.5704512827146007,-0.7381599219181585,-0.3571813138331429,-0.04611694668421379,1.0,0.0,0.0
94,0.53594825,0.45354457142857146,0.8356370833333333,0.614550377745508,-0.7067710447002339,-0.3476192996522216,0.04430966142380777,1.0,0.0,0.0
95,0.5309253,0.45513914285714285,0.8384275,0.6582348370157838,-0.6884562612257501,-0.28030026547030695,0.11910766933804806,1.0,0.0,0.0
96,0.52701855,0.45633510714285713,0.8412183333333333,0.6880927837339725,-0.6836127529338405,-0.15236229957197162,0.1897041240157658,1.0,0.0,0.0
97,0.5236699,0.4579296785714285,0.84400875,0.6890217966771719,-0.676944931902236,0.026528225197937683,0.25746995192349453,1.0,0.0,0.0
98,0.5219956,0.4591256071428571,0.8463341666666667,0.6523638822941392,-0.6588412025124495,0.21601784613106548,0.30608156609466586,1.0,0.0,0.0
99,0.5208794,0.46032157142857144,0.8486595833333332,0.581203225099617,-0.6373554863651748,0.36930931198308303,0.34581993467207406,1.0,0.0,0.0
100,0.5203213,0.46151749999999997,0.8505199999999999,0.49088225447304257,-0.6082854993109044,0.49086432722729995,0.38480589370127494,1.0,0.0,0.0
101,0.5203213,0.46271342857142855,0.8519154166666668,0.38184150966721153,-0.5838779902135828,0.5793748115995143,0.42143609447132013,1.0,0.0,0.0
102,0.5208794,0.4639093928571429,0.8537758333333333,0.26694324433024336,-0.5634384856887837,0.6327713982282411,0.4592153467987006,1.0,0.0,0.0
103,0.5214375,0.46510532142857147,0.8556358333333334,0.15296717363489767,-0.558690307816601,0.6565464143107181,0.4831283365708138,1.0,0.0,0.0
104,0.5219956,0.4663012857142857,0.85703125,0.033979893052475924,-0.5531040242723491,0.6647475296076772,0.5010309641951936,1.0,0.0,0.0
105,0.5225537,0.4670985714285714,0.8579612500000001,-0.049720440732109294,-0.5496400372321055,0.6630778523550522,0.5057187646915092,1.0,0.0,0.0
106,0.5231118,0.46829449999999995,0.8602866666666666,-0.20667928453618248,-0.5468053610286033,0.6322232659713831,0.5085089108938685,1.0,0.0,0.0
107,0.5236699,0.4690917857142857,0.8616820833333333,-0.3501188183197155,-0.543986521079178,0.5778761808473378,0.4975485881317261,1.0,0.0,0.0
108,0.524228,0.4698891071428571,0.8635425,-0.53627627410969,-0.544029571055826,0.45822174208695565,0.4543923620865981,1.0,0.0,0.0
109,0.52478615,0.4698891071428571,0.8640074999999999,-0.6141440469464831,-0.5400757563245246,0.3860357113794854,0.4267571868995569,1.0,0.0,0.0
110,0.52478615,0.47068639285714287,0.8654029166666667,-0.7182548648783293,-0.517032887604019,0.25860307454535725,0.3871839253509256,1.0,0.0,0.0
111,0.5253442500000001,0.47108503571428567,0.8663329166666666,-0.8033799045645014,-0.4745130988424325,0.10694510485290708,0.3434833220359983,1.0,0.0,0.0
112,0.52590235,0.4718823214285714,0.8667979166666666,-0.8473235744973472,-0.4330763292852164,-0.03627502803234897,0.3052405206638421,1.0,0.0,0.0
113,0.52646045,0.4722809642857143,0.8677283333333333,-0.8677650248464037,-0.390775593882032,-0.155818431649753,0.2645730773107434,1.0,0.0,0.0
114,0.52701855,0.47267960714285717,0.8686583333333333,-0.8667033096677194,-0.3593704623522179,-0.2586942793643756,0.22968568441224402,1.0,0.0,0.0
115,0.52757665,0.47307828571428573,0.8691233333333334,-0.8528594909364895,-0.33080885962324175,-0.3538599375505177,0.19488286664318616,1.0,0.0,0.0
116,0.52813475,0.47347689285714284,0.87005375,-0.8183269024441154,-0.29229213045193514,-0.4666417077356483,0.16477835966426518,1.0,0.0,0.0
117,0.52869285,0.47387557142857145,0.87051875,-0.8053745886015122,-0.27836833038085607,-0.5032168600141445,0.14372068909320007,1.0,0.0,0.0
118,0.529251,0.4742742142857143,0.8709837500000001,-0.7637347742911749,-0.22185189285898138,-0.5902741452008832,0.13808463231171617,1.0,0.0,0.0
119,0.5303671999999999,0.4750715,0.8723791666666667,-0.6885955285650676,-0.1461033808524365,-0.6955387841515501,0.14392984362065572,1.0,0.0,0.0
120,0.5309253,0.4754701428571429,0.8728441666666668,-0.6455490991809648,-0.10886010094864818,-0.7401561725061444,0.15357304213028228,1.0,0.0,0.0
121,0.5320415,0.47626742857142856,0.8737745833333332,-0.5804235149812861,-0.06986867906665148,-0.7923121711786176,0.1745518099146355,1.0,0.0,0.0
122,0.53427395,0.47706471428571423,0.8747045833333335,-0.4928359540030424,-0.03917085536584426,-0.8456091734964901,0.2013044764291195,1.0,0.0,0.0
123,0.53650635,0.47826067857142857,0.8761,-0.39751997107492065,-0.03176586542749331,-0.8935356139738478,0.20630780147782934,1.0,0.0,0.0
124,0.53762255,0.47865932142857137,0.87703,-0.350087486150833,-0.03298850266835977,-0.9144314215515631,0.2004137869795326,1.0,0.0,0.0
125,0.539855,0.47905796428571434,0.87796,-0.29336516070887353,-0.025574355689411417,-0.9362926702630509,0.1914128272217263,1.0,0.0,0.0
126,0.5415293,0.47945660714285715,0.8793554166666667,-0.23312259244585282,-0.027635717224875622,-0.9539449683600765,0.18675952817804034,1.0,0.0,0.0
127,0.5432036,0.4802538928571428,0.8802858333333333,-0.17179923699047756,-0.029235881509185963,-0.9676091628369236,0.1826548477207722,1.0,0.0,0.0
128,0.5448779499999999,0.4806525714285715,0.8812158333333332,-0.11651716682248169,-0.03612553453574115,-0.971737652621564,0.2021005444517691,1.0,0.0,0.0
129,0.5465522500000001,0.4810512142857143,0.8821458333333334,-0.06213553866161185,-0.04619906374747104,-0.9745207916456814,0.21050902117097728,1.0,0.0,0.0
130,0.5482265500000001,0.4818485,0.8830762499999999,-0.01926401764702526,-0.05540230371368927,-0.9763096312843529,0.20827622578854743,1.0,0.0,0.0
131,0.5499009,0.4822471428571428,0.88354125,0.0014810135225265253,-0.060226399203807957,-0.9786971555520898,0.19627140686339942,1.0,0.0,0.0
132,0.5521333,0.48264578571428574,0.88400625,0.025126313007483497,-0.07528277660614799,-0.977659415599736,0.1946361709197482,1.0,0.0,0.0
133,0.5543657,0.4830444285714286,0.8844712499999999,0.050833095496894826,-0.1010110922158243,-0.9748852270779635,0.19186336199680548,1.0,0.0,0.0
134,0.55659815,0.4830444285714286,0.8849366666666666,0.06688874469667826,-0.12467663732444094,-0.9695198201221997,0.20003237320141457,1.0,0.0,0.0
135,0.5588305499999999,0.4834430714285714,0.8854016666666666,0.07647179012291144,-0.1567539714654191,-0.9600256146302869,0.21893167198684543,1.0,0.0,0.0
136,0.5616211,0.4842403928571429,0.8858666666666667,0.0918762306482869,-0.19858925904608307,-0.944052869780627,0.24674935358041628,1.0,0.0,0.0
137,0.56496975,0.484639,0.8863316666666666,0.10823146945972931,-0.2558567372709681,-0.9177521533026534,0.2838208310184181,1.0,0.0,0.0
138,0.56887645,0.48503767857142854,0.8863316666666666,0.13672043661490257,-0.31764572909472916,-0.8793717106368594,0.32728291665058207,1.0,0.0,0.0
139,0.5733412999999999,0.4854363214285714,0.8863316666666666,0.15399729665073425,-0.3647113412171295,-0.8383749881290591,0.37469701025157404,1.0,0.0,0.0
140,0.57836425,0.4858349642857143,0.8858666666666667,0.19804307771005003,-0.41335149772686963,-0.782874288644126,0.42074615491771095,1.0,0.0,0.0
141,0.5828291,0.4858349642857143,0.8858666666666667,0.24873632308484883,-0.4419927660276382,-0.7216317309804103,0.4711902813086067,1.0,0.0,0.0
142,0.58841015,0.4858349642857143,0.8854016666666666,0.3212794856682682,-0.45905132709186774,-0.6500588302073187,0.5132980503113377,1.0,0.0,0.0
143,0.5939911999999999,0.4858349642857143,0.8849366666666666,0.41586776778645246,-0.44720745024892594,-0.5717205601042493,0.547900627223816,1.0,0.0,0.0
144,0.6001303499999999,0.4854363214285714,0.8844712499999999,0.5281166247461185,-0.41472468724828637,-0.4897784012008222,0.5560695839287965,1.0,0.0,0.0
145,0.6057114,0.484639,0.88354125,0.6170824132340615,-0.34159759946574675,-0.43813556009971466,0.5572769565418755,1.0,0.0,0.0
146,0.6129668,0.4834430714285714,0.8826112500000001,0.7333219250754275,-0.22882391460348162,-0.37893323283346814,0.516031176736042,1.0,0.0,0.0
147,0.6163154000000001,0.4830444285714286,0.8821458333333334,0.7781534173640485,-0.15606509992283202,-0.3585925626001987,0.4914593754101674,1.0,0.0,0.0
148,0.6207803000000001,0.4822471428571428,0.8812158333333332,0.8209978254481647,-0.056005620021831945,-0.35189036366348975,0.4460931663858259,1.0,0.0,0.0
149,0.6252451,0.48144985714285715,0.8802858333333333,0.8499851085305339,0.033539388179941815,-0.3561334645466894,0.38674200721776203,1.0,0.0,0.0
150,0.6285937500000001,0.4806525714285715,0.8793554166666667,0.8660084216399778,0.11014156389226615,-0.36990632271048157,0.3179112485754619,1.0,0.0,0.0
151,0.6313843,0.47985525,0.87796,0.8676717795843103,0.1765804341045665,-0.3897673597146037,0.2530739783255991,1.0,0.0,0.0
152,0.6341748,0.47865932142857137,0.87703,0.8628933591830962,0.2330869221664577,-0.4143381946875196,0.17149168439247142,1.0,0.0,0.0
153,0.63696535,0.477862,0.8756345833333333,0.851519094258023,0.2906749864135834,-0.42866035689249754,0.08169199970777913,1.0,0.0,0.0
154,0.63975585,0.47706471428571423,0.8742395833333334,0.8262737040854157,0.31981329591249186,-0.4634969394916061,-0.012720407873581557,1.0,0.0,0.0
155,0.6425464,0.4758687857142857,0.8723791666666667,0.788298657767504,0.3354301264391771,-0.5024186596205743,-0.11682185970106279,1.0,0.0,0.0
156,0.645895,0.4746728571428571,0.87051875,0.7426400324862951,0.34443103441610934,-0.5324059907671681,-0.21539940964411594,1.0,0.0,0.0
157,0.6486855499999999,0.47387557142857145,0.8691233333333334,0.6768493446227173,0.34832253458606416,-0.5621132083731436,-0.3233807625010946,1.0,0.0,0.0
158,0.6520341999999999,0.47267960714285717,0.8672633333333334,0.6020936299365873,0.3493894549298313,-0.5826531264737985,-0.41943486238500366,1.0,0.0,0.0
159,0.6548247,0.4714836785714286,0.8654029166666667,0.5134623909454921,0.3595189446345575,-0.5941623908963675,-0.5040570947598146,1.0,0.0,0.0
160,0.65761525,0.4702877142857143,0.8635425,0.40019961992425346,0.365897750844839,-0.6033412631921671,-0.5847550087590969,1.0,0.0,0.0
161,0.66040575,0.46829449999999995,0.8612170833333334,0.2271758445052676,0.3456111715819077,-0.6143520041596525,-0.6719491563623828,1.0,0.0,0.0
162,0.6620800499999999,0.46749721428571434,0.8598216666666668,0.14691635819362245,0.33665757940152463,-0.6126448797715649,-0.6998167683160458,1.0,0.0,0.0
163,0.6643125,0.4663012857142857,0.8579612500000001,0.04205955485530788,0.2921695950392298,-0.6227507450464195,-0.7246029472229016,1.0,0.0,0.0
164,0.6665449000000001,0.46470667857142856,0.8556358333333334,-0.04897449296311196,0.2471342858824344,-0.6274389440006517,-0.7367811855169297,1.0,0.0,0.0
165,0.6693354499999999,0.4631121071428571,0.8533104166666666,-0.12485947790677082,0.20214047458321688,-0.6282145683869075,-0.7408750200800214,1.0,0.0,0.0
166,0.672126,0.46111885714285716,0.850985,-0.20860269299726178,0.15064847359825365,-0.6257247373785242,-0.7363820386928129,1.0,0.0,0.0
167,0.6743584,0.4595242857142857,0.8486595833333332,-0.29130136074473395,0.11573993040180908,-0.6163494879679247,-0.7223995393274609,1.0,0.0,0.0
168,0.6765907999999999,0.4575310357142857,0.8463341666666667,-0.3575424550272002,0.06614084524348851,-0.6065417760799342,-0.7070331359373466,1.0,0.0,0.0
169,0.67826515,0.45513914285714285,0.84400875,-0.40697907398984545,0.03106055781949485,-0.5914801793874751,-0.6953808111201156,1.0,0.0,0.0
170,0.67993945,0.4527472857142857,0.8416833333333332,-0.4489673296061526,-0.026415517742839734,-0.5767919692594325,-0.6819395732515631,1.0,0.0,0.0
171,0.68105565,0.4503553928571429,0.8398229166666668,-0.4959585256048473,-0.09010783464784458,-0.5529339454072888,-0.6634529154591695,1.0,0.0,0.0
172,0.68217185,0.4479635,0.8379625,-0.5279193936870147,-0.15437543991363364,-0.5301989881090045,-0.6452583748614151,1.0,0.0,0.0
173,0.6827300000000001,0.445173,0.8356370833333333,-0.5529344354283745,-0.23903040577773696,-0.509852136125326,-0.6141488211497903,1.0,0.0,0.0
174,0.6838462,0.44238246428571426,0.8333116666666666,-0.5750570121794097,-0.34778773521281814,-0.4844956187579813,-0.5600152849549285,1.0,0.0,0.0
175,0.6849624000000001,0.4395919285714286,0.83052125,-0.5802349753315853,-0.48464401541542823,-0.4466902962232089,-0.47845097030310907,1.0,0.0,0.0
176,0.6860786,0.43440953571428575,0.8258704166666666,-0.5422051116823362,-0.7132412062248553,-0.3383832701425076,-0.28774530594976083,1.0,0.0,0.0
177,0.6866367,0.43321360714285717,0.8249400000000001,-0.5131190125685849,-0.7577564825154303,-0.3189576553868977,-0.24653601403562836,1.0,0.0,0.0
178,0.6871948,0.43002442857142853,0.8221495833333333,-0.4240729682147671,-0.8574441395012189,-0.2582550270014562,-0.13511478932007587,1.0,0.0,0.0
179,0.6877529499999999,0.4272338928571428,0.8193591666666667,-0.29578790499268254,-0.9306853900939616,-0.214426636227191,-0.018853052855767286,1.0,0.0,0.0
180,0.6877529499999999,0.4240447142857143,0.8165687500000001,-0.09737435544636593,-0.9708977970202598,-0.1987588696226599,0.09149106179804416,1.0,0.0,0.0
181,0.6871948,0.42125417857142855,0.8142433333333333,0.14751072618484423,-0.9441081043745014,-0.2045163240458092,0.21230531343702821,1.0,0.0,0.0
182,0.6866367,0.41806499999999996,0.8119175,0.42976955556008817,-0.8175031842681353,-0.24678921105226448,0.2933969293181923,1.0,0.0,0.0
183,0.6855205,0.41527450000000005,0.8095920833333333,0.690655533521306,-0.5617300810008772,-0.33677566455236224,0.30665355351024853,1.0,0.0,0.0
184,0.6838462,0.4108893571428571,0.8068016666666668,0.8651831802467151,-0.07867999077228785,-0.47080787699880666,0.15364721483362193,1.0,0.0,0.0
185,0.6827300000000001,0.4088961428571429,0.8054066666666667,0.8471090772175978,0.17309694340869775,-0.5023282929530704,0.010485493644577334,1.0,0.0,0.0
186,0.68049755,0.4057069642857143,0.80354625,0.6915055021076464,0.47199446796853206,-0.4750540224569985,-0.27085981338947185,1.0,0.0,0.0
187,0.67826515,0.40291642857142856,0.8016858333333334,0.4429521839044541,0.6266737237256045,-0.3426015683887867,-0.5419387161881893,1.0,0.0,0.0
188,0.6760327,0.40012589285714284,0.8002904166666668,0.15506078960017966,0.6545191380431811,-0.1240005275843861,-0.7295099167403923,1.0,0.0,0.0
189,0.6732422,0.39773403571428567,0.7988954166666667,-0.08284292372277603,0.5943572080153465,0.13033759058990146,-0.7892329641800852,1.0,0.0,0.0
190,0.6704516500000001,0.39534214285714286,0.7975,-0.2448532206336725,0.4801045292942375,0.384329389048232,-0.7495581778689959,1.0,0.0,0.0
191,0.66766115,0.3933489285714286,0.7961045833333333,-0.34233351085084945,0.3528239800214988,0.6059751351585904,-0.6253935897015963,1.0,0.0,0.0
192,0.6643125,0.3913556785714286,0.7947095833333333,-0.37198091663990346,0.21655477109184634,0.792382853851315,-0.4322772740909948,1.0,0.0,0.0
193,0.65984765,0.38976110714285717,0.7933141666666667,-0.3526768254964366,0.09783305774885001,0.914603256952781,-0.1718971551266382,1.0,0.0,0.0
194,0.6559409,0.38856514285714283,0.7923841666666668,-0.28700967436884467,-0.01619601825724147,0.9499759213462833,0.1221019437747866,1.0,0.0,0.0
195,0.65091795,0.38736921428571425,0.79145375,-0.19041215899800004,-0.07018825666420023,0.8934953495783201,0.40060314353993304,1.0,0.0,0.0
196,0.6464531499999999,0.3861732857142857,0.7905237500000001,-0.10446530527578221,-0.08199470870047915,0.7620711517913373,0.6337281967422517,1.0,0.0,0.0
197,0.6414302000000001,0.3857746071428571,0.79005875,-0.05073311602225272,-0.07331181953335411,0.5918023153166043,0.8011376583592161,1.0,0.0,0.0
198,0.63696535,0.3853759642857143,0.7895933333333334,-0.02867323893498412,-0.04468210120996318,0.39334698504553633,0.9178559279952526,1.0,0.0,0.0
199,0.63026805,0.38497732142857144,0.7891283333333333,-0.06444649580235451,0.04012035495891006,0.06743053728467627,0.9948317088524411,1.0,0.0,0.0
200,0.6285937500000001,0.38497732142857144,0.7891283333333333,-0.07845373084506738,0.05557442151240445,0.003131176503013945,0.9953625929899909,1.0,0.0,0.0
201,0.624687,0.38497732142857144,0.7886633333333334,-0.1495247385331813,0.13099404823741595,-0.15899899692122266,0.9670585457308167,1.0,0.0,0.0
202,0.62022215,0.3853759642857143,0.7886633333333334,-0.21324655551128915,0.19868869428879515,-0.27999347762351473,0.9146870294328409,1.0,0.0,0.0
203,0.6151992,0.3857746071428571,0.7886633333333334,-0.28047558227709246,0.2577315511492818,-0.349506190706747,0.8560101155629939,1.0,0.0,0.0
204,0.61017625,0.3865719285714286,0.7886633333333334,-0.3505875111819706,0.316846420103796,-0.36823432828325814,0.8006873438143121,1.0,0.0,0.0
205,0.6051533,0.38776785714285716,0.7886633333333334,-0.42730867529565575,0.38426870836945515,-0.3520160700616231,0.738802776255959,1.0,0.0,0.0
206,0.59957225,0.3889637857142857,0.7891283333333333,-0.48613690509238416,0.434674819089395,-0.32798675464621696,0.6834862104925323,1.0,0.0,0.0
207,0.5939911999999999,0.39055839285714283,0.7895933333333334,-0.532663235575823,0.47339678856099854,-0.28622039175379993,0.6405023383176129,1.0,0.0,0.0
208,0.58841015,0.39255160714285714,0.79005875,-0.5752605462312508,0.5082360406789718,-0.2409864668776564,0.5938829461152338,1.0,0.0,0.0
209,0.5833872,0.3949435,0.7905237500000001,-0.6175227956676306,0.5281666936479121,-0.17665093023211162,0.555427753537754,1.0,0.0,0.0
210,0.57892235,0.3969367142857143,0.79145375,-0.6568508192329562,0.5434058652851104,-0.09530831189449906,0.5139780078277236,1.0,0.0,0.0
211,0.5744575000000001,0.3993286071428571,0.7923841666666668,-0.6899028670451083,0.5403302844075318,-0.012366517776109531,0.48158518149244217,1.0,0.0,0.0
212,0.56999265,0.4021191428571429,0.7933141666666667,-0.717633496008494,0.5333397568897558,0.07736933616196934,0.44109506339252885,1.0,0.0,0.0
213,0.5655278499999999,0.4049096785714286,0.7937791666666666,-0.7444572208854651,0.5046797749606606,0.1701030372434049,0.40267446869365286,1.0,0.0,0.0
214,0.55827245,0.4096934285714286,0.7956395833333333,-0.7723960197668076,0.41404129311107585,0.3356196097962047,0.34544706362559363,1.0,0.0,0.0
215,0.55715625,0.4108893571428571,0.7961045833333333,-0.7771590950265842,0.3913790201079476,0.3686736914050635,0.32699527963346425,1.0,0.0,0.0
216,0.5521333,0.4136798928571429,0.797035,-0.7884248344144617,0.32353975255993944,0.4423384209264989,0.2793654065274246,1.0,0.0,0.0
217,0.54711035,0.4164704285714286,0.7984300000000001,-0.7962839793449257,0.2408264827613367,0.5074708583986479,0.22451671945659843,1.0,0.0,0.0
218,0.5409712,0.4192609642857143,0.8002904166666668,-0.8038548380409098,0.14753615083814914,0.5494632448936635,0.17361055862190938,1.0,0.0,0.0
219,0.53483205,0.4224501428571429,0.8016858333333334,-0.8026923172943854,0.037623798611530354,0.5857504081924012,0.10566907228249967,1.0,0.0,0.0
220,0.52869285,0.42524064285714286,0.80401125,-0.8066273424184707,-0.08648703915405748,0.5828261867710213,0.046754235479050235,1.0,0.0,0.0
221,0.5225537,0.4276325357142857,0.8058716666666667,-0.8092139728547633,-0.21897845746734426,0.5451281165528048,0.007517835155463587,1.0,0.0,0.0
222,0.513624,0.4312203571428571,0.8091270833333333,-0.8126788678801384,-0.3994295599050037,0.423517447487714,-0.025338824926247533,1.0,0.0,0.0
223,0.5091592,0.43321360714285717,0.8105224999999999,-0.8090612198883926,-0.47728832286159406,0.3419281262521324,-0.026475570067112958,1.0,0.0,0.0
224,0.50302,0.4356054642857143,0.8133129166666667,-0.7844563224921136,-0.5981839831041429,0.159038844171466,-0.038869609007755185,1.0,0.0,0.0
225,0.497438965,0.4372000357142857,0.8165687500000001,-0.7093637666591083,-0.7025913301047239,-0.036448465378434436,-0.04289497388312441,1.0,0.0,0.0
226,0.49241601500000004,0.4387946428571428,0.8193591666666667,-0.5739285311719667,-0.7840452614843874,-0.22839430577932218,-0.06095170332524741,1.0,0.0,0.0
227,0.488509275,0.4403892142857143,0.8226145833333334,-0.3768155608067819,-0.8456086623850865,-0.36938930886740373,-0.08066945969595525,1.0,0.0,0.0
228,0.485160645,0.44158517857142854,0.8254054166666666,-0.13556669177760913,-0.8890274989226253,-0.42592719999792455,-0.0991856770999934,1.0,0.0,0.0
229,0.48292821999999996,0.44317975000000004,0.8281958333333334,0.10657355981899425,-0.8987000247379122,-0.4048722031154859,-0.13060949823039641,1.0,0.0,0.0
230,0.48181200999999996,0.44477432142857143,0.83052125,0.3145156839801801,-0.8781209135994038,-0.33496423487025356,-0.13335106669094632,1.0,0.0,0.0
231,0.481253905,0.44676757142857143,0.8328466666666667,0.4921511086045971,-0.8335927413321753,-0.222155244813393,-0.11643657114273193,1.0,0.0,0.0
232,0.4806958,0.44876082142857143,0.8347070833333334,0.6233615130588758,-0.7727018761494782,-0.07873474494709268,-0.09029437728973919,1.0,0.0,0.0
233,0.480137695,0.4507540357142857,0.8365675,0.7122570579986105,-0.6989569123081855,0.05349452457426024,-0.03588110795871979,1.0,0.0,0.0
234,0.47957959,0.4531459285714286,0.8384275,0.764523826505622,-0.6111670999388343,0.20132920795769846,0.03800848169399018,1.0,0.0,0.0
235,0.47957959,0.4555378214285714,0.8407533333333332,0.7651898403570014,-0.507981229565845,0.3636926931447813,0.15545804442451647,1.0,0.0,0.0
236,0.47957959,0.45713239285714286,0.84307875,0.6528290848011011,-0.385335310631542,0.5784674745479601,0.30117480855535506,1.0,0.0,0.0
237,0.47957959,0.458727,0.8477295833333334,0.12075707348862019,-0.22674476736057098,0.7808747917655124,0.5694199673898275,1.0,0.0,0.0
238,0.47957959,0.458727,0.8486595833333332,-0.03165744928772868,-0.2144811960747815,0.7528988557099647,0.6214007849251172,1.0,0.0,0.0
239,0.47957959,0.4595242857142857,0.850985,-0.3704301140775178,-0.22551801744348746,0.5463923369648275,0.7165044092669565,1.0,0.0,0.0
240,0.47957959,0.46032157142857144,0.8533104166666666,-0.5644807555406782,-0.28023238602847683,0.17279203900808993,0.7569505913204893,1.0,0.0,0.0
241,0.480137695,0.46151749999999997,0.8551708333333333,-0.5410170660265077,-0.3338454757484792,-0.22948639037520635,0.7370099926207917,1.0,0.0,0.0
242,0.480137695,0.46231482142857144,0.85703125,-0.3122110453129156,-0.35005400748479054,-0.5468135469336173,0.6935282257546057,1.0,0.0,0.0
243,0.480137695,0.4631121071428571,0.8584266666666666,0.013155518870053895,-0.3282245624478449,-0.6818645454486788,0.6535719628237177,1.0,0.0,0.0
244,0.480137695,0.46351075,0.8598216666666668,0.3166003947680197,-0.3099538810005189,-0.6324747170602709,0.6353491276180211,1.0,0.0,0.0
245,0.4806958,0.46470667857142856,0.8616820833333333,0.5994084664781636,-0.32359064579298885,-0.2832366308799396,0.6751115427818971,1.0,0.0,0.0
246,0.481253905,0.46470667857142856,0.8621470833333333,0.6157843343472443,-0.342828474407194,-0.18834359685471852,0.6839627038311258,1.0,0.0,0.0
247,0.481253905,0.4655039642857143,0.8630775,0.5577948794739044,-0.41561038451413435,0.09802161028702842,0.7117054479441925,1.0,0.0,0.0
248,0.48181200999999996,0.4663012857142857,0.8644724999999999,0.35296700555856164,-0.517931520406647,0.35903345475623377,0.6915607070403035,1.0,0.0,0.0
249,0.48181200999999996,0.4670985714285714,0.8654029166666667,0.03455473633069159,-0.6081246052487705,0.5079716687865519,0.6090609315974461,1.0,0.0,0.0
250,0.482370115,0.46789585714285714,0.8667979166666666,-0.33845264143256426,-0.6541712237518339,0.48483329730040303,0.47164233625827845,1.0,0.0,0.0
251,0.482370115,0.4686931428571429,0.8681933333333333,-0.672545867019132,-0.6205178352379616,0.2774882892095666,0.2926429945490341,1.0,0.0,0.0
252,0.482370115,0.46949042857142853,0.86958875,-0.8651041009814078,-0.45231574351003323,-0.18627347939386374,0.11093941370234386,1.0,0.0,0.0
253,0.48292821999999996,0.4702877142857143,0.87051875,-0.8241410336782256,-0.3201388955818857,-0.4622503268085778,0.06802410976087267,1.0,0.0,0.0
254,0.48348633,0.4714836785714286,0.8719141666666667,-0.5471323475355203,-0.11393827356304662,-0.81420134468431,0.15729092285317722,1.0,0.0,0.0
255,0.48404443500000005,0.47307828571428573,0.8737745833333332,-0.16839953296308996,-0.03737646672396641,-0.903773817050827,0.3917109708017173,1.0,0.0,0.0
256,0.48571875000000003,0.4754701428571429,0.8761,0.13216681571499939,-0.14208869724721682,-0.7491428088748794,0.6333464982530512,1.0,0.0,0.0
257,0.488509275,0.47826067857142857,0.87796,0.2980065775412233,-0.3312553580836276,-0.4844775822226617,0.7528236445587628,1.0,0.0,0.0
258,0.49185790999999995,0.48144985714285715,0.8807508333333334,0.36258491703465645,-0.5055410536717364,-0.20695001988297343,0.7550709306163749,1.0,0.0,0.0
259,0.495206545,0.4842403928571429,0.88354125,0.35203307940883,-0.6509706039773824,0.03971151585099228,0.6713665014491523,1.0,0.0,0.0
260,0.49967138999999994,0.48663225,0.8872620833333333,0.282787652790946,-0.7880316263565078,0.20378355664429604,0.5074539992278175,1.0,0.0,0.0
261,0.50357815,0.4878281785714286,0.8909824999999999,0.18281053637662625,-0.9107509922180193,0.26686077055779106,0.25670657782940803,1.0,0.0,0.0
262,0.50636865,0.4886255,0.8947033333333333,0.11371993670299928,-0.9613446429199616,0.24741514092868605,-0.04086565262657436,1.0,0.0,0.0
263,0.5086011,0.4886255,0.8979591666666668,0.07470021006684952,-0.910602255508836,0.20794766006999066,-0.349258044359188,1.0,0.0,0.0
264,0.5102754,0.48902414285714285,0.9007495833333333,0.06828004808217666,-0.7801831929382649,0.1444761048634211,-0.6047963918659267,1.0,0.0,0.0
265,0.5113916,0.4894227857142857,0.903075,0.07556112667959725,-0.5918957080225613,0.08017357885562733,-0.7984498633056815,1.0,0.0,0.0
266,0.5125078000000001,0.4898214285714286,0.9049354166666667,0.10710011568970872,-0.3572875946339443,0.029346612740696915,-0.9273693526640768,1.0,0.0,0.0
267,0.51474025,0.4906187142857143,0.9072608333333334,0.16540097863323205,-0.0009155854959411267,-0.05608163630273246,-0.9846301478423138,1.0,0.0,0.0
268,0.51529835,0.4910173928571429,0.9077258333333335,0.16895521285344858,0.05672236519961996,-0.06852408124208356,-0.981601324176845,1.0,0.0,0.0
269,0.5175307499999999,0.4918146785714286,0.9086558333333333,0.17612087613251942,0.1935146471481366,-0.11165811012817747,-0.9586792919282495,1.0,0.0,0.0
270,0.5203213,0.49301060714285716,0.90912125,0.16300707099765271,0.26658378759069584,-0.14839187077636212,-0.9382652245959329,1.0,0.0,0.0
271,0.5231118,0.4938078928571428,0.91005125,0.13450196099037984,0.30141391580959664,-0.17509653981926462,-0.9275775307700099,1.0,0.0,0.0
272,0.52646045,0.4942065357142857,0.91098125,0.10134239710601436,0.3162907651010442,-0.16210989929927114,-0.9291987144899538,1.0,0.0,0.0
273,0.529251,0.4946051785714286,0.9119116666666667,0.08046986338238415,0.3358285906109886,-0.1226335029645826,-0.9304325783022074,1.0,0.0,0.0
274,0.5314834,0.4950038214285714,0.9133066666666667,0.07273205702684639,0.3369041370560329,-0.06747823373983246,-0.9362971420903333,1.0,0.0,0.0
275,0.5337158,0.4950038214285714,0.9142370833333332,0.08549212250341535,0.335973736997022,-0.004755110959116293,-0.9379712863184476,1.0,0.0,0.0
276,0.53483205,0.4950038214285714,0.9147020833333334,0.0990385369904286,0.3237580993215066,0.022143839776552543,-0.9406815144747298,1.0,0.0,0.0
277,0.53594825,0.4950038214285714,0.9156325,0.11317658961252416,0.3103076468081062,0.048647952837893416,-0.9426206026714968,1.0,0.0,0.0
278,0.53706445,0.4950038214285714,0.9160974999999999,0.13040132624464879,0.30760289533788054,0.06575853016944352,-0.9402402717408693,1.0,0.0,0.0
279,0.53873875,0.4950038214285714,0.9165625,0.14615070656606385,0.28171817316782843,0.0898425196907558,-0.9440355732348427,1.0,0.0,0.0
280,0.539855,0.4950038214285714,0.9170275,0.16157626800419878,0.26504274267286254,0.1147729274468344,-0.9436485729865572,1.0,0.0,0.0
281,0.5415293,0.49540249999999997,0.9174925000000002,0.17896232372255594,0.2368827785561632,0.1371265791999481,-0.9450160512860377,1.0,0.0,0.0
282,0.5437617,0.49540249999999997,0.9179579166666666,0.18573163435897203,0.19637645821444336,0.16434803627849534,-0.9486462826727877,1.0,0.0,0.0
283,0.5459941500000001,0.49580114285714283,0.9184229166666666,0.20714896238392677,0.15578179094611394,0.18231557744297833,-0.9484631628136735,1.0,0.0,0.0
284,0.5482265500000001,0.49619978571428575,0.9188879166666667,0.21294837504515757,0.11112986208641187,0.18339756547461092,-0.9532410378788083,1.0,0.0,0.0
285,0.550459,0.49659842857142855,0.9198179166666667,0.2083429599933794,0.08159155313215036,0.1753937898765381,-0.9587351291944117,1.0,0.0,0.0
286,0.5532495,0.49699707142857147,0.9202833333333333,0.18405774180361176,0.04484393380018434,0.1646837177941643,-0.9679829762846927,1.0,0.0,0.0
287,0.55604005,0.4973957142857143,0.9207483333333334,0.14956433043804174,0.012628412679704538,0.1347313535001119,-0.9794480571412857,1.0,0.0,0.0
288,0.55938865,0.4977943571428571,0.9207483333333334,0.08069403464957484,-0.028834662815784028,0.09646962621834737,-0.991640381494,1.0,0.0,0.0
289,0.5632954,0.4985916785714286,0.9212133333333333,-0.015559456786707063,-0.0748769914752539,0.055990997700452974,-0.9954980399923574,1.0,0.0,0.0
290,0.5705508,0.4997876071428572,0.9212133333333333,-0.1987878068984778,-0.189685089385408,-0.0066865872272625845,-0.9614875268273612,1.0,0.0,0.0
291,0.57501565,0.5001862499999999,0.9212133333333333,-0.3406966131859666,-0.25827743795133784,-0.05889943513848353,-0.9020806168792633,1.0,0.0,0.0
292,0.582271,0.5005848928571428,0.9207483333333334,-0.516699111867999,-0.3918629306136667,-0.09008384806325201,-0.7558772200058727,1.0,0.0,0.0
293,0.5895263500000001,0.5005848928571428,0.9207483333333334,-0.6325000506023386,-0.5061257594328055,-0.08740870829568506,-0.5797759216634346,1.0,0.0,0.0
294,0.59622365,0.5001862499999999,0.9202833333333333,-0.6994856432610427,-0.59417912006107,-0.03502743419807369,-0.39553013413473015,1.0,0.0,0.0
295,0.6023628000000001,0.5001862499999999,0.9198179166666667,-0.7248802338000779,-0.6464141000166719,0.020843701212413968,-0.23719822525758497,1.0,0.0,0.0
296,0.60850195,0.4997876071428572,0.9193529166666666,-0.7282889267531979,-0.6698346610692079,0.12123141673023563,-0.07886513549442947,1.0,0.0,0.0
297,0.614083,0.4993889642857143,0.9184229166666666,-0.7104330595653056,-0.6723749184594967,0.19962855485707923,0.057838369521781174,1.0,0.0,0.0
298,0.61910595,0.4993889642857143,0.9174925000000002,-0.6760229475737528,-0.6558280512344995,0.27518954843862153,0.19275179376026957,1.0,0.0,0.0
299,0.6241289,0.49899028571428566,0.9165625,-0.6182452826853194,-0.6133132696104973,0.3585174952079936,0.3362808489742123,1.0,0.0,0.0
300,0.6291518500000001,0.4985916785714286,0.9151670833333334,-0.5383640634387906,-0.5427548861032391,0.44397812538329384,0.46740206780658344,1.0,0.0,0.0
301,0.6341748,0.49819300000000005,0.9137720833333333,-0.4477739252921177,-0.45670212011846506,0.515807010307446,0.5699691337480326,1.0,0.0,0.0
302,0.63919775,0.4977943571428571,0.9123766666666667,-0.3376076004793951,-0.3487816831787543,0.5741436575249277,0.6593417217963979,1.0,0.0,0.0
303,0.6442207,0.4973957142857143,0.91098125,-0.2090736075299518,-0.22050648890368613,0.6044833979634073,0.7363864043913312,1.0,0.0,0.0
304,0.6492436500000001,0.49659842857142855,0.90912125,-0.05987181978124663,-0.06681400055237605,0.6179379715465716,0.781091491342197,1.0,0.0,0.0
305,0.6559409,0.49540249999999997,0.9063304166666666,0.15442171467049073,0.17585065405932118,0.5573729983413139,0.7965963985765615,1.0,0.0,0.0
306,0.6570571,0.4950038214285714,0.9058654166666668,0.20203089848074743,0.23132478080960536,0.54309662007252,0.7814847555187847,1.0,0.0,0.0
307,0.66040575,0.4942065357142857,0.9044699999999999,0.3257180963208596,0.38449978406715846,0.4736684341021251,0.7222920824131084,1.0,0.0,0.0
308,0.6637544,0.49340925,0.90261,0.4418779816387497,0.5249113417883108,0.3892182635966984,0.6145901690457073,1.0,0.0,0.0
309,0.66766115,0.49301060714285716,0.9007495833333333,0.5528418240589712,0.6463877356284922,0.266116661029717,0.45357550145771186,1.0,0.0,0.0
310,0.672126,0.49221332142857144,0.8984241666666666,0.6396253064053106,0.7235537202870191,0.09957245947870455,0.23965559993058463,1.0,0.0,0.0
311,0.6777070500000001,0.4910173928571429,0.8951683333333333,0.6688161087979789,0.7353825848984822,-0.10838413845647163,-0.012261524024568204,1.0,0.0,0.0
312,0.6832881000000001,0.4898214285714286,0.8919129166666667,0.6126644759419565,0.6661337968036325,-0.33250186983371677,-0.26523670792676207,1.0,0.0,0.0
313,0.6894272499999999,0.48822685714285713,0.8886570833333334,0.4847074101581729,0.5220650099513543,-0.5159416959723806,-0.4757215764282639,1.0,0.0,0.0
314,0.6950083,0.4862336071428571,0.8858666666666667,0.3140122911911779,0.33187588774669613,-0.6368272099676278,-0.6210521562300998,1.0,0.0,0.0
315,0.70058935,0.48384171428571426,0.8826112500000001,0.14710049660473848,0.10274247962495062,-0.680207199062841,-0.7107204746749883,1.0,0.0,0.0
316,0.7050542,0.48144985714285715,0.8798204166666667,-0.0176395156185134,-0.1492061131159346,-0.6657515636075784,-0.7308907160798006,1.0,0.0,0.0
317,0.70896095,0.47905796428571434,0.87703,-0.15332920596480223,-0.394214448724361,-0.5984548325472185,-0.6803946916430432,1.0,0.0,0.0
318,0.7117514500000001,0.47706471428571423,0.8742395833333334,-0.2295719195706046,-0.6126135138930352,-0.4953935477707882,-0.5714776016322665,1.0,0.0,0.0
319,0.714542,0.4750715,0.8714491666666667,-0.25748805561655724,-0.7926922397635432,-0.3669166041961117,-0.4131720220424609,1.0,0.0,0.0
320,0.7190068000000001,0.4718823214285714,0.8667979166666666,-0.2023800337623404,-0.9596224247210301,-0.1506464367108837,-0.12438960974775429,1.0,0.0,0.0
321,0.71956495,0.47108503571428567,0.8658679166666666,-0.1797896637758541,-0.9746060268490995,-0.11737710007497591,-0.06357189321364023,1.0,0.0,0.0
322,0.7229136,0.4690917857142857,0.8630775,-0.10077904216693288,-0.9901842995993272,-0.01368720758574143,0.09587125656530279,1.0,0.0,0.0
323,0.7262622000000001,0.4663012857142857,0.8598216666666668,0.013069209141351115,-0.966868085765929,0.05160898402874416,0.24966339993533057,1.0,0.0,0.0
324,0.72961085,0.4639093928571429,0.85703125,0.16262962575663248,-0.9066579725578591,0.04493868149383242,0.386656747683428,1.0,0.0,0.0
325,0.73295945,0.4607202142857143,0.8542408333333333,0.31238642960549556,-0.8156354095095044,-0.031598935895684355,0.4859579247248205,1.0,0.0,0.0
326,0.73575,0.4579296785714285,0.8514499999999999,0.4309226977618184,-0.6955016826752768,-0.1810581259299484,0.5457114557935078,1.0,0.0,0.0
327,0.7379824,0.4555378214285714,0.8486595833333332,0.49510253291669104,-0.571978535762763,-0.36487644408541486,0.542751524251886,1.0,0.0,0.0
328,0.74021485,0.45195,0.8454041666666666,0.45054876795090215,-0.4307758851872463,-0.6342586218892734,0.45733351615444523,1.0,0.0,0.0
329,0.74133105,0.4503553928571429,0.8435437499999999,0.3856165318627607,-0.3890560439963199,-0.7438342017737136,0.382943814750588,1.0,0.0,0.0
330,0.74300535,0.4475648571428571,0.8412183333333333,0.22074445964103556,-0.3517187891067462,-0.8742637113850377,0.25145325585947603,1.0,0.0,0.0
331,0.7446797,0.44477432142857143,0.8384275,0.01747787281803514,-0.36145043569603713,-0.9291535006758678,0.07564310066808143,1.0,0.0,0.0
332,0.7469121,0.44198382142857146,0.8356370833333333,-0.21605700388200963,-0.41894897843676193,-0.874158789951496,-0.11682266257391694,1.0,0.0,0.0
333,0.7485864,0.438396,0.8328466666666667,-0.4441789493087498,-0.5132641197573489,-0.6700347966472877,-0.3005301576256808,1.0,0.0,0.0
334,0.75026075,0.43480817857142856,0.83005625,-0.5974114012149631,-0.5891298379338196,-0.3397720479289997,-0.4249477699677686,1.0,0.0,0.0
335,0.7519350499999999,0.4308217142857143,0.8268004166666666,-0.6269843597526101,-0.6112071488836454,0.026433737542692293,-0.4823045628009949,1.0,0.0,0.0
336,0.7530513,0.42643660714285714,0.8240099999999999,-0.5557042722227752,-0.5844267033365624,0.3347946770711258,-0.4873917464066807,1.0,0.0,0.0
337,0.75360935,0.4224501428571429,0.8212195833333333,-0.4405911186201296,-0.5322837085495713,0.5565878764502807,-0.46126289206302373,1.0,0.0,0.0
338,0.7530513,0.4184636428571428,0.8184291666666667,-0.30890443486189695,-0.47492005362388423,0.6933233511438868,-0.44534449985056473,1.0,0.0,0.0
339,0.7524931499999999,0.41487585714285713,0.8151733333333334,-0.17521126453041716,-0.4214518815272321,0.7687365267572518,-0.448021736936954,1.0,0.0,0.0
340,0.7519350499999999,0.411288,0.8123829166666666,-0.042953659845935466,-0.3599310236202671,0.804196770188998,-0.47103311577753226,1.0,0.0,0.0
341,0.7508188499999999,0.4077002142857143,0.8091270833333333,0.0772340601134611,-0.31064032644654893,0.7930709887867853,-0.5182430841683494,1.0,0.0,0.0
342,0.74970265,0.40411235714285715,0.8058716666666667,0.1771035655555439,-0.2649734947105959,0.7429843212152928,-0.5885555815695046,1.0,0.0,0.0
343,0.7485864,0.39892996428571426,0.8021508333333335,0.2628014221131552,-0.22412715481245088,0.5883866901559065,-0.7310974858788368,1.0,0.0,0.0
344,0.7474702000000001,0.39653807142857145,0.8007554166666666,0.2887591026100252,-0.23889529882670768,0.4418085277000041,-0.81507818134821,1.0,0.0,0.0
345,0.746354,0.39255160714285714,0.7984300000000001,0.22130035147384008,-0.29674134450010714,0.1489804427699771,-0.9169381421742064,1.0,0.0,0.0
346,0.74188915,0.3825854642857143,0.7933141666666667,-0.6780601221783004,-0.2962779953458368,-0.6666957153965493,-0.08927845908887413,1.0,0.0,0.0
347,0.74188915,0.3825854642857143,0.7933141666666667,-0.6780601221783004,-0.2962779953458368,-0.6666957153965493,-0.08927845908887413,1.0,0.0,0.0
348,0.74077295,0.3813895,0.7928491666666666,-0.7180920386412274,-0.16944004482633343,-0.6574886444014858,0.1527827795677003,1.0,0.0,0.0
349,0.73854055,0.3789976428571428,0.7909887499999999,-0.4780747032141304,0.3494587726290642,-0.5811444597886419,0.5582062891407411,1.0,0.0,0.0
350,0.7351919,0.3770043928571428,0.7895933333333334,-0.003972265146685999,0.7281844024925532,-0.5372704061213261,0.4255258015472068,1.0,0.0,0.0
351,0.73240135,0.37501117857142857,0.7881983333333333,0.40549983095800324,0.7482946599857413,-0.5177545593359624,-0.08692068348027437,1.0,0.0,0.0
352,0.72961085,0.37261928571428576,0.7877333333333333,0.5759871392748412,0.3852400849238061,-0.37896420567976846,-0.6133636956744222,1.0,0.0,0.0
353,0.7268203,0.3706260357142857,0.7868029166666667,0.5242610863208876,-0.13236539136547223,-0.015859494589048617,-0.8410577821824659,1.0,0.0,0.0
354,0.7240298000000001,0.3686328214285714,0.7863379166666666,0.42573659752681464,-0.4142739952602059,0.500412715935451,-0.6298511888593554,1.0,0.0,0.0
355,0.72179735,0.3666395714285714,0.7858729166666666,0.43383464933551463,-0.23956228248586242,0.8577176441463459,-0.13681320391737564,1.0,0.0,0.0
356,0.7190068000000001,0.36464635714285715,0.7858729166666666,0.5126658772168133,0.2670365212965358,0.7442154505669648,0.3346767959819887,1.0,0.0,0.0
357,0.7162162999999999,0.3622544642857143,0.7854074999999999,0.4500943774194851,0.6725909847414292,0.1555811388341146,0.5664193922342354,1.0,0.0,0.0
358,0.7117514500000001,0.3590652857142857,0.7849425000000001,-0.1372881391272544,0.3739940983505775,-0.6550186994156242,0.6420520887511998,1.0,0.0,0.0
359,0.7106352499999999,0.3586666428571429,0.7849425000000001,-0.2578961218744282,0.21690780045550742,-0.6625677904173439,0.6689129386737578,1.0,0.0,0.0
360,0.7078447499999999,0.35667342857142853,0.7844775,-0.5139320762731319,-0.2245744957503995,-0.372392521432504,0.7394348698953706,1.0,0.0,0.0
361,0.7044961000000001,0.3546801785714286,0.7840124999999999,-0.5312922837301178,-0.43364665624703935,0.1910131157512859,0.7022770652567147,1.0,0.0,0.0
362,0.70170555,0.3526869285714286,0.7835475,-0.3598808418482976,-0.3903583782314802,0.7193640697718893,0.44790786031981333,1.0,0.0,0.0
363,0.69835695,0.3506937142857143,0.7830820833333334,-0.13876373550777574,-0.17373065630173545,0.9745930100983325,-0.027032377556697178,1.0,0.0,0.0
364,0.6955664,0.34909910714285713,0.7830820833333334,-0.0344726791641469,0.024105003051360128,0.814614847763172,-0.578474919960169,1.0,0.0,0.0
365,0.69277585,0.3475045357142857,0.7826170833333334,-0.1333411496117481,0.017125996556858904,0.3222665282273482,-0.9370544929973088,1.0,0.0,0.0
366,0.68831105,0.344714,0.7821520833333334,-0.36736399862430164,-0.2890690244168339,-0.39576607020751636,-0.7904758119702102,1.0,0.0,0.0
367,0.6860786,0.3439167142857143,0.7816870833333334,-0.4003502026510828,-0.4263034873415906,-0.6219963432121965,-0.5206780204198087,1.0,0.0,0.0
368,0.68217185,0.3419234642857143,0.7812220833333333,-0.3034743482742657,-0.5609622325911557,-0.7701084564321807,-0.012556228633615746,1.0,0.0,0.0
369,0.6777070500000001,0.34032889285714285,0.7807566666666667,-0.04729768254444544,-0.5240067670644634,-0.7531286648519239,0.39493930100071417,1.0,0.0,0.0
370,0.6732422,0.3387342857142857,0.7802916666666665,0.2902687321996459,-0.3364984984784733,-0.6433126819400337,0.6234273148363523,1.0,0.0,0.0
371,0.66877735,0.33793700000000004,0.7798266666666667,0.5685768022047946,-0.0645138820675547,-0.49780878179723537,0.6517244784268089,1.0,0.0,0.0
372,0.6637544,0.33674107142857146,0.7793616666666666,0.7389769964013585,0.21833362055858838,-0.33111337980843175,0.5446167080022813,1.0,0.0,0.0
373,0.65817335,0.3363424285714286,0.7793616666666666,0.7886807053484195,0.44503592963884475,-0.17950772007938248,0.3843211479654886,1.0,0.0,0.0
374,0.65035985,0.3359437857142857,0.7793616666666666,0.746583812453401,0.638342876599224,-0.004137412016141151,0.1873869384439096,1.0,0.0,0.0
375,0.6436626,0.3359437857142857,0.7793616666666666,0.685728229352681,0.712938486892029,0.12638742732121183,0.07430832787828517,1.0,0.0,0.0
376,0.63752345,0.3359437857142857,0.7793616666666666,0.6284639710188844,0.7447764037720286,0.22288026594471427,-0.025797917900333645,1.0,0.0,0.0
377,0.6313843,0.3359437857142857,0.7793616666666666,0.57340014689566,0.7477007675576092,0.31954558670622135,-0.10023198965587013,1.0,0.0,0.0
378,0.6252451,0.3363424285714286,0.7798266666666667,0.5018021039204545,0.7326850058514468,0.41555208145298533,-0.1966819724874709,1.0,0.0,0.0
379,0.61966405,0.33713971428571426,0.7798266666666667,0.4244113869550749,0.6805562006762912,0.5226909736308174,-0.28898508340187684,1.0,0.0,0.0
380,0.614083,0.33793700000000004,0.7798266666666667,0.35019927878477625,0.5850304386387056,0.6194095675320279,-0.3891421830830122,1.0,0.0,0.0
381,0.60626955,0.33913296428571427,0.7802916666666665,0.29481435076995,0.4114197882108778,0.7115226774078935,-0.48739484607750194,1.0,0.0,0.0
382,0.6023628000000001,0.33993025,0.7802916666666665,0.29198139498681597,0.31717499200770716,0.7366798851946725,-0.52100828801088,1.0,0.0,0.0
383,0.59678175,0.34152482142857143,0.7802916666666665,0.31833771723590054,0.18709633419295205,0.7540509478211052,-0.5431972271713912,1.0,0.0,0.0
384,0.5906426,0.3431194285714286,0.7807566666666667,0.3698352545803786,0.07937990615254045,0.759129892757932,-0.5297570394907566,1.0,0.0,0.0
385,0.58506155,0.344714,0.7812220833333333,0.4373614211285336,-0.03929063784194006,0.7404664534145506,-0.5088031686753532,1.0,0.0,0.0
386,0.57892235,0.3463086071428571,0.7816870833333334,0.5073829542858804,-0.16217621707335553,0.703337464429596,-0.4707205364604935,1.0,0.0,0.0
387,0.5733412999999999,0.34790317857142855,0.7821520833333334,0.5454093131997515,-0.2588167045244426,0.6596571412414419,-0.44765505754235674,1.0,0.0,0.0
388,0.56831835,0.3494977857142857,0.7830820833333334,0.5491347332969542,-0.352931441571872,0.6077091475096434,-0.45230524457492827,1.0,0.0,0.0
389,0.5638535,0.35109235714285714,0.7835475,0.5287377413604684,-0.41791975253590635,0.5653406522177548,-0.4755727370774748,1.0,0.0,0.0
390,0.55938865,0.3526869285714286,0.7840124999999999,0.5057313923734235,-0.47947681348103194,0.5178769579979823,-0.49612619410475634,1.0,0.0,0.0
391,0.55604005,0.3546801785714286,0.7840124999999999,0.4856248200402315,-0.5420338221844936,0.45991147997079723,-0.5087723463004182,1.0,0.0,0.0
392,0.5526913999999999,0.35627475,0.7844775,0.4807155640489474,-0.6023765665181949,0.3893338020363387,-0.5044543677903701,1.0,0.0,0.0
393,0.5499009,0.3578693571428571,0.7854074999999999,0.4802371885118585,-0.6501723412354943,0.3191794947475717,-0.4947450046188104,1.0,0.0,0.0
394,0.5465522500000001,0.3598625714285714,0.7858729166666666,0.497215529356945,-0.6795266004753284,0.2644667429359699,-0.4701889604122751,1.0,0.0,0.0
395,0.5432036,0.3618558214285715,0.7863379166666666,0.525607406079868,-0.7082982380189157,0.20089361853440602,-0.4262536976091173,1.0,0.0,0.0
396,0.5381806499999999,0.36464635714285715,0.7872679166666666,0.5935891759222227,-0.7302024648065529,0.11543324674519131,-0.31801166042187096,1.0,0.0,0.0
397,0.53539015,0.36584228571428573,0.7877333333333333,0.625038704012947,-0.7366025797448843,0.06721616040549461,-0.24944988630853293,1.0,0.0,0.0
398,0.5309253,0.36823417857142854,0.7886633333333334,0.6730654859007688,-0.7293699736838548,0.014390559956303839,-0.12163554152351586,1.0,0.0,0.0
399,0.52701855,0.37022739285714285,0.7895933333333334,0.7105089935353682,-0.7031693936309862,-0.008570051029119397,0.025618903008275906,1.0,0.0,0.0
400,0.5231118,0.3722206428571428,0.7905237500000001,0.7230323937403464,-0.6735105990461925,-0.0035043205447909953,0.15360778076667525,1.0,0.0,0.0
401,0.5203213,0.37421385714285715,0.79145375,0.719620048066551,-0.6487518587895489,0.04378972314883817,0.2436195236107902,1.0,0.0,0.0
402,0.51808885,0.3758084642857143,0.7923841666666668,0.6921960247780268,-0.6287024415919346,0.10187380488378778,0.33944017307375,1.0,0.0,0.0
403,0.51641455,0.3778016785714286,0.7928491666666666,0.6343425931983951,-0.5996011023328373,0.17648079554406998,0.45490935508045316,1.0,0.0,0.0
404,0.51474025,0.37979492857142855,0.7933141666666667,0.5152880411340376,-0.5528489533324857,0.25026133020318286,0.6051491849687604,1.0,0.0,0.0
405,0.5125078000000001,0.38178814285714285,0.7937791666666666,0.2943348720813341,-0.478010412149533,0.3593427574219148,0.7454836092375964,1.0,0.0,0.0
406,0.5097172999999999,0.3845786785714286,0.7947095833333333,-0.025901978239834172,-0.36693292325518684,0.5038645277037168,0.7815432522110192,1.0,0.0,0.0
407,0.50636865,0.38736921428571425,0.7956395833333333,-0.34378347783775304,-0.2693108130243211,0.6857479927736257,0.5822665169498428,1.0,0.0,0.0
408,0.5024618999999999,0.39015974999999997,0.79657,-0.47380467218972483,-0.24793140275597314,0.820894069574755,0.20042973500865582,1.0,0.0,0.0
409,0.498555175,0.39295025,0.797965,-0.37370354055409205,-0.24477819318098537,0.8684290263893469,-0.21508213790280045,1.0,0.0,0.0
410,0.495206545,0.3949435,0.7993604166666667,-0.10836127201743842,-0.21564256774338053,0.8001038079249176,-0.5491721171434789,1.0,0.0,0.0
411,0.49018359499999997,0.3981326785714286,0.8026158333333333,0.3795776838452853,0.0730983582074907,0.5508242054046739,-0.7397094745197791,1.0,0.0,0.0
412,0.48962549,0.3981326785714286,0.8030808333333334,0.4702368506466864,0.13949156865602716,0.4987088010386852,-0.7146390265961716,1.0,0.0,0.0
413,0.488509275,0.3993286071428571,0.80447625,0.6420021586633915,0.3961533110012815,0.34113015241022254,-0.5608261776797209,1.0,0.0,0.0
414,0.487393065,0.40052457142857145,0.8058716666666667,0.7200786450863237,0.5997561548456318,0.19078353427162512,-0.29220017567800083,1.0,0.0,0.0
415,0.486276855,0.4013218571428571,0.8072666666666667,0.705581225973013,0.7064790429483272,0.036965099931058065,0.04093991715090001,1.0,0.0,0.0
416,0.48571875000000003,0.4025177857142857,0.8081970833333333,0.5903837836001797,0.7017278480132318,-0.10950422999884821,0.3834499171952107,1.0,0.0,0.0
417,0.48571875000000003,0.4037137142857143,0.8086620833333332,0.38886304685275397,0.6035642103007526,-0.25749308871731286,0.6466785013430089,1.0,0.0,0.0
418,0.485160645,0.404511,0.8091270833333333,0.10673824022284809,0.4268192702244908,-0.4502207490215289,0.7770029187780804,1.0,0.0,0.0
419,0.48460254,0.40610560714285715,0.8100575,-0.265204705062149,0.1329273136456166,-0.740201685087637,0.6034055510958455,1.0,0.0,0.0
420,0.48460254,0.4069028928571429,0.8105224999999999,-0.35506954311501476,0.011733780647822128,-0.8510176456068705,0.38672587812240133,1.0,0.0,0.0
421,0.48404443500000005,0.4084975,0.8109875,-0.3775874404324312,-0.06730028476775067,-0.9219959228531611,-0.053121697450409046,1.0,0.0,0.0
422,0.48348633,0.41009207142857146,0.8114525,-0.2173218166997959,-0.06530333838883752,-0.8338643292849894,-0.5031669527380228,1.0,0.0,0.0
423,0.482370115,0.4124839642857143,0.8119175,0.1340593850630944,-0.08891722150157583,-0.4984004998588391,-0.8518912787072092,1.0,0.0,0.0
424,0.480137695,0.41567314285714285,0.8128479166666667,0.5085677419835264,-0.270878297862072,0.03987652017942568,-0.8163293837045826,1.0,0.0,0.0
425,0.476789065,0.4192609642857143,0.8147083333333334,0.5359720063349973,-0.5909500442505378,0.46510790507958055,-0.38364917601632975,1.0,0.0,0.0
426,0.47344042999999997,0.42284878571428575,0.8165687500000001,0.1376640031707285,-0.8390771592345093,0.525471093143522,0.029635677021246497,1.0,0.0,0.0
427,0.46953369,0.4260379642857143,0.8184291666666667,-0.3780004414879538,-0.8498695384095417,0.3250512755661328,0.17081891631577134,1.0,0.0,0.0
428,0.466743165,0.42922710714285717,0.8212195833333333,-0.778240275961111,-0.621498219262055,0.04389314037791076,0.07845653926750297,1.0,0.0,0.0
429,0.46395263499999995,0.43161900000000003,0.8235449999999999,-0.9583342436359905,-0.17996898302189757,-0.2154571597814982,-0.0527717246599716,1.0,0.0,0.0
430,0.46227831999999996,0.4336122142857142,0.8263354166666667,-0.8717699580900939,0.35048538776929494,-0.34230847532406844,-0.0014285843043477242,1.0,0.0,0.0
431,0.461720215,0.4352068214285714,0.8291258333333333,-0.6210120946762041,0.6762693581829464,-0.23609881326176538,0.3182154676081685,1.0,0.0,0.0
432,0.46116210999999996,0.43640275,0.8314512499999999,-0.44401172148602513,0.5695598916788198,0.07125652388174103,0.6880244390849198,1.0,0.0,0.0
433,0.46116210999999996,0.43759871428571423,0.8333116666666666,-0.43739010580865756,0.08672116280833644,0.3788723117444338,0.8109408774104867,1.0,0.0,0.0
434,0.460604005,0.4391932857142858,0.8356370833333333,-0.48319036751762146,-0.6141889999670854,0.5142101688396129,0.35339332664830314,1.0,0.0,0.0
435,0.460604005,0.4399905714285714,0.8365675,-0.4199106954078724,-0.7684986699122941,0.48168980838614567,-0.03255350552598202,1.0,0.0,0.0
436,0.460604005,0.44078789285714287,0.8374975,-0.19744352841706525,-0.6731523972091373,0.46870975016173044,-0.5368361699076726,1.0,0.0,0.0
437,0.460604005,0.44198382142857146,0.8388929166666667,0.06537733418374744,-0.35402611256554206,0.5723934795919638,-0.7367204492325163,1.0,0.0,0.0
438,0.460604005,0.44317975000000004,0.8402879166666667,0.19866336650943311,-0.047993966916446223,0.78669700139705,-0.5825266293824272,1.0,0.0,0.0
439,0.460604005,0.44477432142857143,0.8412183333333333,0.12125816760285464,0.043864916196781026,0.9802591396703774,-0.14988110290940268,1.0,0.0,0.0
440,0.4600459,0.44676757142857143,0.84307875,-0.15210172639450098,-0.14736861774588011,0.9097889761660914,0.3569755932527266,1.0,0.0,0.0
441,0.459487795,0.44876082142857143,0.8449391666666667,-0.4172951922907533,-0.4446974848846538,0.4005726456748972,0.6838497093406558,1.0,0.0,0.0
442,0.45892969,0.4511527142857143,0.8472641666666667,-0.32753222975480367,-0.5318926025870538,-0.3210457676173947,0.7118584921738129,1.0,0.0,0.0
443,0.45892969,0.4527472857142857,0.8495900000000001,0.14352648128713097,-0.3218416777609254,-0.6677571762314841,0.6556816584415961,1.0,0.0,0.0
444,0.45892969,0.45474050000000005,0.8523804166666666,0.560771136980806,-0.08872819565898285,-0.4048249527734481,0.716784344720454,1.0,0.0,0.0
445,0.45892969,0.45593646428571427,0.8551708333333333,0.5642367617145975,-0.05779452008268114,0.161722757257855,0.8075533542516891,1.0,0.0,0.0
446,0.45892969,0.4575310357142857,0.8574962500000001,0.1451199063168114,-0.19250782998821536,0.5803019117690027,0.7779014329470468,1.0,0.0,0.0
447,0.459487795,0.458727,0.8598216666666668,-0.4320506813491403,-0.31926881540089214,0.610271715047922,0.5822096409977445,1.0,0.0,0.0
448,0.4600459,0.45992292857142864,0.8621470833333333,-0.8631863972552984,-0.25518431690280075,0.2950915909718709,0.3204858201823587,1.0,0.0,0.0
449,0.4600459,0.46231482142857144,0.8649379166666668,-0.8879755048759518,0.17150908681009205,-0.38583834747708184,0.18224408220302152,1.0,0.0,0.0
450,0.4600459,0.46271342857142855,0.8658679166666666,-0.7934796501944855,0.25604700822846455,-0.49619868028753245,0.24210915716965503,1.0,0.0,0.0
451,0.460604005,0.46470667857142856,0.8677283333333333,-0.4703405067918792,0.40796905174423187,-0.5914596544604642,0.5123636771231727,1.0,0.0,0.0
452,0.46116210999999996,0.46590260714285714,0.86958875,-0.21285399382829315,0.2913283942567433,-0.47871960969266913,0.8004051969514135,1.0,0.0,0.0
453,0.46116210999999996,0.46749721428571434,0.8714491666666667,-0.1293168701610547,0.009131823919329464,-0.2830325925051437,0.9503085333003554,1.0,0.0,0.0
454,0.461720215,0.4686931428571429,0.8733091666666667,-0.15452945098678067,-0.3302328186983509,-0.1504180799969715,0.9189348918407065,1.0,0.0,0.0
455,0.46227831999999996,0.46949042857142853,0.8751695833333334,-0.2600739286816248,-0.6486602709824159,-0.0991332106066923,0.7083600857077796,1.0,0.0,0.0
456,0.46339452999999997,0.47068639285714287,0.87703,-0.3713088758978959,-0.8316807179546997,-0.14780665320313996,0.3854738581676884,1.0,0.0,0.0
457,0.46451074,0.47307828571428573,0.8798204166666667,-0.47710802599534763,-0.8399408647345777,-0.25500745104274086,-0.04287744386547032,1.0,0.0,0.0
458,0.465626955,0.4750715,0.8816808333333332,-0.5238334735325317,-0.758465240659073,-0.3189214995241999,-0.22049500642883602,1.0,0.0,0.0
459,0.467859375,0.477862,0.88400625,-0.6028803182469592,-0.624924481040383,-0.3535708735868367,-0.34783954953094987,1.0,0.0,0.0
460,0.470091795,0.4810512142857143,0.8867966666666667,-0.6773123907422995,-0.5007454277153001,-0.36702618441156015,-0.3947071343736555,1.0,0.0,0.0
461,0.47344042999999997,0.484639,0.8909824999999999,-0.721362380651984,-0.39043224297409146,-0.3949898493919617,-0.41374146311874216,1.0,0.0,0.0
462,0.47957959,0.48902414285714285,0.8979591666666668,-0.643672167240944,-0.19729370234880292,-0.5536010129564084,-0.4901910388679977,1.0,0.0,0.0
463,0.48181200999999996,0.4898214285714286,0.9012145833333333,-0.5340070394059669,-0.09852967467280924,-0.6492763831752215,-0.5325115616816667,1.0,0.0,0.0
464,0.48460254,0.4906187142857143,0.9063304166666666,-0.24891141332148808,0.10385887494537016,-0.7605192433516019,-0.5906495770804279,1.0,0.0,0.0
465,0.48683496000000004,0.4910173928571429,0.91005125,0.07294489487175679,0.3591563657017878,-0.7590497701116034,-0.5380791705516522,1.0,0.0,0.0
466,0.48795117,0.491416,0.9137720833333333,0.37283918857127013,0.5915604160725206,-0.6285257046093458,-0.3405916209288611,1.0,0.0,0.0
467,0.48906738,0.4918146785714286,0.9170275,0.5645504488917577,0.7188589325832032,-0.40539590228091527,-0.01337116731236454,1.0,0.0,0.0
468,0.48962549,0.49221332142857144,0.9193529166666666,0.6264778593340516,0.6731932544255569,-0.165297740089979,0.35638882008460504,1.0,0.0,0.0
469,0.49018359499999997,0.49261196428571424,0.9216783333333333,0.5866774133984352,0.4597347689401806,0.027703031243236392,0.6660976631812909,1.0,0.0,0.0
470,0.49074169999999995,0.49301060714285716,0.92307375,0.48955437421385467,0.12769814349762093,0.1403832499808352,0.8510712320130205,1.0,0.0,0.0
471,0.49185790999999995,0.4938078928571428,0.9244691666666668,0.4017749187549227,-0.20793486307269193,0.169938293582471,0.8754775746715011,1.0,0.0,0.0
472,0.49297412000000007,0.4942065357142857,0.9263291666666666,0.30531928751152915,-0.5741752723117595,0.16165374442887842,0.7422741786235676,1.0,0.0,0.0
473,0.49353222499999994,0.4942065357142857,0.9272595833333334,0.2684611410750035,-0.7019356100548264,0.15686021104869516,0.6407884902675959,1.0,0.0,0.0
474,0.49464844,0.4946051785714286,0.9286545833333334,0.2006090986528516,-0.8512209848669576,0.13130046906289344,0.4668393848891513,1.0,0.0,0.0
475,0.49576465000000003,0.4946051785714286,0.93005,0.13150017481531767,-0.9477374778163516,0.09420317050909946,0.2750038905758877,1.0,0.0,0.0
476,0.497438965,0.4950038214285714,0.93098,0.0809514947795882,-0.9930904865211504,0.046333893639186996,0.07121314046134859,1.0,0.0,0.0
477,0.498555175,0.49580114285714283,0.9323754166666668,0.04705212055865583,-0.9914126962777369,-0.018781163849318612,-0.12055800054209054,1.0,0.0,0.0
478,0.5007876,0.49619978571428575,0.9337708333333333,0.016492471042830935,-0.9517336442951106,-0.08931329106679282,-0.2931794753294775,1.0,0.0,0.0
479,0.50302,0.49699707142857147,0.9347008333333333,-0.009787203252177558,-0.8845497073769767,-0.15313349072197402,-0.44048400635109164,1.0,0.0,0.0
480,0.50581055,0.4977943571428571,0.93609625,-0.03206151633127857,-0.8038664570056135,-0.20575030458328436,-0.5571692656955036,1.0,0.0,0.0
481,0.5091592,0.4985916785714286,0.93749125,-0.03724358412013912,-0.7200280967372146,-0.2569580441533281,-0.6435410001668633,1.0,0.0,0.0
482,0.513624,0.4997876071428572,0.9388866666666665,-0.05801240993249478,-0.6409651850792762,-0.28837107490483627,-0.7089713075776358,1.0,0.0,0.0
483,0.5203213,0.5013821785714285,0.9407470833333332,-0.08551069971519064,-0.5737018953211476,-0.3045056915016876,-0.755533149095538,1.0,0.0,0.0
484,0.52869285,0.5029767857142857,0.9430725,-0.15321731107891878,-0.5407355302168267,-0.2875318291041541,-0.7755352920395645,1.0,0.0,0.0
485,0.53873875,0.50497,0.9453979166666667,-0.24375387205066745,-0.5450168232031418,-0.23695797225662027,-0.7664147908736447,1.0,0.0,0.0
486,0.5482265500000001,0.5065646071428571,0.9477233333333334,-0.3256649733791748,-0.5536161470175041,-0.1678800099255396,-0.7478420883734984,1.0,0.0,0.0
487,0.56496975,0.5085578214285714,0.9505137499999999,-0.44437111254060985,-0.5267968067334887,0.016463407606636116,-0.7243951925329141,1.0,0.0,0.0
488,0.56831835,0.5089564642857143,0.9509791666666666,-0.4594878293417427,-0.5279486231586701,0.05661725238585935,-0.711994152169773,1.0,0.0,0.0
489,0.57892235,0.5097537857142856,0.9523741666666666,-0.5279153401695709,-0.4598591241079811,0.21276811735634127,-0.6815898384108473,1.0,0.0,0.0
490,0.59008445,0.5105510714285714,0.9533045833333333,-0.583454643707941,-0.3482164920333168,0.3752740899206013,-0.6304722918938749,1.0,0.0,0.0
491,0.6012466,0.5113483571428572,0.9537695833333334,-0.61906315222664,-0.20009964640168074,0.5028960129996115,-0.5690488073744052,1.0,0.0,0.0
492,0.6118506,0.511747,0.9537695833333334,-0.6139924590676508,-0.031198513588100496,0.5943677818339115,-0.5184272879351434,1.0,0.0,0.0
493,0.6218965,0.511747,0.9533045833333333,-0.5816634755663965,0.10921772183091744,0.6367522230243025,-0.4942526650446038,1.0,0.0,0.0
494,0.6308262,0.511747,0.9523741666666666,-0.5131092934773471,0.2018053504487011,0.6597461707573594,-0.51061574951078,1.0,0.0,0.0
495,0.6436626,0.5109497142857143,0.9495837500000001,-0.3864726633795561,0.25078054610755823,0.6820739785456111,-0.5679111602577187,1.0,0.0,0.0
496,0.6486855499999999,0.5109497142857143,0.9481883333333334,-0.3500740136957945,0.26179243814453046,0.6825161884089538,-0.5857342032227351,1.0,0.0,0.0
497,0.6548247,0.5105510714285714,0.9458629166666667,-0.31304322906856397,0.2869876864460874,0.6631028150778959,-0.6163900236039019,1.0,0.0,0.0
498,0.6615219999999999,0.5097537857142856,0.9426074999999999,-0.2972617118559413,0.3031302361061347,0.628376022267913,-0.6518367197860747,1.0,0.0,0.0
499,0.6682192499999999,0.5089564642857143,0.9388866666666665,-0.30141479304160756,0.29792086021512987,0.5959094725178049,-0.6821174269492849,1.0,0.0,0.0
500,0.6749164999999999,0.5081591785714286,0.9351658333333334,-0.31879150741143225,0.27903061114402394,0.5740482697785084,-0.7007014177317185,1.0,0.0,0.0
501,0.68105565,0.5065646071428571,0.9305150000000001,-0.31659661841603737,0.23826436484222913,0.5832660415198337,-0.7090820816123072,1.0,0.0,0.0
502,0.69165965,0.5033754285714286,0.9221433333333332,-0.27117494864256037,0.21396907038383634,0.6424260021024129,-0.6840834861115215,1.0,0.0,0.0
503,0.6938921,0.5025781071428571,0.9202833333333333,-0.25237055182877166,0.21856384175592186,0.6560319565525754,-0.6768759292723693,1.0,0.0,0.0
504,0.69835695,0.5009835357142858,0.9165625,-0.2033061252144615,0.238288352588581,0.6788499142739124,-0.6641145039533494,1.0,0.0,0.0
505,0.7056123,0.49819300000000005,0.91051625,-0.10894963282317288,0.2993122060801662,0.68517299820236,-0.655042092795195,1.0,0.0,0.0
506,0.7134258,0.49540249999999997,0.9044699999999999,-0.019040627525921006,0.39255411325700673,0.6320382816655647,-0.667881975484939,1.0,0.0,0.0
507,0.72235545,0.49221332142857144,0.89702875,0.039655787539451426,0.49599880203471325,0.49244523901904547,-0.7140800329530509,1.0,0.0,0.0
508,0.7318432500000001,0.48822685714285713,0.8891225,0.041739794471358935,0.5839477761209702,0.27133691519321634,-0.7639627365089814,1.0,0.0,0.0
509,0.74077295,0.4842403928571429,0.8802858333333333,-0.00757208975138325,0.5957295554531429,-0.004997387816130319,-0.8031338533092806,1.0,0.0,0.0
510,0.7530513,0.47746339285714284,0.8672633333333334,-0.0390305065523488,0.4723652123478143,-0.37306621695849485,-0.7976022338773562,1.0,0.0,0.0
511,0.7575160999999999,0.4742742142857143,0.8602866666666666,-0.07453930818505125,0.35285917519373744,-0.5229920731311909,-0.7722781788052984,1.0,0.0,0.0
512,0.7630971499999999,0.4690917857142857,0.8495900000000001,-0.06462309164021651,0.19050711978481347,-0.6458619442709528,-0.7364735177049475,1.0,0.0,0.0
513,0.7670039,0.4643080357142857,0.8384275,-0.001320013892823213,0.0983339874810531,-0.6941647733962322,-0.7130665830377668,1.0,0.0,0.0
514,0.7686782,0.4607202142857143,0.8263354166666667,0.03674254777572589,0.07601971898149879,-0.703270155559809,-0.7058909801150632,1.0,0.0,0.0
515,0.76923635,0.458727,0.8133129166666667,0.05223758881901186,0.06053120351302965,-0.7047490055007083,-0.704936909915634,1.0,0.0,0.0
516,0.7681201,0.4591256071428571,0.7984300000000001,0.028909093911272776,-0.0092513157913518,-0.7084733557458021,-0.7050845209218821,1.0,0.0,0.0
517,0.7653296,0.46191614285714283,0.7816870833333334,-0.019756325263309893,-0.1610343281737594,-0.7174115773851177,-0.6774941043252802,1.0,0.0,0.0
518,0.76086475,0.4686931428571429,0.7570375,-0.14654901879678384,-0.4195316000990481,-0.7304413398361698,-0.5186251735756503,1.0,0.0,0.0
519,0.7558418,0.4742742142857143,0.7356433333333333,-0.27742410556800146,-0.5692952372910661,-0.719299236645971,-0.2855650654544885,1.0,0.0,0.0
520,0.75026075,0.4802538928571428,0.7119237500000001,-0.4297850269366845,-0.6200472321937847,-0.6563441234988672,-0.006217074743322393,1.0,0.0,0.0
521,0.7446797,0.4858349642857143,0.6863441666666668,-0.5644993043581947,-0.5637211932586554,-0.5388297502265831,0.27059462655586863,1.0,0.0,0.0
522,0.7374243500000001,0.4906187142857143,0.65797375,-0.6548570347336639,-0.4142767173891552,-0.3923756046582214,0.4955587254384631,1.0,0.0,0.0
523,0.73016895,0.4946051785714286,0.6277429166666666,-0.6881934121051123,-0.2330330502628295,-0.21132170922329407,0.6537802078919719,1.0,0.0,0.0
524,0.72235545,0.4973957142857143,0.5951866666666666,-0.6224270374925316,-0.048774532939080885,-0.010427428787765956,0.7810869968599664,1.0,0.0,0.0
525,0.7151001,0.5009835357142858,0.5482129166666666,-0.29077992477130743,0.28806932646112815,0.23074010489933577,0.8827355790344402,1.0,0.0,0.0
526,0.7139839,0.5021795,0.5361204166666668,-0.18542902691102375,0.3823283569617959,0.25631161316318485,0.8681851532935877,1.0,0.0,0.0
527,0.70896095,0.5053686428571428,0.49751833333333345,0.3175710861041984,0.7098141360425523,0.13177941582266794,0.6147736844646174,1.0,0.0,0.0
528,0.703938,0.5089564642857143,0.4561254166666666,0.5826876817370322,0.7766078391461199,-0.23761115351564374,0.02993775966372003,1.0,0.0,0.0
529,0.69835695,0.5125442857142858,0.4138024999999998,0.4605770784465199,0.4559327063251847,-0.5350658831288807,-0.5419396855962592,1.0,0.0,0.0
530,0.6866367,0.5157334642857142,0.35427125000000004,0.11515374306604026,-0.1707923468891545,-0.4599370060477891,-0.8637288580160853,1.0,0.0,0.0
531,0.6743584,0.5177266785714286,0.3091574999999998,-0.007684570847951697,-0.5053520477225933,-0.1610534001490995,-0.8477157881825008,1.0,0.0,0.0
532,0.65984765,0.5189226428571428,0.2640441666666667,0.0491365336031118,-0.6589766414238384,0.13323742634514665,-0.7386360235895278,1.0,0.0,0.0
533,0.6447788,0.5193212857142857,0.21846583333333314,0.2581729431230536,-0.7124777949015508,0.2955961264923067,-0.5816743532374007,1.0,0.0,0.0
534,0.62691945,0.5193212857142857,0.17195666666666654,0.5164362444526226,-0.7083445567927869,0.297606514717553,-0.37811632690928915,1.0,0.0,0.0
535,0.60626955,0.5197199285714286,0.12544791666666674,0.7381552298067848,-0.6268466762351457,0.1938292821798935,-0.15690860579162053,1.0,0.0,0.0
