,0,1,2,3,4,5,6,7,8,9,10,11,12,13,14,15,16,17,18,19,20,21,22,23,24,25,26,27,28,29,30,31,32,33,34,35,36,37
0,0.0,0.0,0.0,0.0,0.0,0.0,0.0,0.0,0.0,0.0,0.0,0.0,0.0,0.0,0.0,0.0,0.0,0.0,0.0,0.0,0.0,0.0,0.0,0.0,0.0,1.0,0.0,0.02,0.6376953333333334,0.4851074222222222,0.6878051666666667,0.02,0.0,0.0,0.0,1.0,0.0,0.0
1,0.0,0.0,0.0,0.0,0.0,0.0,0.0,0.0,0.0,0.0,0.0,0.0,0.0,0.0,0.0,0.0,0.0,0.0,0.0,0.0,0.0,0.0,0.0,0.0,0.0,1.0,0.0,0.04,0.6289062777777777,0.4851684583333333,0.6889648333333332,0.04,0.0,0.0,0.0,1.0,0.0,0.0
2,0.0,0.0,0.0,0.0,0.0,0.0,0.0,0.0,0.0,0.0,0.0,0.0,0.0,0.0,0.0,0.0,0.0,0.0,0.0,0.0,0.0,0.0,0.0,0.0,0.0,1.0,0.0,0.06,0.5935058333333334,0.48345947222222224,0.6917114166666667,0.06,0.0,0.0,0.0,1.0,0.0,0.0
3,0.0,0.0,0.0,0.0,0.0,0.0,0.0,0.0,0.0,0.0,0.0,0.0,0.0,0.0,0.0,0.0,0.0,0.0,0.0,0.0,0.0,0.0,0.0,0.0,0.0,1.0,0.0,0.08,0.5935058333333334,0.48345947222222224,0.6917114166666667,0.08,0.0,0.0,0.0,1.0,0.0,0.0
4,0.0,0.0,0.0,0.0,0.0,0.0,0.0,0.0,0.0,0.0,0.0,0.0,0.0,0.0,0.0,0.0,0.0,0.0,0.0,0.0,0.0,0.0,0.0,0.0,0.0,1.0,0.0,0.09999999,0.5939941666666666,0.4833984361111111,0.691650388888889,0.09999999,0.0,0.0,0.0,1.0,0.0,0.0
5,0.0,0.0,0.0,0.0,0.0,0.0,0.0,0.0,0.0,0.0,0.0,0.0,0.0,0.0,0.0,0.0,0.0,0.0,0.0,0.0,0.0,0.0,0.0,0.0,0.0,1.0,0.0,0.12,0.5939941666666666,0.4833984361111111,0.691650388888889,0.12,0.0,0.0,0.0,1.0,0.0,0.0
6,0.0,0.0,0.0,0.0,0.0,0.0,0.0,0.0,0.0,0.0,0.0,0.0,0.0,0.0,0.0,0.0,0.0,0.0,0.0,0.0,0.0,0.0,0.0,0.0,0.0,1.0,0.0,0.14,0.5939941666666666,0.4833984361111111,0.691650388888889,0.14,0.0,0.0,0.0,1.0,0.0,0.0
7,0.0,0.0,0.0,0.0,0.0,0.0,0.0,0.0,0.0,0.0,0.0,0.0,0.0,0.0,0.0,0.0,0.0,0.0,0.0,0.0,0.0,0.0,0.0,0.0,0.0,1.0,0.0,0.16,0.5939941666666666,0.4833984361111111,0.691650388888889,0.16,0.0,0.0,0.0,1.0,0.0,0.0
8,0.0,0.0,0.0,0.0,0.0,0.0,0.0,0.0,0.0,0.0,0.0,0.0,0.0,0.0,0.0,0.0,0.0,0.0,0.0,0.0,0.0,0.0,0.0,0.0,0.0,1.0,0.0,0.18,0.5939941666666666,0.4833984361111111,0.691650388888889,0.18,0.0,0.0,0.0,1.0,0.0,0.0
9,0.0,0.0,0.0,0.0,0.0,0.0,0.0,0.0,0.0,0.0,0.0,0.0,0.0,0.0,0.0,0.0,0.0,0.0,0.0,0.0,0.0,0.0,0.0,0.0,0.0,1.0,0.0,0.2,0.5939941666666666,0.4833984361111111,0.691650388888889,0.2,0.0,0.0,0.0,1.0,0.0,0.0
10,0.0,0.0,0.0,0.0,0.0,0.0,0.0,0.0,0.0,0.0,0.0,0.0,0.0,0.0,0.0,0.0,0.0,0.0,0.0,0.0,0.0,0.0,0.0,0.0,0.0,1.0,0.0,0.22,0.5939941666666666,0.4833984361111111,0.691650388888889,0.22,0.0,0.0,0.0,1.0,0.0,0.0
11,0.0,0.0,0.0,0.0,0.0,0.0,0.0,0.0,0.0,0.0,0.0,0.0,0.0,0.0,0.0,0.0,0.0,0.0,0.0,0.0,0.0,0.0,0.0,0.0,0.0,1.0,0.0,0.24,0.5939941666666666,0.4833984361111111,0.691650388888889,0.24,0.0,0.0,0.0,1.0,0.0,0.0
12,0.0,0.0,0.0,0.0,0.0,0.0,0.0,0.0,0.0,0.0,0.0,0.0,0.0,0.0,0.0,0.0,0.0,0.0,0.0,0.0,0.0,0.0,0.0,0.0,0.0,1.0,0.0,0.26,0.5939941666666666,0.4833984361111111,0.691650388888889,0.26,0.0,0.0,0.0,1.0,0.0,0.0
13,0.0,0.0,0.0,0.0,0.0,0.0,0.0,0.0,0.0,0.0,0.0,0.0,0.0,0.0,0.0,0.0,0.0,0.0,0.0,0.0,0.0,0.0,0.0,0.0,0.0,1.0,0.0,0.28,0.5939941666666666,0.4833984361111111,0.691650388888889,0.28,0.0,0.0,0.0,1.0,0.0,0.0
14,0.0,0.0,0.0,0.0,0.0,0.0,0.0,0.0,0.0,0.0,0.0,0.0,0.0,0.0,0.0,0.0,0.0,0.0,0.0,0.0,0.0,0.0,0.0,0.0,0.0,1.0,0.0,0.3,0.5939941666666666,0.4833984361111111,0.691650388888889,0.3,0.0,0.0,0.0,1.0,0.0,0.0
15,0.0,0.0,0.0,0.0,0.0,0.0,0.0,0.0,0.0,0.0,0.0,0.0,0.0,0.0,0.0,0.0,0.0,0.0,0.0,0.0,0.0,0.0,0.0,0.0,0.0,1.0,0.0,0.32,0.5939941666666666,0.4833984361111111,0.691650388888889,0.32,0.0,0.0,0.0,1.0,0.0,0.0
16,0.0,0.0,0.0,0.0,0.0,0.0,0.0,0.0,0.0,0.0,0.0,0.0,0.0,0.0,0.0,0.0,0.0,0.0,0.0,0.0,0.0,0.0,0.0,0.0,0.0,1.0,0.0,0.34,0.5944824444444444,0.4833984361111111,0.6915893611111111,0.34,0.0,0.0,0.0,1.0,0.0,0.0
17,0.0,0.0,0.0,0.0,0.0,0.0,0.0,0.0,0.0,0.0,0.0,0.0,0.0,0.0,0.0,0.0,0.0,0.0,0.0,0.0,0.0,0.0,0.0,0.0,0.0,1.0,0.0,0.36,0.5944824444444444,0.4833984361111111,0.6915893611111111,0.36,0.0,0.0,0.0,1.0,0.0,0.0
18,0.0,0.0,0.0,0.0,0.0,0.0,0.0,0.0,0.0,0.0,0.0,0.0,0.0,0.0,0.0,0.0,0.0,0.0,0.0,0.0,0.0,0.0,0.0,0.0,0.0,1.0,0.0,0.38,0.5958252222222222,0.4833984361111111,0.6914672777777778,0.38,0.0,0.0,0.0,1.0,0.0,0.0
19,0.0,0.0,0.0,0.0,0.0,0.0,0.0,0.0,0.0,0.0,0.0,0.0,0.0,0.0,0.0,0.0,0.0,0.0,0.0,0.0,0.0,0.0,0.0,0.0,0.0,1.0,0.0,0.4,0.5958252222222222,0.4833984361111111,0.6914672777777778,0.4,0.0,0.0,0.0,1.0,0.0,0.0
20,0.0,0.0,0.0,0.0,0.0,0.0,0.0,0.0,0.0,0.0,0.0,0.0,0.0,0.0,0.0,0.0,0.0,0.0,0.0,0.0,0.0,0.0,0.0,0.0,0.0,1.0,0.0,0.42,0.5964355555555556,0.4833984361111111,0.69140625,0.42,0.0,0.0,0.0,1.0,0.0,0.0
21,0.0,0.0,0.0,0.0,0.0,0.0,0.0,0.0,0.0,0.0,0.0,0.0,0.0,0.0,0.0,0.0,0.0,0.0,0.0,0.0,0.0,0.0,0.0,0.0,0.0,1.0,0.0,0.4400001,0.5993652222222222,0.4836425777777778,0.6910400277777777,0.4400001,0.0,0.0,0.0,1.0,0.0,0.0
22,0.0,0.0,0.0,0.0,0.0,0.0,0.0,0.0,0.0,0.0,0.0,0.0,0.0,0.0,0.0,0.0,0.0,0.0,0.0,0.0,0.0,0.0,0.0,0.0,0.0,1.0,0.0,0.4600001,0.613525388888889,0.4841308583333333,0.6887206944444444,0.4600001,0.0,0.0,0.0,1.0,0.0,0.0
23,0.0,0.0,0.0,0.0,0.0,0.0,0.0,0.0,0.0,0.0,0.0,0.0,0.0,0.0,0.0,0.0,0.0,0.0,0.0,0.0,0.0,0.0,0.0,0.0,0.0,1.0,0.0,0.48000010000000004,0.6303711111111111,0.48376464722222223,0.6854248055555555,0.48000010000000004,0.0,0.0,0.0,1.0,0.0,0.0
24,0.0,0.0,0.0,0.0,0.0,0.0,0.0,0.0,0.0,0.0,0.0,0.0,0.0,0.0,0.0,0.0,0.0,0.0,0.0,0.0,0.0,0.0,0.0,0.0,0.0,1.0,0.0,0.5000001000000001,0.6373291111111111,0.4829711916666667,0.6845092777777778,0.5000001000000001,0.0,0.0,0.0,1.0,0.0,0.0
25,0.0,0.0,0.0,0.0,0.0,0.0,0.0,0.0,0.0,0.0,0.0,0.0,0.0,0.0,0.0,0.0,0.0,0.0,0.0,0.0,0.0,0.0,0.0,0.0,0.0,1.0,0.0,0.52,0.6412353333333333,0.482421875,0.68444825,0.52,0.0,0.0,0.0,1.0,0.0,0.0
26,0.0,0.0,0.0,0.0,0.0,0.0,0.0,0.0,0.0,0.0,0.0,0.0,0.0,0.0,0.0,0.0,0.0,0.0,0.0,0.0,0.0,0.0,0.0,0.0,0.0,1.0,0.0,0.54,0.6452636666666667,0.4819946277777778,0.684021,0.54,0.0,0.0,0.0,1.0,0.0,0.0
27,0.0,0.0,0.0,0.0,0.0,0.0,0.0,0.0,0.0,0.0,0.0,0.0,0.0,0.0,0.0,0.0,0.0,0.0,0.0,0.0,0.0,0.0,0.0,0.0,0.0,1.0,0.0,0.56,0.6495361111111111,0.4814453111111111,0.6831665,0.56,0.0,0.0,0.0,1.0,0.0,0.0
28,0.0,0.0,0.0,0.0,0.0,0.0,0.0,0.0,0.0,0.0,0.0,0.0,0.0,0.0,0.0,0.0,0.0,0.0,0.0,0.0,0.0,0.0,0.0,0.0,0.0,1.0,0.0,0.58,0.653442388888889,0.48083496111111107,0.6824340833333333,0.58,0.0,0.0,0.0,1.0,0.0,0.0
29,0.0,0.0,0.0,0.0,0.0,0.0,0.0,0.0,0.0,0.0,0.0,0.0,0.0,0.0,0.0,0.0,0.0,0.0,0.0,0.0,0.0,0.0,0.0,0.0,0.0,1.0,0.0,0.6,0.6573486111111111,0.4802246083333333,0.6821289166666668,0.6,0.0,0.0,0.0,1.0,0.0,0.0
30,0.0,0.0,0.0,0.0,0.0,0.0,0.0,0.0,0.0,0.0,0.0,0.0,0.0,0.0,0.0,0.0,0.0,0.0,0.0,0.0,0.0,0.0,0.0,0.0,0.0,1.0,0.0,0.6199998999999999,0.6622314444444445,0.47912597777777777,0.6818237222222223,0.6199998999999999,0.0,0.0,0.0,1.0,0.0,0.0
31,0.0,0.0,0.0,0.0,0.0,0.0,0.0,0.0,0.0,0.0,0.0,0.0,0.0,0.0,0.0,0.0,0.0,0.0,0.0,0.0,0.0,0.0,0.0,0.0,0.0,1.0,0.0,0.6399999,0.664917,0.47747802777777776,0.6807251111111111,0.6399999,0.0,0.0,0.0,1.0,0.0,0.0
32,0.0,0.0,0.0,0.0,0.0,0.0,0.0,0.0,0.0,0.0,0.0,0.0,0.0,0.0,0.0,0.0,0.0,0.0,0.0,0.0,0.0,0.0,0.0,0.0,0.0,1.0,0.0,0.6599999,0.6662597777777778,0.47509765555555555,0.6790161111111112,0.6599999,0.0,0.0,0.0,1.0,0.0,0.0
33,0.0,0.0,0.0,0.0,0.0,0.0,0.0,0.0,0.0,0.0,0.0,0.0,0.0,0.0,0.0,0.0,0.0,0.0,0.0,0.0,0.0,0.0,0.0,0.0,0.0,1.0,0.0,0.6799999,0.6663818333333333,0.4727783194444445,0.6774902222222222,0.6799999,0.0,0.0,0.0,1.0,0.0,0.0
34,0.0,0.0,0.0,0.0,0.0,0.0,0.0,0.0,0.0,0.0,0.0,0.0,0.0,0.0,0.0,0.0,0.0,0.0,0.0,0.0,0.0,0.0,0.0,0.0,0.0,1.0,0.0,0.6999999,0.6665038888888889,0.47131347222222225,0.6769409166666667,0.6999999,0.0,0.0,0.0,1.0,0.0,0.0
35,0.0,0.0,0.0,0.0,0.0,0.0,0.0,0.0,0.0,0.0,0.0,0.0,0.0,0.0,0.0,0.0,0.0,0.0,0.0,0.0,0.0,0.0,0.0,0.0,0.0,1.0,0.0,0.7199998000000001,0.666870111111111,0.4708251944444445,0.677063,0.7199998000000001,0.0,0.0,0.0,1.0,0.0,0.0
36,0.0,0.0,0.0,0.0,0.0,0.0,0.0,0.0,0.0,0.0,0.0,0.0,0.0,0.0,0.0,0.0,0.0,0.0,0.0,0.0,0.0,0.0,0.0,0.0,0.0,1.0,0.0,0.7399998000000001,0.6674804444444444,0.47064208333333335,0.6770019444444444,0.7399998000000001,0.0,0.0,0.0,1.0,0.0,0.0
37,0.0,0.0,0.0,0.0,0.0,0.0,0.0,0.0,0.0,0.0,0.0,0.0,0.0,0.0,0.0,0.0,0.0,0.0,0.0,0.0,0.0,0.0,0.0,0.0,0.0,1.0,0.0,0.7599998,0.667724611111111,0.4705810555555555,0.6767578055555555,0.7599998,0.0,0.0,0.0,1.0,0.0,0.0
38,0.0,0.0,0.0,0.0,0.0,0.0,0.0,0.0,0.0,0.0,0.0,0.0,0.0,0.0,0.0,0.0,0.0,0.0,0.0,0.0,0.0,0.0,0.0,0.0,0.0,1.0,0.0,0.7799998,0.6679687777777777,0.47064208333333335,0.67663575,0.7799998,0.0,0.0,0.0,1.0,0.0,0.0
39,0.0,0.0,0.0,0.0,0.0,0.0,0.0,0.0,0.0,0.0,0.0,0.0,0.0,0.0,0.0,0.0,0.0,0.0,0.0,0.0,0.0,0.0,0.0,0.0,0.0,1.0,0.0,0.7999998,0.6683349444444444,0.4708251944444445,0.67663575,0.7999998,0.0,0.0,0.0,1.0,0.0,0.0
40,0.0,0.0,0.0,0.0,0.0,0.0,0.0,0.0,0.0,0.0,0.0,0.0,0.0,0.0,0.0,0.0,0.0,0.0,0.0,0.0,0.0,0.0,0.0,0.0,0.0,1.0,0.0,0.8199998,0.6687011666666667,0.4711303611111111,0.6768188611111111,0.8199998,0.0,0.0,0.0,1.0,0.0,0.0
41,0.0,0.0,0.0,0.0,0.0,0.0,0.0,0.0,0.0,0.0,0.0,0.0,0.0,0.0,0.0,0.0,0.0,0.0,0.0,0.0,0.0,0.0,0.0,0.0,0.0,1.0,0.0,0.8399996999999999,0.6695556666666667,0.4714965833333333,0.6769409166666667,0.8399996999999999,0.0,0.0,0.0,1.0,0.0,0.0
42,0.0,0.0,0.0,0.0,0.0,0.0,0.0,0.0,0.0,0.0,0.0,0.0,0.0,0.0,0.0,0.0,0.0,0.0,0.0,0.0,0.0,0.0,0.0,0.0,0.0,1.0,0.0,0.8599996999999999,0.6707763888888889,0.47186280555555554,0.676879888888889,0.8599996999999999,0.0,0.0,0.0,1.0,0.0,0.0
43,0.0,0.0,0.0,0.0,0.0,0.0,0.0,0.0,0.0,0.0,0.0,0.0,0.0,0.0,0.0,0.0,0.0,0.0,0.0,0.0,0.0,0.0,0.0,0.0,0.0,1.0,0.0,0.8799996999999999,0.6721191666666666,0.4719238333333334,0.6767578055555555,0.8799996999999999,0.0,0.0,0.0,1.0,0.0,0.0
44,0.0,0.0,0.0,0.0,0.0,0.0,0.0,0.0,0.0,0.0,0.0,0.0,0.0,0.0,0.0,0.0,0.0,0.0,0.0,0.0,0.0,0.0,0.0,0.0,0.0,1.0,0.0,0.8999997,0.6732177777777778,0.4719238333333334,0.6766967777777778,0.8999997,0.0,0.0,0.0,1.0,0.0,0.0
45,0.0,0.0,0.0,0.0,0.0,0.0,0.0,0.0,0.0,0.0,0.0,0.0,0.0,0.0,0.0,0.0,0.0,0.0,0.0,0.0,0.0,0.0,0.0,0.0,0.0,1.0,0.0,0.9199997,0.6740722777777778,0.47186280555555554,0.6766967777777778,0.9199997,0.0,0.0,0.0,1.0,0.0,0.0
46,0.0,0.0,0.0,0.0,0.0,0.0,0.0,0.0,0.0,0.0,0.0,0.0,0.0,0.0,0.0,0.0,0.0,0.0,0.0,0.0,0.0,0.0,0.0,0.0,0.0,1.0,0.0,0.9399995999999999,0.674682611111111,0.4716186388888889,0.6765746944444444,0.9399995999999999,0.0,0.0,0.0,1.0,0.0,0.0
47,0.0,0.0,0.0,0.0,0.0,0.0,0.0,0.0,0.0,0.0,0.0,0.0,0.0,0.0,0.0,0.0,0.0,0.0,0.0,0.0,0.0,0.0,0.0,0.0,0.0,1.0,0.0,0.9599996,0.6749267777777778,0.4712524444444445,0.6762085,0.9599996,0.0,0.0,0.0,1.0,0.0,0.0
48,0.0,0.0,0.0,0.0,0.0,0.0,0.0,0.0,0.0,0.0,0.0,0.0,0.0,0.0,0.0,0.0,0.0,0.0,0.0,0.0,0.0,0.0,0.0,0.0,0.0,1.0,0.0,0.9799996,0.6748046666666667,0.4707031111111111,0.676025388888889,0.9799996,0.0,0.0,0.0,1.0,0.0,0.0
49,0.0,0.0,0.0,0.0,0.0,0.0,0.0,0.0,0.0,0.0,0.0,0.0,0.0,0.0,0.0,0.0,0.0,0.0,0.0,0.0,0.0,0.0,0.0,0.0,0.0,1.0,0.0,0.9999995999999999,0.6739502222222222,0.47021483333333336,0.6763916111111111,0.9999995999999999,0.0,0.0,0.0,1.0,0.0,0.0
50,0.0,0.0,0.0,0.0,0.0,0.0,0.0,0.0,0.0,0.0,0.0,0.0,0.0,0.0,0.0,0.0,0.0,0.0,0.0,0.0,0.0,0.0,0.0,0.0,0.0,1.0,0.0,1.02,0.6728515555555555,0.4698486388888889,0.6774902222222222,1.02,0.0,0.0,0.0,1.0,0.0,0.0
51,0.0,0.0,0.0,0.0,0.0,0.0,0.0,0.0,0.0,0.0,0.0,0.0,0.0,0.0,0.0,0.0,0.0,0.0,0.0,0.0,0.0,0.0,0.0,0.0,0.0,1.0,0.0,1.04,0.6723632777777778,0.4694213888888889,0.6790771388888889,1.04,0.0,0.0,0.0,1.0,0.0,0.0
52,0.0,0.0,0.0,0.0,0.0,0.0,0.0,0.0,0.0,0.0,0.0,0.0,0.0,0.0,0.0,0.0,0.0,0.0,0.0,0.0,0.0,0.0,0.0,0.0,0.0,1.0,0.0,1.06,0.6732177777777778,0.4686279166666667,0.6804199166666667,1.06,0.0,0.0,0.0,1.0,0.0,0.0
53,0.0,0.0,0.0,0.0,0.0,0.0,0.0,0.0,0.0,0.0,0.0,0.0,0.0,0.0,0.0,0.0,0.0,0.0,0.0,0.0,0.0,0.0,0.0,0.0,0.0,1.0,0.0,1.08,0.6749267777777778,0.4677123888888889,0.6813964722222222,1.08,0.0,0.0,0.0,1.0,0.0,0.0
54,0.0,0.0,0.0,0.0,0.0,0.0,0.0,0.0,0.0,0.0,0.0,0.0,0.0,0.0,0.0,0.0,0.0,0.0,0.0,0.0,0.0,0.0,0.0,0.0,0.0,1.0,0.0,1.1,0.6765136666666667,0.46716308333333334,0.6823730555555556,1.1,0.0,0.0,0.0,1.0,0.0,0.0
55,0.0,0.0,0.0,0.0,0.0,0.0,0.0,0.0,0.0,0.0,0.0,0.0,0.0,0.0,0.0,0.0,0.0,0.0,0.0,0.0,0.0,0.0,0.0,0.0,0.0,1.0,0.0,1.12,0.6777343888888888,0.46673583333333335,0.6831665,1.12,0.0,0.0,0.0,1.0,0.0,0.0
56,0.0,0.0,0.0,0.0,0.0,0.0,0.0,0.0,0.0,0.0,0.0,0.0,0.0,0.0,0.0,0.0,0.0,0.0,0.0,0.0,0.0,0.0,0.0,0.0,0.0,1.0,0.0,1.14,0.6784667777777778,0.4660034166666667,0.68359375,1.14,0.0,0.0,0.0,1.0,0.0,0.0
57,0.0,0.0,0.0,0.0,0.0,0.0,0.0,0.0,0.0,0.0,0.0,0.0,0.0,0.0,0.0,0.0,0.0,0.0,0.0,0.0,0.0,0.0,0.0,0.0,0.0,1.0,0.0,1.159999,0.6791992222222222,0.46478272222222217,0.6836547777777778,1.159999,0.0,0.0,0.0,1.0,0.0,0.0
58,0.0,0.0,0.0,0.0,0.0,0.0,0.0,0.0,0.0,0.0,0.0,0.0,0.0,0.0,0.0,0.0,0.0,0.0,0.0,0.0,0.0,0.0,0.0,0.0,0.0,1.0,0.0,1.179999,0.6799316666666666,0.4633178611111111,0.6837158333333333,1.179999,0.0,0.0,0.0,1.0,0.0,0.0
59,0.0,0.0,0.0,0.0,0.0,0.0,0.0,0.0,0.0,0.0,0.0,0.0,0.0,0.0,0.0,0.0,0.0,0.0,0.0,0.0,0.0,0.0,0.0,0.0,0.0,1.0,0.0,1.199999,0.6810302777777778,0.4620361388888889,0.684021,1.199999,0.0,0.0,0.0,1.0,0.0,0.0
60,0.0,0.0,0.0,0.0,0.0,0.0,0.0,0.0,0.0,0.0,0.0,0.0,0.0,0.0,0.0,0.0,0.0,0.0,0.0,0.0,0.0,0.0,0.0,0.0,0.0,1.0,0.0,1.219999,0.6827392777777778,0.46099852777777783,0.6841430555555555,1.219999,0.0,0.0,0.0,1.0,0.0,0.0
61,0.0,0.0,0.0,0.0,0.0,0.0,0.0,0.0,0.0,0.0,0.0,0.0,0.0,0.0,0.0,0.0,0.0,0.0,0.0,0.0,0.0,0.0,0.0,0.0,0.0,1.0,0.0,1.239999,0.6848144444444444,0.45947266666666664,0.6837158333333333,1.239999,0.0,0.0,0.0,1.0,0.0,0.0
62,0.0,0.0,0.0,0.0,0.0,0.0,0.0,0.0,0.0,0.0,0.0,0.0,0.0,0.0,0.0,0.0,0.0,0.0,0.0,0.0,0.0,0.0,0.0,0.0,0.0,1.0,0.0,1.2599989999999999,0.6868896666666667,0.45739747222222227,0.6828613333333333,1.2599989999999999,0.0,0.0,0.0,1.0,0.0,0.0
63,0.0,0.0,0.0,0.0,0.0,0.0,0.0,0.0,0.0,0.0,0.0,0.0,0.0,0.0,0.0,0.0,0.0,0.0,0.0,0.0,0.0,0.0,0.0,0.0,0.0,1.0,0.0,1.2799989999999999,0.6887207222222222,0.45544433333333334,0.6826171944444445,1.2799989999999999,0.0,0.0,0.0,1.0,0.0,0.0
64,0.0,0.0,0.0,0.0,0.0,0.0,0.0,0.0,0.0,0.0,0.0,0.0,0.0,0.0,0.0,0.0,0.0,0.0,0.0,0.0,0.0,0.0,0.0,0.0,0.0,1.0,0.0,1.299999,0.6907958888888889,0.45458983333333336,0.6840820277777778,1.299999,0.0,0.0,0.0,1.0,0.0,0.0
65,0.0,0.0,0.0,0.0,0.0,0.0,0.0,0.0,0.0,0.0,0.0,0.0,0.0,0.0,0.0,0.0,0.0,0.0,0.0,0.0,0.0,0.0,0.0,0.0,0.0,1.0,0.0,1.319999,0.6933593888888888,0.45458983333333336,0.6867675833333333,1.319999,0.0,0.0,0.0,1.0,0.0,0.0
66,0.0,0.0,0.0,0.0,0.0,0.0,0.0,0.0,0.0,0.0,0.0,0.0,0.0,0.0,0.0,0.0,0.0,0.0,0.0,0.0,0.0,0.0,0.0,0.0,0.0,1.0,0.0,1.339999,0.696167,0.45440675,0.6890869166666667,1.339999,0.0,0.0,0.0,1.0,0.0,0.0
67,0.0,0.0,0.0,0.0,0.0,0.0,0.0,0.0,0.0,0.0,0.0,0.0,0.0,0.0,0.0,0.0,0.0,0.0,0.0,0.0,0.0,0.0,0.0,0.0,0.0,1.0,0.0,1.359999,0.6984863333333333,0.45343016666666663,0.6902465833333333,1.359999,0.0,0.0,0.0,1.0,0.0,0.0
68,0.0,0.0,0.0,0.0,0.0,0.0,0.0,0.0,0.0,0.0,0.0,0.0,0.0,0.0,0.0,0.0,0.0,0.0,0.0,0.0,0.0,0.0,0.0,0.0,0.0,1.0,0.0,1.379999,0.6997070555555556,0.4520873888888889,0.6910400277777777,1.379999,0.0,0.0,0.0,1.0,0.0,0.0
69,0.0,0.0,0.0,0.0,0.0,0.0,0.0,0.0,0.0,0.0,0.0,0.0,0.0,0.0,0.0,0.0,0.0,0.0,0.0,0.0,0.0,0.0,0.0,0.0,0.0,1.0,0.0,1.399999,0.7008056666666667,0.45111083333333335,0.6927490277777778,1.399999,0.0,0.0,0.0,1.0,0.0,0.0
70,0.0,0.0,0.0,0.0,0.0,0.0,0.0,0.0,0.0,0.0,0.0,0.0,0.0,0.0,0.0,0.0,0.0,0.0,0.0,0.0,0.0,0.0,0.0,0.0,0.0,1.0,0.0,1.419999,0.7027587777777777,0.45068358333333336,0.695068361111111,1.419999,0.0,0.0,0.0,1.0,0.0,0.0
71,0.0,0.0,0.0,0.0,0.0,0.0,0.0,0.0,0.0,0.0,0.0,0.0,0.0,0.0,0.0,0.0,0.0,0.0,0.0,0.0,0.0,0.0,0.0,0.0,0.0,1.0,0.0,1.439999,0.705932611111111,0.4498901388888889,0.6971435555555555,1.439999,0.0,0.0,0.0,1.0,0.0,0.0
72,0.0,0.0,0.0,0.0,0.0,0.0,0.0,0.0,0.0,0.0,0.0,0.0,0.0,0.0,0.0,0.0,0.0,0.0,0.0,0.0,0.0,0.0,0.0,0.0,0.0,1.0,0.0,1.459999,0.7092285,0.447937,0.6985473611111112,1.459999,0.0,0.0,0.0,1.0,0.0,0.0
73,0.0,0.0,0.0,0.0,0.0,0.0,0.0,0.0,0.0,0.0,0.0,0.0,0.0,0.0,0.0,0.0,0.0,0.0,0.0,0.0,0.0,0.0,0.0,0.0,0.0,1.0,0.0,1.479999,0.711792,0.44573975,0.7009277222222222,1.479999,0.0,0.0,0.0,1.0,0.0,0.0
74,0.0,0.0,0.0,0.0,0.0,0.0,0.0,0.0,0.0,0.0,0.0,0.0,0.0,0.0,0.0,0.0,0.0,0.0,0.0,0.0,0.0,0.0,0.0,0.0,0.0,1.0,0.0,1.499999,0.713745111111111,0.44512938888888887,0.7053833055555556,1.499999,0.0,0.0,0.0,1.0,0.0,0.0
75,0.0,0.0,0.0,0.0,0.0,0.0,0.0,0.0,0.0,0.0,0.0,0.0,0.0,0.0,0.0,0.0,0.0,0.0,0.0,0.0,0.0,0.0,0.0,0.0,0.0,1.0,0.0,1.5199989999999999,0.7164306666666665,0.4459228611111111,0.7111206111111111,1.5199989999999999,0.0,0.0,0.0,1.0,0.0,0.0
76,0.0,0.0,0.0,0.0,0.0,0.0,0.0,0.0,0.0,0.0,0.0,0.0,0.0,0.0,0.0,0.0,0.0,0.0,0.0,0.0,0.0,0.0,0.0,0.0,0.0,1.0,0.0,1.539999,0.7194824444444445,0.44677733333333336,0.7165527222222222,1.539999,0.0,0.0,0.0,1.0,0.0,0.0
77,0.0,0.0,0.0,0.0,0.0,0.0,0.0,0.0,0.0,0.0,0.0,0.0,0.0,0.0,0.0,0.0,0.0,0.0,0.0,0.0,0.0,0.0,0.0,0.0,0.0,1.0,0.0,1.559999,0.7213135,0.4471435555555555,0.7214965833333333,1.559999,0.0,0.0,0.0,1.0,0.0,0.0
78,0.0,0.0,0.0,0.0,0.0,0.0,0.0,0.0,0.0,0.0,0.0,0.0,0.0,0.0,0.0,0.0,0.0,0.0,0.0,0.0,0.0,0.0,0.0,0.0,0.0,1.0,0.0,1.579999,0.7218017777777778,0.4481811388888889,0.7277221666666667,1.579999,0.0,0.0,0.0,1.0,0.0,0.0
79,0.0,0.0,0.0,0.0,0.0,0.0,0.0,0.0,0.0,0.0,0.0,0.0,0.0,0.0,0.0,0.0,0.0,0.0,0.0,0.0,0.0,0.0,0.0,0.0,0.0,1.0,0.0,1.599999,0.7222900555555555,0.4509887777777778,0.7363281388888888,1.599999,0.0,0.0,0.0,1.0,0.0,0.0
80,0.0,0.0,0.0,0.0,0.0,0.0,0.0,0.0,0.0,0.0,0.0,0.0,0.0,0.0,0.0,0.0,0.0,0.0,0.0,0.0,0.0,0.0,0.0,0.0,0.0,1.0,0.0,1.619999,0.7236328333333333,0.4552001944444445,0.7462158333333333,1.619999,0.0,0.0,0.0,1.0,0.0,0.0
81,0.0,0.0,0.0,0.0,0.0,0.0,0.0,0.0,0.0,0.0,0.0,0.0,0.0,0.0,0.0,0.0,0.0,0.0,0.0,0.0,0.0,0.0,0.0,0.0,0.0,1.0,0.0,1.6399990000000002,0.7250976666666668,0.45947266666666664,0.7556152222222222,1.6399990000000002,0.0,0.0,0.0,1.0,0.0,0.0
82,0.0,0.0,0.0,0.0,0.0,0.0,0.0,0.0,0.0,0.0,0.0,0.0,0.0,0.0,0.0,0.0,0.0,0.0,0.0,0.0,0.0,0.0,0.0,0.0,0.0,1.0,0.0,1.6599990000000002,0.725708,0.4631958055555556,0.7642211944444445,1.6599990000000002,0.0,0.0,0.0,1.0,0.0,0.0
83,0.0,0.0,0.0,0.0,0.0,0.0,0.0,0.0,0.0,0.0,0.0,0.0,0.0,0.0,0.0,0.0,0.0,0.0,0.0,0.0,0.0,0.0,0.0,0.0,0.0,1.0,0.0,1.6799990000000002,0.7248535,0.4672241111111111,0.7728881944444445,1.6799990000000002,0.0,0.0,0.0,1.0,0.0,0.0
84,0.0,0.0,0.0,0.0,0.0,0.0,0.0,0.0,0.0,0.0,0.0,0.0,0.0,0.0,0.0,0.0,0.0,0.0,0.0,0.0,0.0,0.0,0.0,0.0,0.0,1.0,0.0,1.6999990000000003,0.7227783333333333,0.4721069444444445,0.7821044444444444,1.6999990000000003,0.0,0.0,0.0,1.0,0.0,0.0
85,0.0,0.0,0.0,0.0,0.0,0.0,0.0,0.0,0.0,0.0,0.0,0.0,0.0,0.0,0.0,0.0,0.0,0.0,0.0,0.0,0.0,0.0,0.0,0.0,0.0,1.0,0.0,1.719999,0.7203368888888889,0.4777832027777778,0.7917480555555556,1.719999,0.0,0.0,0.0,1.0,0.0,0.0
86,0.0,0.0,0.0,0.0,0.0,0.0,0.0,0.0,0.0,0.0,0.0,0.0,0.0,0.0,0.0,0.0,0.0,0.0,0.0,0.0,0.0,0.0,0.0,0.0,0.0,1.0,0.0,1.739999,0.7182617222222222,0.48333740277777776,0.8012086111111112,1.739999,0.0,0.0,0.0,1.0,0.0,0.0
87,0.0,0.0,0.0,0.0,0.0,0.0,0.0,0.0,0.0,0.0,0.0,0.0,0.0,0.0,0.0,0.0,0.0,0.0,0.0,0.0,0.0,0.0,0.0,0.0,0.0,1.0,0.0,1.759999,0.7158203333333333,0.48822021388888887,0.8099975,1.759999,0.0,0.0,0.0,1.0,0.0,0.0
88,0.0,0.0,0.0,0.0,0.0,0.0,0.0,0.0,0.0,0.0,0.0,0.0,0.0,0.0,0.0,0.0,0.0,0.0,0.0,0.0,0.0,0.0,0.0,0.0,0.0,1.0,0.0,1.779999,0.7115478333333333,0.4920654305555555,0.8181152777777778,1.779999,0.0,0.0,0.0,1.0,0.0,0.0
89,0.0,0.0,0.0,0.0,0.0,0.0,0.0,0.0,0.0,0.0,0.0,0.0,0.0,0.0,0.0,0.0,0.0,0.0,0.0,0.0,0.0,0.0,0.0,0.0,0.0,1.0,0.0,1.7999990000000001,0.7052002222222222,0.49517822222222224,0.8258055555555556,1.7999990000000001,0.0,0.0,0.0,1.0,0.0,0.0
90,0.0,0.0,0.0,0.0,0.0,0.0,0.0,0.0,0.0,0.0,0.0,0.0,0.0,0.0,0.0,0.0,0.0,0.0,0.0,0.0,0.0,0.0,0.0,0.0,0.021703600000000024,1.0,0.0,1.8199990000000001,0.6982421666666667,0.4982910155555556,0.83313,1.8199990000000001,0.0,0.0,0.0,1.0,0.0,0.0
91,0.0,0.0,0.0,0.0,0.0,0.0,0.0,0.0,0.0,0.0,0.0,0.0,0.0,0.0,0.0,0.0,0.0,0.0,0.0,0.0,0.0,0.0,0.0,0.0,0.05518995000000002,1.0,0.0,1.8399990000000002,0.6914062777777777,0.5014648438888889,0.8398438888888888,1.8399990000000002,0.0,0.0,0.0,1.0,0.0,0.0
92,0.0,0.0,0.0,0.0,0.0,0.0,0.0,0.0,0.0,0.0,0.0,0.0,0.0,0.0,0.0,0.0,0.0,0.0,0.0,0.0,0.0,0.0,0.0,0.0,0.09035060000000002,1.0,0.0,1.8599990000000002,0.684692388888889,0.5045166027777778,0.8460083333333333,1.8599990000000002,0.0,0.0,0.0,1.0,0.0,0.0
93,0.0,0.0,0.0,0.0,0.0,0.0,0.0,0.0,0.0,0.0,0.0,0.0,0.0,0.0,0.0,0.0,0.0,0.0,0.0,0.0,0.0,0.0,0.0,0.0,0.1238369,1.0,0.0,1.8799990000000002,0.677124,0.5073852527777778,0.8521119444444445,1.8799990000000002,0.0,0.0,0.0,1.0,0.0,0.0
94,0.0,0.0,0.0,0.0,0.0,0.0,0.0,0.0,0.0,0.0,0.0,0.0,0.0,0.0,0.0,0.0,0.0,0.0,0.0,0.0,0.0,0.0,0.0,0.0,0.15397460000000002,1.0,0.0,1.8999990000000002,0.668212888888889,0.5103759777777778,0.8588866666666667,1.8999990000000002,0.0,0.0,0.0,1.0,0.0,0.0
95,0.0,0.0,0.0,0.0,0.0,0.0,0.0,0.0,0.0,0.0,0.0,0.0,0.0,0.0,0.0,0.0,0.0,0.0,0.0,0.0,0.0,0.0,0.0,0.0,0.1829961,1.0,0.0,1.9199990000000002,0.6580810555555555,0.5132446277777778,0.8663941666666667,1.9199990000000002,0.0,0.0,0.0,1.0,0.0,0.0
96,0.0,0.0,0.0,0.0,0.0,0.0,0.0,0.0,0.0,0.0,0.0,0.0,0.0,0.0,0.0,0.0,0.0,0.0,0.0,0.0,0.0,0.0,0.0,0.0,0.2136919,1.0,0.0,1.9399990000000003,0.6473388888888889,0.5158081055555556,0.8739624999999999,1.9399990000000003,0.0,0.0,0.0,1.0,0.0,0.0
97,0.0,0.0,0.0,0.0,0.0,0.0,0.0,0.0,0.0,0.0,0.0,0.0,0.0,0.0,0.0,0.0,0.0,0.0,0.0,0.0,0.0,0.0,0.0,0.0,0.246062,1.0,0.0,1.9599990000000003,0.6365966666666667,0.5178222666666668,0.8809813888888889,1.9599990000000003,0.0,0.0,0.0,1.0,0.0,0.0
98,0.0,0.0,0.0,0.0,0.0,0.0,0.0,0.0,0.0,0.0,0.0,0.0,0.0,0.0,0.0,0.0,0.0,0.0,0.0,0.0,0.0,0.0,0.0,0.0,0.2767578,1.0,0.0,1.979999,0.6256103333333333,0.5194091805555555,0.88739,1.979999,0.0,0.0,0.0,1.0,0.0,0.0
99,0.0,0.0,0.0,0.0,0.0,0.0,0.0,0.0,0.0,0.0,0.0,0.0,0.0,0.0,0.0,0.0,0.0,0.0,0.0,0.0,0.0,0.0,0.0,0.0,0.304105,1.0,0.0,1.999999,0.6136474444444444,0.5209960944444444,0.8932494444444444,1.999999,0.0,0.0,0.0,1.0,0.0,0.0
100,0.0,0.0,0.0,0.0,0.0,0.0,0.0,0.0,0.0,0.0,0.0,0.0,0.0,0.0,0.0,0.0,0.0,0.0,0.0,0.0,0.0,0.0,0.0,0.0,0.3286616,1.0,0.0,2.0199990000000003,0.6004638888888889,0.5228881833333333,0.8986205555555555,2.0199990000000003,0.0,0.0,0.0,1.0,0.0,0.0
101,0.0,0.0,0.0,0.0,0.0,0.0,0.0,0.0,0.0,0.0,0.0,0.0,0.0,0.0,0.0,0.0,0.0,0.0,0.0,0.0,0.0,0.0,0.0,0.0,0.35210204999999994,1.0,0.0,2.0399990000000003,0.5865478333333333,0.5251464833333332,0.9031372222222223,2.0399990000000003,0.0,0.0,0.0,1.0,0.0,0.0
102,0.0,0.0,0.0,0.0,0.0,0.0,0.0,0.0,0.0,0.0,0.0,0.0,0.0,0.0,0.0,0.0,0.0,0.0,0.0,0.0,0.0,0.0,0.0,0.0,0.37442625,1.0,0.0,2.0599990000000004,0.5723877222222222,0.5272827138888889,0.906921388888889,2.0599990000000004,0.0,0.0,0.0,1.0,0.0,0.0
103,0.0,0.0,0.0,0.0,0.0,0.0,0.0,0.0,0.0,0.0,0.0,0.0,0.0,0.0,0.0,0.0,0.0,0.0,0.0,0.0,0.0,0.0,0.0,0.0,0.39395995,1.0,0.0,2.0799990000000004,0.5583496111111111,0.5291137777777778,0.9101563888888888,2.0799990000000004,0.0,0.0,0.0,1.0,0.0,0.0
104,0.0,0.0,0.0,0.0,0.0,0.0,0.0,0.0,0.0,0.0,0.0,0.0,0.0,0.0,0.0,0.0,0.0,0.0,0.0,0.0,0.0,0.0,0.0,0.0,0.4107031,1.0,0.0,2.099999,0.5446777333333332,0.530578611111111,0.912963888888889,2.099999,0.0,0.0,0.0,1.0,0.0,0.0
105,0.0,0.0,0.0,0.0,0.0,0.0,0.0,0.0,0.0,0.0,0.0,0.0,0.0,0.0,0.0,0.0,0.0,0.0,0.0,0.0,0.0,0.0,0.0,0.0,0.42521385,1.0,0.0,2.119999,0.5314941388888889,0.531921388888889,0.9154052777777777,2.119999,0.0,0.0,0.0,1.0,0.0,0.0
106,0.0,0.0,0.0,0.0,0.0,0.0,0.0,0.0,0.0,0.0,0.0,0.0,0.0,0.0,0.0,0.0,0.0,0.0,0.0,0.0,0.0,0.0,0.0,0.0,0.43916649999999996,1.0,0.0,2.139999,0.5192871111111111,0.5333251944444445,0.9173583333333334,2.139999,0.0,0.0,0.0,1.0,0.0,0.0
107,0.0,0.0,0.0,0.0,0.0,0.0,0.0,0.0,0.0,0.0,0.0,0.0,0.0,0.0,0.0,0.0,0.0,0.0,0.0,0.0,0.0,0.0,0.0,0.0,0.452561035,1.0,0.0,2.159999,0.5078125,0.5347900277777777,0.9189452777777777,2.159999,0.0,0.0,0.0,1.0,0.0,0.0
108,0.0,0.0,0.0,0.0,0.0,0.0,0.0,0.0,0.0,0.0,0.0,0.0,0.0,0.0,0.0,0.0,0.0,0.0,0.0,0.0,0.0,0.0,0.0,0.0,0.46483935499999995,1.0,0.0,2.179999,0.4967041016666667,0.5363159166666667,0.9202880555555555,2.179999,0.0,0.0,0.0,1.0,0.0,0.0
109,0.0,0.0,0.0,0.0,0.0,0.0,0.0,0.0,0.0,0.0,0.0,0.0,0.0,0.0,0.0,0.0,0.0,0.0,0.0,0.0,0.0,0.0,0.0,0.0,0.477117675,1.0,0.0,2.199999,0.48571777222222223,0.5376586944444445,0.9213255555555555,2.199999,0.0,0.0,0.0,1.0,0.0,0.0
110,0.0,0.0,0.0,0.0,0.0,0.0,0.0,0.0,0.0,0.0,0.0,0.0,0.0,0.0,0.0,0.0,0.0,0.0,0.0,0.0,0.0,0.0,0.0,0.0,0.488279785,1.0,0.014912499999999973,2.219999,0.4748535166666667,0.5389404166666667,0.9221191666666666,2.219999,0.0,0.0,0.0,1.0,0.0,0.0
111,0.0,0.0,0.0,0.0,0.0,0.0,0.0,0.0,0.0,0.0,0.0,0.0,0.0,0.0,0.0,0.0,0.0,0.0,0.0,0.0,0.0,0.0,0.0,0.0,0.49832568349999995,1.0,0.05342199999999995,2.239999,0.46435546666666666,0.5400390555555555,0.9226074999999999,2.239999,0.0,0.0,0.0,1.0,0.0,0.0
112,0.0,0.0,0.0,0.0,0.0,0.0,0.0,0.0,0.0,0.0,0.0,0.0,0.0,0.0,0.0,0.0,0.0,0.0,0.0,0.0,0.0,0.0,0.0,0.0,0.5078134750000001,1.0,0.08914050000000007,2.259999,0.4549560555555555,0.5410156388888888,0.9228516666666665,2.259999,0.0,0.0,0.0,1.0,0.0,0.0
113,0.0,0.0,0.0,0.0,0.0,0.0,0.0,0.0,0.0,0.0,0.0,0.0,0.0,0.0,0.0,0.0,0.0,0.0,0.0,0.0,0.0,0.0,0.0,0.0,0.51618506,1.0,0.12206899999999994,2.279999,0.44677734444444445,0.5419311388888889,0.9230347222222223,2.279999,0.0,0.0,0.0,1.0,0.0,0.0
114,0.0,0.0,0.0,0.0,0.0,0.0,0.0,0.0,0.0,0.0,0.0,0.0,0.0,0.0,0.0,0.0,0.0,0.0,0.0,0.0,0.0,0.0,0.0,0.0,0.523998535,0.9807356666666667,0.15276449999999997,2.299999,0.4393310555555555,0.5427246111111111,0.9232177777777777,2.299999,0.0,0.0,0.0,1.0,0.0,0.0
115,0.0,0.0,0.0,0.0,0.0,0.0,0.0,0.0,0.0,0.0,0.0,0.0,0.0,0.0,0.0,0.0,0.0,0.0,0.0,0.0,0.0,0.0,0.0,0.0,0.531253905,0.9212044666666667,0.18122799999999994,2.319999,0.43261716666666666,0.5434570277777778,0.9233397222222222,2.319999,0.0,0.0,0.0,1.0,0.0,0.0
116,0.0,0.0,0.0,0.0,0.0,0.0,0.0,0.0,0.0,0.0,0.0,0.0,0.0,0.0,0.0,0.0,0.0,0.0,0.0,0.0,0.0,0.0,0.0,0.0,0.5373930650000001,0.8646497333333334,0.2085750000000001,2.339998,0.42614744444444447,0.544067388888889,0.9232788888888889,2.339998,0.0,0.0,0.0,1.0,0.0,0.0
117,0.0,0.0,0.0,0.0,0.0,0.0,0.0,0.0,0.0,0.0,0.0,0.0,0.0,0.0,0.0,0.0,0.0,0.0,0.0,0.0,0.0,0.0,0.0,0.0,0.54464844,0.7902356666666667,0.2426195,2.359998,0.41931150000000006,0.5447387777777778,0.9231566666666667,2.359998,0.0,0.0,0.0,1.0,0.0,0.0
118,0.0,0.0,0.0,0.0,0.0,0.0,0.0,0.0,0.0,0.0,0.0,0.0,0.0,0.0,0.0,0.0,0.0,0.0,0.0,0.0,0.0,0.0,0.0,0.0,0.549113285,0.7396341333333333,0.2666180000000001,2.379998,0.41430666666666666,0.5454101666666666,0.9229125000000001,2.379998,0.0,0.0,0.0,1.0,0.0,0.0
119,0.0,0.0,0.0,0.0,0.0,0.0,0.0,0.0,0.0,0.0,0.0,0.0,0.0,0.0,0.0,0.0,0.0,0.0,0.0,0.0,0.0,0.0,0.0,0.0,0.5524619,0.6912649999999999,0.28894249999999994,2.399998,0.40966794444444443,0.5460205,0.9227905555555557,2.399998,0.0,0.0,0.0,1.0,0.0,0.0
120,0.0,0.0,0.0,0.0,0.0,0.0,0.0,0.0,0.0,0.0,0.0,0.0,0.0,0.0,0.0,0.0,0.0,0.0,0.0,0.0,0.0,0.0,0.0,0.0,0.55525245,0.6458724,0.309592,2.419998,0.4051513888888889,0.5465087777777777,0.9226683333333333,2.419998,0.0,0.0,0.0,1.0,0.0,0.0
121,0.0,0.0,0.0,0.0,0.0,0.0,0.0,0.0,0.0,0.0,0.0,0.0,0.0,0.0,0.0,0.0,0.0,0.0,0.0,0.0,0.0,0.0,0.0,0.0,0.55692675,0.6019680666666666,0.3285680000000001,2.439998,0.4003906111111111,0.5469360277777778,0.9224852777777778,2.439998,0.0,0.0,0.0,1.0,0.0,0.0
122,0.0,0.0,0.0,0.0,0.0,0.0,0.0,0.0,0.0,0.0,0.0,0.0,0.0,0.0,0.0,0.0,0.0,0.0,0.0,0.0,0.0,0.0,0.0,0.0,0.55748485,0.5595520666666667,0.34586899999999987,2.459998,0.3952636666666666,0.5474243055555555,0.9221802777777779,2.459998,0.0,0.0,0.0,1.0,0.0,0.0
123,0.0,0.0,0.0,0.0,0.0,0.0,0.0,0.0,0.0,0.0,0.0,0.0,0.0,0.0,0.0,0.0,0.0,0.0,0.0,0.0,0.0,0.0,0.0,0.0,0.55692675,0.5208568,0.360938,2.479998,0.39013672222222223,0.547973638888889,0.921875,2.479998,0.0,0.0,0.0,1.0,0.0,0.0
124,0.0,0.0,0.0,0.0,0.0,0.0,0.0,0.0,0.0,0.0,0.0,0.0,0.0,0.0,0.0,0.0,0.0,0.0,0.0,0.0,0.0,0.0,0.0,0.0,0.55636865,0.485138,0.37433250000000007,2.499998,0.38537600000000005,0.5485229444444444,0.9218138888888887,2.499998,0.0,0.0,0.0,1.0,0.0,0.0
125,0.0,0.0,0.0,0.0,0.0,0.0,0.0,0.0,0.0,0.0,0.0,0.0,0.0,0.0,0.0,0.0,0.0,0.0,0.0,0.0,0.0,0.0,0.0,0.0,0.55525245,0.45314000000000004,0.3860525000000001,2.5199979999999997,0.3809814444444445,0.5493774444444445,0.921875,2.5199979999999997,0.0,0.0,0.0,1.0,0.0,0.0
126,0.0,0.0,0.0,0.0,0.0,0.0,0.0,0.0,0.0,0.0,0.0,0.0,0.0,0.0,0.0,0.0,0.0,0.0,0.0,0.0,0.0,0.0,0.0,0.0,0.55302,0.4241184666666667,0.3960985000000001,2.5399979999999998,0.376709,0.5507202222222222,0.9221802777777779,2.5399979999999998,0.0,0.0,0.0,1.0,0.0,0.0
127,0.0,0.0,0.0,0.0,0.0,0.0,0.0,0.0,0.0,0.0,0.0,0.0,0.0,0.0,0.0,0.0,0.0,0.0,0.0,0.0,0.0,0.0,0.0,0.0,0.5507875999999999,0.39807356666666666,0.4033539999999999,2.5599979999999998,0.37255861111111116,0.5532836944444445,0.922546388888889,2.5599979999999998,0.0,0.0,0.0,1.0,0.0,0.0
128,0.0,0.0,0.0,0.0,0.0,0.0,0.0,0.0,0.0,0.0,0.0,0.0,0.0,0.0,0.0,0.0,0.0,0.0,0.0,0.0,0.0,0.0,0.0,0.0,0.547438965,0.37351692666666664,0.409493,2.579998,0.3682861111111111,0.5572509722222223,0.9228516666666665,2.579998,0.0,0.0,0.0,1.0,0.0,0.0
129,0.0,0.0,0.0,0.0,0.0,0.0,0.0,0.0,0.0,0.0,0.0,0.0,0.0,0.0,0.0,0.0,0.0,0.0,0.0,0.0,0.0,0.0,0.0,0.0,0.54464844,0.3504485666666667,0.41451600000000005,2.599998,0.3638916111111111,0.5623168888888889,0.9227905555555557,2.599998,0.0,0.0,0.0,1.0,0.0,0.0
130,0.0,0.0,0.0,0.0,0.0,0.0,0.0,0.0,0.0,0.0,0.0,0.0,0.0,0.0,0.0,0.0,0.0,0.0,0.0,0.0,0.0,0.0,0.0,0.0,0.5418579099999999,0.3281243486666667,0.419539,2.619998,0.35974122222222227,0.5674438611111111,0.9223633333333333,2.619998,0.0,0.0,0.0,1.0,0.0,0.0
131,0.0,0.0,0.0,0.0,0.0,0.0,0.0,0.0,0.0,0.0,0.0,0.0,0.0,0.0,0.0,0.0,0.0,0.0,0.0,0.0,0.0,0.0,0.0,0.0,0.540183595,0.30803255333333335,0.4245619999999999,2.639998,0.3560791111111111,0.5714721666666667,0.9218138888888887,2.639998,0.0,0.0,0.0,1.0,0.0,0.0
132,0.0,0.0,0.0,0.0,0.0,0.0,0.0,0.0,0.0,0.0,0.0,0.0,0.0,0.0,0.0,0.0,0.0,0.0,0.0,0.0,0.0,0.0,0.0,0.0,0.5396254899999999,0.28868489333333336,0.430143,2.659998,0.35302733333333336,0.573547361111111,0.9214477777777778,2.659998,0.0,0.0,0.0,1.0,0.0,0.0
133,0.0,0.0,0.0,0.0,0.0,0.0,0.0,0.0,0.0,0.0,0.0,0.0,0.0,0.0,0.0,0.0,0.0,0.0,0.0,0.0,0.0,0.0,0.0,0.0,0.53906738,0.27082552,0.43516600000000005,2.679998,0.3505859444444444,0.5737304722222222,0.9213866666666667,2.679998,0.0,0.0,0.0,1.0,0.0,0.0
134,0.0,0.0,0.0,0.0,0.0,0.0,0.0,0.0,0.0,0.0,0.0,0.0,0.0,0.0,0.0,0.0,0.0,0.0,0.0,0.0,0.0,0.0,0.0,0.0,0.538509275,0.2551985333333333,0.439631,2.699998,0.34851072222222224,0.5722656388888888,0.9215697222222221,2.699998,0.0,0.0,0.0,1.0,0.0,0.0
135,0.0,0.0,0.0,0.0,0.0,0.0,0.0,0.0,0.0,0.0,0.0,0.0,0.0,0.0,0.0,0.0,0.0,0.0,0.0,0.0,0.0,0.0,0.0,0.0,0.53795117,0.24105986666666668,0.44353750000000003,2.719998,0.34667966666666666,0.569641111111111,0.9218138888888887,2.719998,0.0,0.0,0.0,1.0,0.0,0.0
136,0.0,0.0,0.0,0.0,0.0,0.0,0.0,0.0,0.0,0.0,0.0,0.0,0.0,0.0,0.0,0.0,0.0,0.0,0.0,0.0,0.0,0.0,0.0,0.0,0.5373930650000001,0.22766533333333333,0.4463280000000001,2.739998,0.3444824444444445,0.5663452222222222,0.9218138888888887,2.739998,0.0,0.0,0.0,1.0,0.0,0.0
137,0.0,0.0,0.0,0.0,0.0,0.0,0.0,0.0,0.0,0.0,0.0,0.0,0.0,0.0,0.0,0.0,0.0,0.0,0.0,0.0,0.0,0.0,0.0,0.0,0.536276855,0.215015,0.44800249999999997,2.759998,0.3417968888888889,0.5629882777777778,0.9216919444444445,2.759998,0.0,0.0,0.0,1.0,0.0,0.0
138,0.0,0.0,0.0,0.0,0.0,0.0,0.0,0.0,0.0,0.0,0.0,0.0,0.0,0.0,0.0,0.0,0.0,0.0,0.0,0.0,0.0,0.0,0.0,0.0,0.535160645,0.2023646,0.4485605,2.779998,0.33862305555555555,0.5601196388888888,0.9213866666666667,2.779998,0.0,0.0,0.0,1.0,0.0,0.0
139,0.0,0.0,0.0,0.0,0.0,0.0,0.0,0.0,0.0,0.0,0.0,0.0,0.0,0.0,0.0,0.0,0.0,0.0,0.0,0.0,0.0,0.0,0.0,0.0,0.53292822,0.19045833333333334,0.4485605,2.799998,0.33544922222222223,0.5581665,0.9212647222222222,2.799998,0.0,0.0,0.0,1.0,0.0,0.0
140,0.0,0.0,0.0,0.0,0.0,0.0,0.0,0.0,0.0,0.0,0.0,0.0,0.0,0.0,0.0,0.0,0.0,0.0,0.0,0.0,0.0,0.0,0.0,0.0,0.531253905,0.17929620000000002,0.44800249999999997,2.819998,0.33251955555555557,0.5568847777777778,0.9213255555555555,2.819998,0.0,0.0,0.0,1.0,0.0,0.0
141,0.0,0.0,0.0,0.0,0.0,0.0,0.0,0.0,0.0,0.0,0.0,0.0,0.0,0.0,0.0,0.0,0.0,0.0,0.0,0.0,0.0,0.0,0.0,0.0,0.530137695,0.1696224,0.4474444999999999,2.839998,0.3300781111111111,0.5559081944444444,0.9215088888888889,2.839998,0.0,0.0,0.0,1.0,0.0,0.0
142,0.0,0.0,0.0,0.0,0.0,0.0,0.0,0.0,0.0,0.0,0.0,0.0,0.0,0.0,0.0,0.0,0.0,0.0,0.0,0.0,0.0,0.0,0.0,0.0,0.529021485,0.1599486,0.4468864999999999,2.859998,0.328125,0.5549316388888889,0.9218138888888887,2.859998,0.0,0.0,0.0,1.0,0.0,0.0
143,0.0,0.0,0.0,0.0,0.0,0.0,0.0,0.0,0.0,0.0,0.0,0.0,0.0,0.0,0.0,0.0,0.0,0.0,0.0,0.0,0.0,0.0,0.0,0.0,0.529021485,0.15101886666666667,0.4468864999999999,2.879998,0.32629394444444443,0.5536498888888889,0.9221802777777779,2.879998,0.0,0.0,0.0,1.0,0.0,0.0
144,0.0,0.0,0.0,0.0,0.0,0.0,0.0,0.0,0.0,0.0,0.0,0.0,0.0,0.0,0.0,0.0,0.0,0.0,0.0,0.0,0.0,0.0,0.0,0.0,0.52957959,0.1420892,0.4468864999999999,2.899998,0.32470705555555557,0.552063,0.9226683333333333,2.899998,0.0,0.0,0.0,1.0,0.0,0.0
145,0.0,0.0,0.0,0.0,0.0,0.0,0.0,0.0,0.0,0.0,0.0,0.0,0.0,0.0,0.0,0.0,0.0,0.0,0.0,0.0,0.0,0.0,0.0,0.0,0.530137695,0.13390366666666667,0.4463280000000001,2.919998,0.3231201111111111,0.550354,0.9230347222222223,2.919998,0.0,0.0,0.0,1.0,0.0,0.0
146,0.0,0.0,0.0,0.0,0.0,0.0,0.0,0.0,0.0,0.0,0.0,0.0,0.0,0.0,0.0,0.0,0.0,0.0,0.0,0.0,0.0,0.0,0.0,0.0,0.530137695,0.12571813333333334,0.4463280000000001,2.939998,0.3215332222222222,0.5489501944444445,0.9232177777777777,2.939998,0.0,0.0,0.0,1.0,0.0,0.0
147,0.0,0.0,0.0,0.0,0.0,0.0,0.0,0.0,0.0,0.0,0.0,0.0,0.0,0.0,0.0,0.0,0.0,0.0,0.0,0.0,0.0,0.0,0.0,0.0,0.530137695,0.11827666666666667,0.4463280000000001,2.959998,0.3199462777777778,0.5479126111111111,0.9232177777777777,2.959998,0.0,0.0,0.0,1.0,0.0,0.0
148,0.0,0.0,0.0,0.0,0.0,0.0,0.0,0.0,0.0,0.0,0.0,0.0,0.0,0.0,0.0,0.0,0.0,0.0,0.0,0.0,0.0,0.0,0.0,0.0,0.52957959,0.11083526666666668,0.4463280000000001,2.979998,0.3186035,0.5471191388888889,0.9232177777777777,2.979998,0.0,0.0,0.0,1.0,0.0,0.0
149,0.0,0.0,0.0,0.0,0.0,0.0,0.0,0.0,0.0,0.0,0.0,0.0,0.0,0.0,0.0,0.0,0.0,0.0,0.0,0.0,0.0,0.0,0.0,0.0,0.530137695,0.104138,0.4463280000000001,2.999998,0.31726072222222224,0.5461425833333333,0.9233397222222222,2.999998,0.0,0.0,0.0,1.0,0.0,0.0
150,0.0,0.0,0.0,0.0,0.0,0.0,0.0,0.0,0.0,0.0,0.0,0.0,0.0,0.0,0.0,0.0,0.0,0.0,0.0,0.0,0.0,0.0,0.0,0.0,0.530137695,0.09818493333333332,0.4468864999999999,3.0199979999999997,0.31591794444444443,0.5447998055555555,0.923645,3.0199979999999997,0.0,0.0,0.0,1.0,0.0,0.0
151,0.0,0.0,0.0,0.0,0.0,0.0,0.0,0.0,0.0,0.0,0.0,0.0,0.0,0.0,0.0,0.0,0.0,0.0,0.0,0.0,0.0,0.0,0.0,0.0,0.5306957999999999,0.09372006666666668,0.4474444999999999,3.0399979999999998,0.31469727777777773,0.5432739166666667,0.9240722222222222,3.0399979999999998,0.0,0.0,0.0,1.0,0.0,0.0
152,0.0,0.0,0.0,0.0,0.0,0.0,0.0,0.0,0.0,0.0,0.0,0.0,0.0,0.0,0.0,0.0,0.0,0.0,0.0,0.0,0.0,0.0,0.0,0.0,0.531253905,0.08999933333333333,0.44800249999999997,3.0599979999999998,0.3135986111111111,0.5418090833333333,0.9244386111111111,3.0599979999999998,0.0,0.0,0.0,1.0,0.0,0.0
153,0.0,0.0,0.0,0.0,0.0,0.0,0.0,0.0,0.0,0.0,0.0,0.0,0.0,0.0,0.0,0.0,0.0,0.0,0.0,0.0,0.0,0.0,0.0,0.0,0.531253905,0.08776693333333334,0.44800249999999997,3.079998,0.31262205555555556,0.5405273333333334,0.9248658333333333,3.079998,0.0,0.0,0.0,1.0,0.0,0.0
154,0.0,0.0,0.0,0.0,0.0,0.0,0.0,0.0,0.0,0.0,0.0,0.0,0.0,0.0,0.0,0.0,0.0,0.0,0.0,0.0,0.0,0.0,0.0,0.0,0.53181201,0.08627866666666668,0.4485605,3.099998,0.3118896666666667,0.5393676666666667,0.9252319444444443,3.099998,0.0,0.0,0.0,1.0,0.0,0.0
155,0.0,0.0,0.0,0.0,0.0,0.0,0.0,0.0,0.0,0.0,0.0,0.0,0.0,0.0,0.0,0.0,0.0,0.0,0.0,0.0,0.0,0.0,0.0,0.0,0.53181201,0.08553453333333334,0.4491185,3.119998,0.3112792777777778,0.5384521388888889,0.9255372222222222,3.119998,0.0,0.0,0.0,1.0,0.0,0.0
156,0.0,0.0,0.0,0.0,0.0,0.0,0.0,0.0,0.0,0.0,0.0,0.0,0.0,0.0,0.0,0.0,0.0,0.0,0.0,0.0,0.0,0.0,0.0,0.0,0.532370115,0.08479033333333336,0.449677,3.139998,0.310791,0.5376586944444445,0.9257813888888888,3.139998,0.0,0.0,0.0,1.0,0.0,0.0
157,0.0,0.0,0.0,0.0,0.0,0.0,0.0,0.0,0.0,0.0,0.0,0.0,0.0,0.0,0.0,0.0,0.0,0.0,0.0,0.0,0.0,0.0,0.0,0.0,0.532370115,0.08404619999999999,0.449677,3.159998,0.3100586111111111,0.5371093888888888,0.9259644444444444,3.159998,0.0,0.0,0.0,1.0,0.0,0.0
158,0.0,0.0,0.0,0.0,0.0,0.0,0.0,0.0,0.0,0.0,0.0,0.0,0.0,0.0,0.0,0.0,0.0,0.0,0.0,0.0,0.0,0.0,0.0,0.0,0.532370115,0.08255793333333333,0.449677,3.179998,0.30944822222222224,0.5366821388888888,0.9260252777777778,3.179998,0.0,0.0,0.0,1.0,0.0,0.0
159,0.0,0.0,0.0,0.0,0.0,0.0,0.0,0.0,0.0,0.0,0.0,0.0,0.0,0.0,0.0,0.0,0.0,0.0,0.0,0.0,0.0,0.0,0.0,0.0,0.53181201,0.08181379999999999,0.449677,3.199998,0.30895994444444447,0.536438,0.9260863888888888,3.199998,0.0,0.0,0.0,1.0,0.0,0.0
160,0.0,0.0,0.0,0.0,0.0,0.0,0.0,0.0,0.0,0.0,0.0,0.0,0.0,0.0,0.0,0.0,0.0,0.0,0.0,0.0,0.0,0.0,0.0,0.0,0.531253905,0.08032553333333334,0.449677,3.219998,0.3087158333333333,0.5361328055555555,0.9261475,3.219998,0.0,0.0,0.0,1.0,0.0,0.0
161,0.0,0.0,0.0,0.0,0.0,0.0,0.0,0.0,0.0,0.0,0.0,0.0,0.0,0.0,0.0,0.0,0.0,0.0,0.0,0.0,0.0,0.0,0.0,0.0,0.531253905,0.07883726666666663,0.449677,3.239998,0.3087158333333333,0.535827638888889,0.9262694444444445,3.239998,0.0,0.0,0.0,1.0,0.0,0.0
162,0.0,0.0,0.0,0.0,0.0,0.0,0.0,0.0,0.0,0.0,0.0,0.0,0.0,0.0,0.0,0.0,0.0,0.0,0.0,0.0,0.0,0.0,0.0,0.0,0.5306957999999999,0.07809306666666667,0.4491185,3.259998,0.3088378888888889,0.5354614166666667,0.9263305555555555,3.259998,0.0,0.0,0.0,1.0,0.0,0.0
163,0.0,0.0,0.0,0.0,0.0,0.0,0.0,0.0,0.0,0.0,0.0,0.0,0.0,0.0,0.0,0.0,0.0,0.0,0.0,0.0,0.0,0.0,0.0,0.0,0.5306957999999999,0.0773489333333333,0.4491185,3.2799980000000004,0.30895994444444447,0.5350341666666667,0.9263916666666666,3.2799980000000004,0.0,0.0,0.0,1.0,0.0,0.0
164,0.0,0.0,0.0,0.0,0.0,0.0,0.0,0.0,0.0,0.0,0.0,0.0,0.0,0.0,0.0,0.0,0.0,0.0,0.0,0.0,0.0,0.0,0.0,0.0,0.5306957999999999,0.0773489333333333,0.4491185,3.2999980000000004,0.30895994444444447,0.534729,0.9263916666666666,3.2999980000000004,0.0,0.0,0.0,1.0,0.0,0.0
165,0.0,0.0,0.0,0.0,0.0,0.0,0.0,0.0,0.0,0.0,0.0,0.0,0.0,0.0,0.0,0.0,0.0,0.0,0.0,0.0,0.0,0.0,0.0,0.0,0.5306957999999999,0.07660480000000001,0.4491185,3.3199980000000004,0.30908205555555557,0.5345458888888889,0.9262086111111112,3.3199980000000004,0.0,0.0,0.0,1.0,0.0,0.0
166,0.0,0.0,0.0,0.0,0.0,0.0,0.0,0.0,0.0,0.0,0.0,0.0,0.0,0.0,0.0,0.0,0.0,0.0,0.0,0.0,0.0,0.0,0.0,0.0,0.530137695,0.07660480000000001,0.449677,3.3399980000000005,0.3093261666666666,0.5346069444444445,0.9259644444444444,3.3399980000000005,0.0,0.0,0.0,1.0,0.0,0.0
167,0.0,0.0,0.0,0.0,0.0,0.0,0.0,0.0,0.0,0.0,0.0,0.0,0.0,0.0,0.0,0.0,0.0,0.0,0.0,0.0,0.0,0.0,0.0,0.0,0.530137695,0.07660480000000001,0.449677,3.3599980000000005,0.30981444444444445,0.5347900277777777,0.9255372222222222,3.3599980000000005,0.0,0.0,0.0,1.0,0.0,0.0
168,0.0,0.0,0.0,0.0,0.0,0.0,0.0,0.0,0.0,0.0,0.0,0.0,0.0,0.0,0.0,0.0,0.0,0.0,0.0,0.0,0.0,0.0,0.0,0.0,0.52957959,0.07660480000000001,0.449677,3.379997,0.31042477777777777,0.53515625,0.9251708333333334,3.379997,0.0,0.0,0.0,1.0,0.0,0.0
169,0.0,0.0,0.0,0.0,0.0,0.0,0.0,0.0,0.0,0.0,0.0,0.0,0.0,0.0,0.0,0.0,0.0,0.0,0.0,0.0,0.0,0.0,0.0,0.0,0.52957959,0.07660480000000001,0.450235,3.399997,0.3110351666666667,0.5354614166666667,0.9248047222222223,3.399997,0.0,0.0,0.0,1.0,0.0,0.0
170,0.0,0.0,0.0,0.0,0.0,0.0,0.0,0.0,0.0,0.0,0.0,0.0,0.0,0.0,0.0,0.0,0.0,0.0,0.0,0.0,0.0,0.0,0.0,0.0,0.529021485,0.07660480000000001,0.450235,3.419997,0.31201172222222223,0.5357666111111111,0.9244994444444444,3.419997,0.0,0.0,0.0,1.0,0.0,0.0
171,0.0,0.0,0.0,0.0,0.0,0.0,0.0,0.0,0.0,0.0,0.0,0.0,0.0,0.0,0.0,0.0,0.0,0.0,0.0,0.0,0.0,0.0,0.0,0.0,0.52846338,0.07660480000000001,0.450235,3.439997,0.3132324444444445,0.5358886666666667,0.9240722222222222,3.439997,0.0,0.0,0.0,1.0,0.0,0.0
172,0.0,0.0,0.0,0.0,0.0,0.0,0.0,0.0,0.0,0.0,0.0,0.0,0.0,0.0,0.0,0.0,0.0,0.0,0.0,0.0,0.0,0.0,0.0,0.0,0.527905275,0.07660480000000001,0.4491185,3.459997,0.3149413888888889,0.5357055555555555,0.9235230555555556,3.459997,0.0,0.0,0.0,1.0,0.0,0.0
173,0.0,0.0,0.0,0.0,0.0,0.0,0.0,0.0,0.0,0.0,0.0,0.0,0.0,0.0,0.0,0.0,0.0,0.0,0.0,0.0,0.0,0.0,0.0,0.0,0.526789065,0.07660480000000001,0.4463280000000001,3.479997,0.3164062222222222,0.5352172777777778,0.9228516666666665,3.479997,0.0,0.0,0.0,1.0,0.0,0.0
174,0.0,0.0,0.0,0.0,0.0,0.0,0.0,0.0,0.0,0.0,0.0,0.0,0.0,0.0,0.0,0.0,0.0,0.0,0.0,0.0,0.0,0.0,0.0,0.0,0.526789065,0.07660480000000001,0.4418635,3.499997,0.3162841666666667,0.5346069444444445,0.9224244444444445,3.499997,0.0,0.0,0.0,1.0,0.0,0.0
175,0.0,0.0,0.0,0.0,0.0,0.0,0.0,0.0,0.0,0.0,0.0,0.0,0.0,0.0,0.0,0.0,0.0,0.0,0.0,0.0,0.0,0.0,0.0,0.0,0.526789065,0.07660480000000001,0.4368405000000001,3.519997,0.31469727777777773,0.5341796944444445,0.922546388888889,3.519997,0.0,0.0,0.0,1.0,0.0,0.0
176,0.0,0.0,0.0,0.0,0.0,0.0,0.0,0.0,0.0,0.0,0.0,0.0,0.0,0.0,0.0,0.0,0.0,0.0,0.0,0.0,0.0,0.0,0.0,0.0,0.526789065,0.07660480000000001,0.4318175,3.539997,0.31237794444444444,0.5336303611111112,0.9230347222222223,3.539997,0.0,0.0,0.0,1.0,0.0,0.0
177,0.0,0.0,0.0,0.0,0.0,0.0,0.0,0.0,0.0,0.0,0.0,0.0,0.0,0.0,0.0,0.0,0.0,0.0,0.0,0.0,0.0,0.0,0.0,0.0,0.52734717,0.0773489333333333,0.4262364999999999,3.559997,0.30944822222222224,0.5330810555555555,0.923645,3.559997,0.0,0.0,0.0,1.0,0.0,0.0
178,0.0,0.0,0.0,0.0,0.0,0.0,0.0,0.0,0.0,0.0,0.0,0.0,0.0,0.0,0.0,0.0,0.0,0.0,0.0,0.0,0.0,0.0,0.0,0.0,0.52846338,0.0773489333333333,0.4212135,3.579997,0.30566405555555554,0.5328369166666667,0.9240111111111111,3.579997,0.0,0.0,0.0,1.0,0.0,0.0
179,0.0,0.0,0.0,0.0,0.0,0.0,0.0,0.0,0.0,0.0,0.0,0.0,0.0,0.0,0.0,0.0,0.0,0.0,0.0,0.0,0.0,0.0,0.0,0.0,0.529021485,0.07809306666666667,0.41842299999999993,3.599997,0.30175783333333334,0.5331420833333333,0.9239502777777777,3.599997,0.0,0.0,0.0,1.0,0.0,0.0
180,0.0,0.0,0.0,0.0,0.0,0.0,0.0,0.0,0.0,0.0,0.0,0.0,0.0,0.0,0.0,0.0,0.0,0.0,0.0,0.0,0.0,0.0,0.0,0.0,0.529021485,0.0795814,0.4173064999999999,3.619997,0.29895022222222223,0.5339355555555556,0.9235230555555556,3.619997,0.0,0.0,0.0,1.0,0.0,0.0
181,0.0,0.0,0.0,0.0,0.0,0.0,0.0,0.0,0.0,0.0,0.0,0.0,0.0,0.0,0.0,0.0,0.0,0.0,0.0,0.0,0.0,0.0,0.0,0.0,0.52846338,0.08106966666666665,0.41842299999999993,3.639997,0.2980957222222222,0.5349731388888889,0.9229125000000001,3.639997,0.0,0.0,0.0,1.0,0.0,0.0
182,0.0,0.0,0.0,0.0,0.0,0.0,0.0,0.0,0.0,0.0,0.0,0.0,0.0,0.0,0.0,0.0,0.0,0.0,0.0,0.0,0.0,0.0,0.0,0.0,0.527905275,0.08255793333333333,0.420097,3.659997,0.298584,0.5357666111111111,0.922546388888889,3.659997,0.0,0.0,0.0,1.0,0.0,0.0
183,0.0,0.0,0.0,0.0,0.0,0.0,0.0,0.0,0.0,0.0,0.0,0.0,0.0,0.0,0.0,0.0,0.0,0.0,0.0,0.0,0.0,0.0,0.0,0.0,0.527905275,0.08330206666666665,0.42065549999999996,3.679997,0.2988281111111111,0.5359496944444444,0.9224244444444445,3.679997,0.0,0.0,0.0,1.0,0.0,0.0
184,0.0,0.0,0.0,0.0,0.0,0.0,0.0,0.0,0.0,0.0,0.0,0.0,0.0,0.0,0.0,0.0,0.0,0.0,0.0,0.0,0.0,0.0,0.0,0.0,0.526789065,0.0870228,0.42567850000000007,3.699997,0.30114744444444447,0.5373535277777778,0.921875,3.699997,0.0,0.0,0.0,1.0,0.0,0.0
185,0.0,0.0,0.0,0.0,0.0,0.0,0.0,0.0,0.0,0.0,0.0,0.0,0.0,0.0,0.0,0.0,0.0,0.0,0.0,0.0,0.0,0.0,0.0,0.0,0.525114745,0.09520833333333334,0.43795649999999997,3.719997,0.30676272222222223,0.5399780277777778,0.921203611111111,3.719997,0.0,0.0,0.0,1.0,0.0,0.0
186,0.0,0.0,0.0,0.0,0.0,0.0,0.0,0.0,0.0,0.0,0.0,0.0,0.0,0.0,0.0,0.0,0.0,0.0,0.0,0.0,0.0,0.0,0.0,0.0,0.5245566399999999,0.0966966,0.4418635,3.7399970000000002,0.30773927777777776,0.5400390555555555,0.9212647222222222,3.7399970000000002,0.0,0.0,0.0,1.0,0.0,0.0
187,0.0,0.0,0.0,0.0,0.0,0.0,0.0,0.0,0.0,0.0,0.0,0.0,0.0,0.0,0.0,0.0,0.0,0.0,0.0,0.0,0.0,0.0,0.0,0.0,0.525114745,0.09744073333333333,0.4446539999999999,3.7599970000000003,0.3078613333333334,0.5396728611111111,0.9214477777777778,3.7599970000000003,0.0,0.0,0.0,1.0,0.0,0.0
188,0.0,0.0,0.0,0.0,0.0,0.0,0.0,0.0,0.0,0.0,0.0,0.0,0.0,0.0,0.0,0.0,0.0,0.0,0.0,0.0,0.0,0.0,0.0,0.0,0.525114745,0.0966966,0.4463280000000001,3.7799970000000003,0.3071288888888889,0.5389404166666667,0.921875,3.7799970000000003,0.0,0.0,0.0,1.0,0.0,0.0
189,0.0,0.0,0.0,0.0,0.0,0.0,0.0,0.0,0.0,0.0,0.0,0.0,0.0,0.0,0.0,0.0,0.0,0.0,0.0,0.0,0.0,0.0,0.0,0.0,0.525672855,0.09520833333333334,0.4474444999999999,3.7999970000000003,0.3060302777777778,0.5381469722222222,0.9223633333333333,3.7999970000000003,0.0,0.0,0.0,1.0,0.0,0.0
190,0.0,0.0,0.0,0.0,0.0,0.0,0.0,0.0,0.0,0.0,0.0,0.0,0.0,0.0,0.0,0.0,0.0,0.0,0.0,0.0,0.0,0.0,0.0,0.0,0.525672855,0.09297593333333332,0.44800249999999997,3.8199970000000003,0.3050537222222222,0.5373535277777778,0.9227905555555557,3.8199970000000003,0.0,0.0,0.0,1.0,0.0,0.0
191,0.0,0.0,0.0,0.0,0.0,0.0,0.0,0.0,0.0,0.0,0.0,0.0,0.0,0.0,0.0,0.0,0.0,0.0,0.0,0.0,0.0,0.0,0.0,0.0,0.52623096,0.09148759999999999,0.44800249999999997,3.8399970000000003,0.30419922222222223,0.5368041944444444,0.9230958333333333,3.8399970000000003,0.0,0.0,0.0,1.0,0.0,0.0
192,0.0,0.0,0.0,0.0,0.0,0.0,0.0,0.0,0.0,0.0,0.0,0.0,0.0,0.0,0.0,0.0,0.0,0.0,0.0,0.0,0.0,0.0,0.0,0.0,0.52623096,0.09074346666666665,0.44800249999999997,3.859997,0.3035888888888889,0.5363769444444444,0.9233397222222222,3.859997,0.0,0.0,0.0,1.0,0.0,0.0
193,0.0,0.0,0.0,0.0,0.0,0.0,0.0,0.0,0.0,0.0,0.0,0.0,0.0,0.0,0.0,0.0,0.0,0.0,0.0,0.0,0.0,0.0,0.0,0.0,0.52623096,0.08999933333333333,0.4474444999999999,3.879997,0.3031006111111111,0.5361328055555555,0.9234619444444445,3.879997,0.0,0.0,0.0,1.0,0.0,0.0
194,0.0,0.0,0.0,0.0,0.0,0.0,0.0,0.0,0.0,0.0,0.0,0.0,0.0,0.0,0.0,0.0,0.0,0.0,0.0,0.0,0.0,0.0,0.0,0.0,0.52623096,0.08925519999999999,0.4474444999999999,3.899997,0.30261227777777777,0.5358886666666667,0.9235230555555556,3.899997,0.0,0.0,0.0,1.0,0.0,0.0
195,0.0,0.0,0.0,0.0,0.0,0.0,0.0,0.0,0.0,0.0,0.0,0.0,0.0,0.0,0.0,0.0,0.0,0.0,0.0,0.0,0.0,0.0,0.0,0.0,0.52623096,0.08851106666666668,0.4468864999999999,3.919997,0.302124,0.5355835,0.923645,3.919997,0.0,0.0,0.0,1.0,0.0,0.0
196,0.0,0.0,0.0,0.0,0.0,0.0,0.0,0.0,0.0,0.0,0.0,0.0,0.0,0.0,0.0,0.0,0.0,0.0,0.0,0.0,0.0,0.0,0.0,0.0,0.52623096,0.0870228,0.4468864999999999,3.939997,0.30126955555555557,0.53515625,0.9237061111111111,3.939997,0.0,0.0,0.0,1.0,0.0,0.0
197,0.0,0.0,0.0,0.0,0.0,0.0,0.0,0.0,0.0,0.0,0.0,0.0,0.0,0.0,0.0,0.0,0.0,0.0,0.0,0.0,0.0,0.0,0.0,0.0,0.52623096,0.08479033333333336,0.4463280000000001,3.959997,0.3001708888888889,0.5345458888888889,0.9237672222222222,3.959997,0.0,0.0,0.0,1.0,0.0,0.0
198,0.0,0.0,0.0,0.0,0.0,0.0,0.0,0.0,0.0,0.0,0.0,0.0,0.0,0.0,0.0,0.0,0.0,0.0,0.0,0.0,0.0,0.0,0.0,0.0,0.52623096,0.08255793333333333,0.4468864999999999,3.979997,0.2993163888888889,0.5339355555555556,0.9238891666666667,3.979997,0.0,0.0,0.0,1.0,0.0,0.0
199,0.0,0.0,0.0,0.0,0.0,0.0,0.0,0.0,0.0,0.0,0.0,0.0,0.0,0.0,0.0,0.0,0.0,0.0,0.0,0.0,0.0,0.0,0.0,0.0,0.52623096,0.08106966666666665,0.44800249999999997,3.999997,0.2988281111111111,0.5335083055555556,0.9239502777777777,3.999997,0.0,0.0,0.0,1.0,0.0,0.0
200,0.0,0.0,0.0,0.0,0.0,0.0,0.0,0.0,0.0,0.0,0.0,0.0,0.0,0.0,0.0,0.0,0.0,0.0,0.0,0.0,0.0,0.0,0.0,0.0,0.52623096,0.08032553333333334,0.4491185,4.019997,0.29870605555555557,0.5330810555555555,0.9239502777777777,4.019997,0.0,0.0,0.0,1.0,0.0,0.0
201,0.0,0.0,0.0,0.0,0.0,0.0,0.0,0.0,0.0,0.0,0.0,0.0,0.0,0.0,0.0,0.0,0.0,0.0,0.0,0.0,0.0,0.0,0.0,0.0,0.52623096,0.07883726666666663,0.449677,4.0399970000000005,0.29907227777777773,0.5325927777777777,0.9240722222222222,4.0399970000000005,0.0,0.0,0.0,1.0,0.0,0.0
202,0.0,0.0,0.0,0.0,0.0,0.0,0.0,0.0,0.0,0.0,0.0,0.0,0.0,0.0,0.0,0.0,0.0,0.0,0.0,0.0,0.0,0.0,0.0,0.0,0.52623096,0.07809306666666667,0.450235,4.059997,0.2996826111111111,0.531921388888889,0.9243163888888889,4.059997,0.0,0.0,0.0,1.0,0.0,0.0
203,0.0,0.0,0.0,0.0,0.0,0.0,0.0,0.0,0.0,0.0,0.0,0.0,0.0,0.0,0.0,0.0,0.0,0.0,0.0,0.0,0.0,0.0,0.0,0.0,0.52623096,0.0773489333333333,0.450235,4.0799970000000005,0.3007812222222222,0.5311889722222222,0.9246216666666666,4.0799970000000005,0.0,0.0,0.0,1.0,0.0,0.0
204,0.0,0.0,0.0,0.0,0.0,0.0,0.0,0.0,0.0,0.0,0.0,0.0,0.0,0.0,0.0,0.0,0.0,0.0,0.0,0.0,0.0,0.0,0.0,0.0,0.52623096,0.07660480000000001,0.450235,4.099997,0.30236816666666666,0.5302734444444445,0.9250488888888889,4.099997,0.0,0.0,0.0,1.0,0.0,0.0
205,0.0,0.0,0.0,0.0,0.0,0.0,0.0,0.0,0.0,0.0,0.0,0.0,0.0,0.0,0.0,0.0,0.0,0.0,0.0,0.0,0.0,0.0,0.0,0.0,0.52623096,0.07660480000000001,0.4491185,4.119997,0.3059082222222222,0.5281371944444444,0.9259033333333333,4.119997,0.0,0.0,0.0,1.0,0.0,0.0
206,0.0,0.0,0.0,0.0,0.0,0.0,0.0,0.0,0.0,0.0,0.0,0.0,0.0,0.0,0.0,0.0,0.0,0.0,0.0,0.0,0.0,0.0,0.0,0.0,0.52623096,0.07586066666666665,0.4457700000000001,4.139997,0.3099365,0.5258178722222222,0.9265747222222223,4.139997,0.0,0.0,0.0,1.0,0.0,0.0
207,0.0,0.0,0.0,0.0,0.0,0.0,0.0,0.0,0.0,0.0,0.0,0.0,0.0,0.0,0.0,0.0,0.0,0.0,0.0,0.0,0.0,0.0,0.0,0.0,0.52623096,0.07660480000000001,0.4424215,4.159997,0.3105468888888889,0.5250854500000001,0.9265136111111111,4.159997,0.0,0.0,0.0,1.0,0.0,0.0
208,0.0,0.0,0.0,0.0,0.0,0.0,0.0,0.0,0.0,0.0,0.0,0.0,0.0,0.0,0.0,0.0,0.0,0.0,0.0,0.0,0.0,0.0,0.0,0.0,0.526789065,0.07660480000000001,0.4385145,4.179997,0.3099365,0.5247802722222222,0.9263305555555555,4.179997,0.0,0.0,0.0,1.0,0.0,0.0
209,0.0,0.0,0.0,0.0,0.0,0.0,0.0,0.0,0.0,0.0,0.0,0.0,0.0,0.0,0.0,0.0,0.0,0.0,0.0,0.0,0.0,0.0,0.0,0.0,0.526789065,0.07660480000000001,0.4340499999999999,4.199997,0.3085937222222222,0.5247192388888888,0.9262694444444445,4.199997,0.0,0.0,0.0,1.0,0.0,0.0
210,0.0,0.0,0.0,0.0,0.0,0.0,0.0,0.0,0.0,0.0,0.0,0.0,0.0,0.0,0.0,0.0,0.0,0.0,0.0,0.0,0.0,0.0,0.0,0.0,0.526789065,0.07660480000000001,0.42902699999999994,4.219997,0.30676272222222223,0.5247192388888888,0.9263305555555555,4.219997,0.0,0.0,0.0,1.0,0.0,0.0
211,0.0,0.0,0.0,0.0,0.0,0.0,0.0,0.0,0.0,0.0,0.0,0.0,0.0,0.0,0.0,0.0,0.0,0.0,0.0,0.0,0.0,0.0,0.0,0.0,0.52623096,0.07660480000000001,0.42344600000000004,4.239997,0.3043212777777778,0.5249023444444444,0.9262694444444445,4.239997,0.0,0.0,0.0,1.0,0.0,0.0
212,0.0,0.0,0.0,0.0,0.0,0.0,0.0,0.0,0.0,0.0,0.0,0.0,0.0,0.0,0.0,0.0,0.0,0.0,0.0,0.0,0.0,0.0,0.0,0.0,0.525114745,0.0773489333333333,0.41898100000000016,4.259997,0.30126955555555557,0.5254516611111111,0.9258422222222222,4.259997,0.0,0.0,0.0,1.0,0.0,0.0
213,0.0,0.0,0.0,0.0,0.0,0.0,0.0,0.0,0.0,0.0,0.0,0.0,0.0,0.0,0.0,0.0,0.0,0.0,0.0,0.0,0.0,0.0,0.0,0.0,0.523998535,0.07809306666666667,0.4167485000000001,4.279997,0.2982177777777778,0.5264282222222222,0.9249877777777777,4.279997,0.0,0.0,0.0,1.0,0.0,0.0
214,0.0,0.0,0.0,0.0,0.0,0.0,0.0,0.0,0.0,0.0,0.0,0.0,0.0,0.0,0.0,0.0,0.0,0.0,0.0,0.0,0.0,0.0,0.0,0.0,0.522882325,0.0795814,0.4167485000000001,4.299997,0.29663083333333334,0.5277709972222222,0.9240111111111111,4.299997,0.0,0.0,0.0,1.0,0.0,0.0
215,0.0,0.0,0.0,0.0,0.0,0.0,0.0,0.0,0.0,0.0,0.0,0.0,0.0,0.0,0.0,0.0,0.0,0.0,0.0,0.0,0.0,0.0,0.0,0.0,0.52232422,0.08106966666666665,0.41898100000000016,4.319997,0.29675294444444444,0.5289306666666667,0.9232177777777777,4.319997,0.0,0.0,0.0,1.0,0.0,0.0
216,0.0,0.0,0.0,0.0,0.0,0.0,0.0,0.0,0.0,0.0,0.0,0.0,0.0,0.0,0.0,0.0,0.0,0.0,0.0,0.0,0.0,0.0,0.0,0.0,0.5217661149999999,0.08181379999999999,0.420097,4.339997,0.29711916666666666,0.5295410277777778,0.9229125000000001,4.339997,0.0,0.0,0.0,1.0,0.0,0.0
217,0.0,0.0,0.0,0.0,0.0,0.0,0.0,0.0,0.0,0.0,0.0,0.0,0.0,0.0,0.0,0.0,0.0,0.0,0.0,0.0,0.0,0.0,0.0,0.0,0.5217661149999999,0.08255793333333333,0.4223295,4.359997,0.29785155555555554,0.530151361111111,0.9226074999999999,4.359997,0.0,0.0,0.0,1.0,0.0,0.0
218,0.0,0.0,0.0,0.0,0.0,0.0,0.0,0.0,0.0,0.0,0.0,0.0,0.0,0.0,0.0,0.0,0.0,0.0,0.0,0.0,0.0,0.0,0.0,0.0,0.5217661149999999,0.08627866666666668,0.43739850000000013,4.379997,0.302124,0.5329589722222222,0.9211425000000001,4.379997,0.0,0.0,0.0,1.0,0.0,0.0
219,0.0,0.0,0.0,0.0,0.0,0.0,0.0,0.0,0.0,0.0,0.0,0.0,0.0,0.0,0.0,0.0,0.0,0.0,0.0,0.0,0.0,0.0,0.0,0.0,0.52232422,0.0870228,0.44353750000000003,4.399997,0.3027343888888889,0.5330200277777778,0.9210816666666667,4.399997,0.0,0.0,0.0,1.0,0.0,0.0
220,0.0,0.0,0.0,0.0,0.0,0.0,0.0,0.0,0.0,0.0,0.0,0.0,0.0,0.0,0.0,0.0,0.0,0.0,0.0,0.0,0.0,0.0,0.0,0.0,0.52232422,0.0870228,0.4474444999999999,4.419997,0.30249022222222227,0.5327148333333334,0.921203611111111,4.419997,0.0,0.0,0.0,1.0,0.0,0.0
221,0.0,0.0,0.0,0.0,0.0,0.0,0.0,0.0,0.0,0.0,0.0,0.0,0.0,0.0,0.0,0.0,0.0,0.0,0.0,0.0,0.0,0.0,0.0,0.0,0.5217661149999999,0.08627866666666668,0.450235,4.439997,0.30175783333333334,0.5322265555555555,0.9213866666666667,4.439997,0.0,0.0,0.0,1.0,0.0,0.0
222,0.0,0.0,0.0,0.0,0.0,0.0,0.0,0.0,0.0,0.0,0.0,0.0,0.0,0.0,0.0,0.0,0.0,0.0,0.0,0.0,0.0,0.0,0.0,0.0,0.5212080099999999,0.08479033333333336,0.4524675,4.459997,0.3007812222222222,0.53167725,0.9215697222222221,4.459997,0.0,0.0,0.0,1.0,0.0,0.0
223,0.0,0.0,0.0,0.0,0.0,0.0,0.0,0.0,0.0,0.0,0.0,0.0,0.0,0.0,0.0,0.0,0.0,0.0,0.0,0.0,0.0,0.0,0.0,0.0,0.5212080099999999,0.08404619999999999,0.45358350000000003,4.479997,0.29992677777777776,0.5311279166666667,0.9218138888888887,4.479997,0.0,0.0,0.0,1.0,0.0,0.0
224,0.0,0.0,0.0,0.0,0.0,0.0,0.0,0.0,0.0,0.0,0.0,0.0,0.0,0.0,0.0,0.0,0.0,0.0,0.0,0.0,0.0,0.0,0.0,0.0,0.520649905,0.08255793333333333,0.4541415,4.4999970000000005,0.29919433333333334,0.530578611111111,0.9219969444444445,4.4999970000000005,0.0,0.0,0.0,1.0,0.0,0.0
225,0.0,0.0,0.0,0.0,0.0,0.0,0.0,0.0,0.0,0.0,0.0,0.0,0.0,0.0,0.0,0.0,0.0,0.0,0.0,0.0,0.0,0.0,0.0,0.0,0.520649905,0.08181379999999999,0.4546995,4.519997,0.29870605555555557,0.5300903333333333,0.9222411111111111,4.519997,0.0,0.0,0.0,1.0,0.0,0.0
226,0.0,0.0,0.0,0.0,0.0,0.0,0.0,0.0,0.0,0.0,0.0,0.0,0.0,0.0,0.0,0.0,0.0,0.0,0.0,0.0,0.0,0.0,0.0,0.0,0.520649905,0.08106966666666665,0.4546995,4.5399970000000005,0.2982177777777778,0.5296020555555556,0.9224852777777778,4.5399970000000005,0.0,0.0,0.0,1.0,0.0,0.0
227,0.0,0.0,0.0,0.0,0.0,0.0,0.0,0.0,0.0,0.0,0.0,0.0,0.0,0.0,0.0,0.0,0.0,0.0,0.0,0.0,0.0,0.0,0.0,0.0,0.520649905,0.08032553333333334,0.455258,4.559997,0.29785155555555554,0.5291137777777778,0.9227294444444444,4.559997,0.0,0.0,0.0,1.0,0.0,0.0
228,0.0,0.0,0.0,0.0,0.0,0.0,0.0,0.0,0.0,0.0,0.0,0.0,0.0,0.0,0.0,0.0,0.0,0.0,0.0,0.0,0.0,0.0,0.0,0.0,0.520649905,0.0795814,0.455258,4.5799970000000005,0.2976074444444445,0.5286865277777777,0.9229125000000001,4.5799970000000005,0.0,0.0,0.0,1.0,0.0,0.0
229,0.0,0.0,0.0,0.0,0.0,0.0,0.0,0.0,0.0,0.0,0.0,0.0,0.0,0.0,0.0,0.0,0.0,0.0,0.0,0.0,0.0,0.0,0.0,0.0,0.5212080099999999,0.07883726666666663,0.455258,4.599997,0.2974853333333333,0.5283203055555555,0.9230958333333333,4.599997,0.0,0.0,0.0,1.0,0.0,0.0
230,0.0,0.0,0.0,0.0,0.0,0.0,0.0,0.0,0.0,0.0,0.0,0.0,0.0,0.0,0.0,0.0,0.0,0.0,0.0,0.0,0.0,0.0,0.0,0.0,0.5212080099999999,0.07883726666666663,0.455258,4.619997,0.29736327777777777,0.528015138888889,0.9232177777777777,4.619997,0.0,0.0,0.0,1.0,0.0,0.0
231,0.0,0.0,0.0,0.0,0.0,0.0,0.0,0.0,0.0,0.0,0.0,0.0,0.0,0.0,0.0,0.0,0.0,0.0,0.0,0.0,0.0,0.0,0.0,0.0,0.5212080099999999,0.07809306666666667,0.455258,4.639997,0.29736327777777777,0.5277099611111111,0.9233397222222222,4.639997,0.0,0.0,0.0,1.0,0.0,0.0
232,0.0,0.0,0.0,0.0,0.0,0.0,0.0,0.0,0.0,0.0,0.0,0.0,0.0,0.0,0.0,0.0,0.0,0.0,0.0,0.0,0.0,0.0,0.0,0.0,0.5212080099999999,0.07809306666666667,0.455258,4.659997,0.2974853333333333,0.52734375,0.9235230555555556,4.659997,0.0,0.0,0.0,1.0,0.0,0.0
233,0.0,0.0,0.0,0.0,0.0,0.0,0.0,0.0,0.0,0.0,0.0,0.0,0.0,0.0,0.0,0.0,0.0,0.0,0.0,0.0,0.0,0.0,0.0,0.0,0.5212080099999999,0.0773489333333333,0.455258,4.679996,0.29785155555555554,0.5269775388888889,0.9237061111111111,4.679996,0.0,0.0,0.0,1.0,0.0,0.0
234,0.0,0.0,0.0,0.0,0.0,0.0,0.0,0.0,0.0,0.0,0.0,0.0,0.0,0.0,0.0,0.0,0.0,0.0,0.0,0.0,0.0,0.0,0.0,0.0,0.5212080099999999,0.0773489333333333,0.455258,4.699996,0.298584,0.5264892583333334,0.9239502777777777,4.699996,0.0,0.0,0.0,1.0,0.0,0.0
235,0.0,0.0,0.0,0.0,0.0,0.0,0.0,0.0,0.0,0.0,0.0,0.0,0.0,0.0,0.0,0.0,0.0,0.0,0.0,0.0,0.0,0.0,0.0,0.0,0.5212080099999999,0.07660480000000001,0.455258,4.719996,0.3000488333333334,0.5258178722222222,0.9241944444444445,4.719996,0.0,0.0,0.0,1.0,0.0,0.0
236,0.0,0.0,0.0,0.0,0.0,0.0,0.0,0.0,0.0,0.0,0.0,0.0,0.0,0.0,0.0,0.0,0.0,0.0,0.0,0.0,0.0,0.0,0.0,0.0,0.5212080099999999,0.07660480000000001,0.455258,4.739996,0.30261227777777777,0.5249633777777778,0.9244994444444444,4.739996,0.0,0.0,0.0,1.0,0.0,0.0
237,0.0,0.0,0.0,0.0,0.0,0.0,0.0,0.0,0.0,0.0,0.0,0.0,0.0,0.0,0.0,0.0,0.0,0.0,0.0,0.0,0.0,0.0,0.0,0.0,0.5212080099999999,0.07586066666666665,0.455258,4.759996,0.3061523333333333,0.5241699222222221,0.9248658333333333,4.759996,0.0,0.0,0.0,1.0,0.0,0.0
238,0.0,0.0,0.0,0.0,0.0,0.0,0.0,0.0,0.0,0.0,0.0,0.0,0.0,0.0,0.0,0.0,0.0,0.0,0.0,0.0,0.0,0.0,0.0,0.0,0.5212080099999999,0.07586066666666665,0.4541415,4.779996,0.31018066666666666,0.5231323250000001,0.9255980555555556,4.779996,0.0,0.0,0.0,1.0,0.0,0.0
239,0.0,0.0,0.0,0.0,0.0,0.0,0.0,0.0,0.0,0.0,0.0,0.0,0.0,0.0,0.0,0.0,0.0,0.0,0.0,0.0,0.0,0.0,0.0,0.0,0.520649905,0.07511653333333337,0.4524675,4.799996,0.3139648333333333,0.5219726555555556,0.9265136111111111,4.799996,0.0,0.0,0.0,1.0,0.0,0.0
240,0.0,0.0,0.0,0.0,0.0,0.0,0.0,0.0,0.0,0.0,0.0,0.0,0.0,0.0,0.0,0.0,0.0,0.0,0.0,0.0,0.0,0.0,0.0,0.0,0.520091795,0.07586066666666665,0.44800249999999997,4.819996,0.3161621111111111,0.5209960944444444,0.9273680555555555,4.819996,0.0,0.0,0.0,1.0,0.0,0.0
241,0.0,0.0,0.0,0.0,0.0,0.0,0.0,0.0,0.0,0.0,0.0,0.0,0.0,0.0,0.0,0.0,0.0,0.0,0.0,0.0,0.0,0.0,0.0,0.0,0.51953369,0.07586066666666665,0.4424215,4.839996,0.31542966666666666,0.5209350583333333,0.9275513888888889,4.839996,0.0,0.0,0.0,1.0,0.0,0.0
242,0.0,0.0,0.0,0.0,0.0,0.0,0.0,0.0,0.0,0.0,0.0,0.0,0.0,0.0,0.0,0.0,0.0,0.0,0.0,0.0,0.0,0.0,0.0,0.0,0.51841748,0.07660480000000001,0.43516600000000005,4.859996,0.3132324444444445,0.5212402333333332,0.9272461111111111,4.859996,0.0,0.0,0.0,1.0,0.0,0.0
243,0.0,0.0,0.0,0.0,0.0,0.0,0.0,0.0,0.0,0.0,0.0,0.0,0.0,0.0,0.0,0.0,0.0,0.0,0.0,0.0,0.0,0.0,0.0,0.0,0.517859375,0.07660480000000001,0.4273524999999999,4.879996,0.31030272222222227,0.5216674805555556,0.926818888888889,4.879996,0.0,0.0,0.0,1.0,0.0,0.0
244,0.0,0.0,0.0,0.0,0.0,0.0,0.0,0.0,0.0,0.0,0.0,0.0,0.0,0.0,0.0,0.0,0.0,0.0,0.0,0.0,0.0,0.0,0.0,0.0,0.51730127,0.0773489333333333,0.42065549999999996,4.899996,0.307251,0.5222167972222221,0.9263305555555555,4.899996,0.0,0.0,0.0,1.0,0.0,0.0
245,0.0,0.0,0.0,0.0,0.0,0.0,0.0,0.0,0.0,0.0,0.0,0.0,0.0,0.0,0.0,0.0,0.0,0.0,0.0,0.0,0.0,0.0,0.0,0.0,0.517859375,0.0773489333333333,0.4161905000000001,4.919996,0.3043212777777778,0.5228881833333333,0.9257813888888888,4.919996,0.0,0.0,0.0,1.0,0.0,0.0
246,0.0,0.0,0.0,0.0,0.0,0.0,0.0,0.0,0.0,0.0,0.0,0.0,0.0,0.0,0.0,0.0,0.0,0.0,0.0,0.0,0.0,0.0,0.0,0.0,0.51841748,0.07883726666666663,0.41507450000000007,4.939996,0.302124,0.5239257805555556,0.9252930555555555,4.939996,0.0,0.0,0.0,1.0,0.0,0.0
247,0.0,0.0,0.0,0.0,0.0,0.0,0.0,0.0,0.0,0.0,0.0,0.0,0.0,0.0,0.0,0.0,0.0,0.0,0.0,0.0,0.0,0.0,0.0,0.0,0.518975585,0.08032553333333334,0.4161905000000001,4.959996,0.30126955555555557,0.5250854500000001,0.9248047222222223,4.959996,0.0,0.0,0.0,1.0,0.0,0.0
248,0.0,0.0,0.0,0.0,0.0,0.0,0.0,0.0,0.0,0.0,0.0,0.0,0.0,0.0,0.0,0.0,0.0,0.0,0.0,0.0,0.0,0.0,0.0,0.0,0.51953369,0.08255793333333333,0.41786449999999997,4.979996,0.3015136666666666,0.5260620111111112,0.9244994444444444,4.979996,0.0,0.0,0.0,1.0,0.0,0.0
249,0.0,0.0,0.0,0.0,0.0,0.0,0.0,0.0,0.0,0.0,0.0,0.0,0.0,0.0,0.0,0.0,0.0,0.0,0.0,0.0,0.0,0.0,0.0,0.0,0.51953369,0.08404619999999999,0.419539,4.999996,0.302124,0.5265502916666667,0.9243775,4.999996,0.0,0.0,0.0,1.0,0.0,0.0
250,0.0,0.0,0.0,0.0,0.0,0.0,0.0,0.0,0.0,0.0,0.0,0.0,0.0,0.0,0.0,0.0,0.0,0.0,0.0,0.0,0.0,0.0,0.0,0.0,0.520649905,0.08925519999999999,0.4273524999999999,5.019996,0.30493166666666666,0.5277099611111111,0.9241944444444445,5.019996,0.0,0.0,0.0,1.0,0.0,0.0
251,0.0,0.0,0.0,0.0,0.0,0.0,0.0,0.0,0.0,0.0,0.0,0.0,0.0,0.0,0.0,0.0,0.0,0.0,0.0,0.0,0.0,0.0,0.0,0.0,0.5212080099999999,0.09372006666666668,0.4329335,5.0399959999999995,0.30688477777777773,0.5285034166666667,0.9242552777777777,5.0399959999999995,0.0,0.0,0.0,1.0,0.0,0.0
252,0.0,0.0,0.0,0.0,0.0,0.0,0.0,0.0,0.0,0.0,0.0,0.0,0.0,0.0,0.0,0.0,0.0,0.0,0.0,0.0,0.0,0.0,0.0,0.0,0.52232422,0.0966966,0.43907299999999994,5.059996,0.30822755555555553,0.5285644444444444,0.924743611111111,5.059996,0.0,0.0,0.0,1.0,0.0,0.0
253,0.0,0.0,0.0,0.0,0.0,0.0,0.0,0.0,0.0,0.0,0.0,0.0,0.0,0.0,0.0,0.0,0.0,0.0,0.0,0.0,0.0,0.0,0.0,0.0,0.522882325,0.09595246666666668,0.4429795,5.0799959999999995,0.30810544444444443,0.5282592777777778,0.9251708333333334,5.0799959999999995,0.0,0.0,0.0,1.0,0.0,0.0
254,0.0,0.0,0.0,0.0,0.0,0.0,0.0,0.0,0.0,0.0,0.0,0.0,0.0,0.0,0.0,0.0,0.0,0.0,0.0,0.0,0.0,0.0,0.0,0.0,0.52344043,0.09372006666666668,0.4452119999999999,5.099996,0.3074951111111111,0.5279541111111111,0.9254761111111112,5.099996,0.0,0.0,0.0,1.0,0.0,0.0
255,0.0,0.0,0.0,0.0,0.0,0.0,0.0,0.0,0.0,0.0,0.0,0.0,0.0,0.0,0.0,0.0,0.0,0.0,0.0,0.0,0.0,0.0,0.0,0.0,0.52344043,0.09148759999999999,0.4468864999999999,5.1199959999999995,0.30651855555555557,0.5276489249999999,0.9257202777777778,5.1199959999999995,0.0,0.0,0.0,1.0,0.0,0.0
256,0.0,0.0,0.0,0.0,0.0,0.0,0.0,0.0,0.0,0.0,0.0,0.0,0.0,0.0,0.0,0.0,0.0,0.0,0.0,0.0,0.0,0.0,0.0,0.0,0.523998535,0.08851106666666668,0.44800249999999997,5.139996,0.30566405555555554,0.5274658194444445,0.9258422222222222,5.139996,0.0,0.0,0.0,1.0,0.0,0.0
257,0.0,0.0,0.0,0.0,0.0,0.0,0.0,0.0,0.0,0.0,0.0,0.0,0.0,0.0,0.0,0.0,0.0,0.0,0.0,0.0,0.0,0.0,0.0,0.0,0.523998535,0.08627866666666668,0.4485605,5.159996,0.30493166666666666,0.5272827138888889,0.9260252777777778,5.159996,0.0,0.0,0.0,1.0,0.0,0.0
258,0.0,0.0,0.0,0.0,0.0,0.0,0.0,0.0,0.0,0.0,0.0,0.0,0.0,0.0,0.0,0.0,0.0,0.0,0.0,0.0,0.0,0.0,0.0,0.0,0.5245566399999999,0.08404619999999999,0.4491185,5.179996,0.30419922222222223,0.5269775388888889,0.9261475,5.179996,0.0,0.0,0.0,1.0,0.0,0.0
259,0.0,0.0,0.0,0.0,0.0,0.0,0.0,0.0,0.0,0.0,0.0,0.0,0.0,0.0,0.0,0.0,0.0,0.0,0.0,0.0,0.0,0.0,0.0,0.0,0.5245566399999999,0.08181379999999999,0.449677,5.199996,0.3035888888888889,0.5266723638888888,0.9263305555555555,5.199996,0.0,0.0,0.0,1.0,0.0,0.0
260,0.0,0.0,0.0,0.0,0.0,0.0,0.0,0.0,0.0,0.0,0.0,0.0,0.0,0.0,0.0,0.0,0.0,0.0,0.0,0.0,0.0,0.0,0.0,0.0,0.525114745,0.08032553333333334,0.449677,5.219996,0.3029785,0.5261840833333333,0.9265747222222223,5.219996,0.0,0.0,0.0,1.0,0.0,0.0
261,0.0,0.0,0.0,0.0,0.0,0.0,0.0,0.0,0.0,0.0,0.0,0.0,0.0,0.0,0.0,0.0,0.0,0.0,0.0,0.0,0.0,0.0,0.0,0.0,0.525114745,0.07883726666666663,0.450235,5.239996,0.30261227777777777,0.5257568361111111,0.9266966666666667,5.239996,0.0,0.0,0.0,1.0,0.0,0.0
262,0.0,0.0,0.0,0.0,0.0,0.0,0.0,0.0,0.0,0.0,0.0,0.0,0.0,0.0,0.0,0.0,0.0,0.0,0.0,0.0,0.0,0.0,0.0,0.0,0.525114745,0.07809306666666667,0.450235,5.259996,0.3022461111111111,0.5253295888888889,0.9267577777777777,5.259996,0.0,0.0,0.0,1.0,0.0,0.0
263,0.0,0.0,0.0,0.0,0.0,0.0,0.0,0.0,0.0,0.0,0.0,0.0,0.0,0.0,0.0,0.0,0.0,0.0,0.0,0.0,0.0,0.0,0.0,0.0,0.525114745,0.0773489333333333,0.450235,5.279996,0.302124,0.5250244138888889,0.9267577777777777,5.279996,0.0,0.0,0.0,1.0,0.0,0.0
264,0.0,0.0,0.0,0.0,0.0,0.0,0.0,0.0,0.0,0.0,0.0,0.0,0.0,0.0,0.0,0.0,0.0,0.0,0.0,0.0,0.0,0.0,0.0,0.0,0.525114745,0.0773489333333333,0.450793,5.299996,0.30200194444444445,0.5247802722222222,0.9266966666666667,5.299996,0.0,0.0,0.0,1.0,0.0,0.0
265,0.0,0.0,0.0,0.0,0.0,0.0,0.0,0.0,0.0,0.0,0.0,0.0,0.0,0.0,0.0,0.0,0.0,0.0,0.0,0.0,0.0,0.0,0.0,0.0,0.525114745,0.07660480000000001,0.450793,5.319996,0.30200194444444445,0.5245361333333334,0.9266358333333332,5.319996,0.0,0.0,0.0,1.0,0.0,0.0
266,0.0,0.0,0.0,0.0,0.0,0.0,0.0,0.0,0.0,0.0,0.0,0.0,0.0,0.0,0.0,0.0,0.0,0.0,0.0,0.0,0.0,0.0,0.0,0.0,0.525114745,0.07660480000000001,0.450793,5.339996,0.302124,0.5242309583333333,0.9266358333333332,5.339996,0.0,0.0,0.0,1.0,0.0,0.0
267,0.0,0.0,0.0,0.0,0.0,0.0,0.0,0.0,0.0,0.0,0.0,0.0,0.0,0.0,0.0,0.0,0.0,0.0,0.0,0.0,0.0,0.0,0.0,0.0,0.525114745,0.07660480000000001,0.450793,5.359996,0.30249022222222227,0.5238647472222222,0.9267577777777777,5.359996,0.0,0.0,0.0,1.0,0.0,0.0
268,0.0,0.0,0.0,0.0,0.0,0.0,0.0,0.0,0.0,0.0,0.0,0.0,0.0,0.0,0.0,0.0,0.0,0.0,0.0,0.0,0.0,0.0,0.0,0.0,0.525114745,0.07660480000000001,0.450793,5.379996,0.3034667777777778,0.5233764638888889,0.9268799999999999,5.379996,0.0,0.0,0.0,1.0,0.0,0.0
269,0.0,0.0,0.0,0.0,0.0,0.0,0.0,0.0,0.0,0.0,0.0,0.0,0.0,0.0,0.0,0.0,0.0,0.0,0.0,0.0,0.0,0.0,0.0,0.0,0.525114745,0.07586066666666665,0.450235,5.399996,0.3057861111111111,0.5223999027777778,0.927185,5.399996,0.0,0.0,0.0,1.0,0.0,0.0
270,0.0,0.0,0.0,0.0,0.0,0.0,0.0,0.0,0.0,0.0,0.0,0.0,0.0,0.0,0.0,0.0,0.0,0.0,0.0,0.0,0.0,0.0,0.0,0.0,0.525672855,0.07586066666666665,0.44800249999999997,5.419996,0.3112792777777778,0.5204467777777778,0.9281005555555555,5.419996,0.0,0.0,0.0,1.0,0.0,0.0
271,0.0,0.0,0.0,0.0,0.0,0.0,0.0,0.0,0.0,0.0,0.0,0.0,0.0,0.0,0.0,0.0,0.0,0.0,0.0,0.0,0.0,0.0,0.0,0.0,0.526789065,0.07586066666666665,0.4418635,5.439996,0.31689455555555557,0.5184326166666666,0.9293822222222221,5.439996,0.0,0.0,0.0,1.0,0.0,0.0
272,0.0,0.0,0.0,0.0,0.0,0.0,0.0,0.0,0.0,0.0,0.0,0.0,0.0,0.0,0.0,0.0,0.0,0.0,0.0,0.0,0.0,0.0,0.0,0.0,0.52734717,0.07511653333333337,0.43516600000000005,5.459996,0.31933594444444446,0.5171508777777778,0.9305419444444444,5.459996,0.0,0.0,0.0,1.0,0.0,0.0
273,0.0,0.0,0.0,0.0,0.0,0.0,0.0,0.0,0.0,0.0,0.0,0.0,0.0,0.0,0.0,0.0,0.0,0.0,0.0,0.0,0.0,0.0,0.0,0.0,0.52734717,0.07511653333333337,0.4273524999999999,5.479996,0.3183593888888889,0.5167846666666667,0.9311522222222222,5.479996,0.0,0.0,0.0,1.0,0.0,0.0
274,0.0,0.0,0.0,0.0,0.0,0.0,0.0,0.0,0.0,0.0,0.0,0.0,0.0,0.0,0.0,0.0,0.0,0.0,0.0,0.0,0.0,0.0,0.0,0.0,0.527905275,0.07660480000000001,0.419539,5.499996,0.31298827777777777,0.5175170888888889,0.9309083333333333,5.499996,0.0,0.0,0.0,1.0,0.0,0.0
275,0.0,0.0,0.0,0.0,0.0,0.0,0.0,0.0,0.0,0.0,0.0,0.0,0.0,0.0,0.0,0.0,0.0,0.0,0.0,0.0,0.0,0.0,0.0,0.0,0.52846338,0.07883726666666663,0.41451600000000005,5.519996,0.30517577777777777,0.5192260750000001,0.9301758333333333,5.519996,0.0,0.0,0.0,1.0,0.0,0.0
276,0.0,0.0,0.0,0.0,0.0,0.0,0.0,0.0,0.0,0.0,0.0,0.0,0.0,0.0,0.0,0.0,0.0,0.0,0.0,0.0,0.0,0.0,0.0,0.0,0.529021485,0.08181379999999999,0.4122835,5.5399959999999995,0.29895022222222223,0.5211792000000001,0.9294433333333334,5.5399959999999995,0.0,0.0,0.0,1.0,0.0,0.0
277,0.0,0.0,0.0,0.0,0.0,0.0,0.0,0.0,0.0,0.0,0.0,0.0,0.0,0.0,0.0,0.0,0.0,0.0,0.0,0.0,0.0,0.0,0.0,0.0,0.52846338,0.08479033333333336,0.41395800000000005,5.559996,0.29699705555555556,0.5227050777777779,0.9291380555555555,5.559996,0.0,0.0,0.0,1.0,0.0,0.0
278,0.0,0.0,0.0,0.0,0.0,0.0,0.0,0.0,0.0,0.0,0.0,0.0,0.0,0.0,0.0,0.0,0.0,0.0,0.0,0.0,0.0,0.0,0.0,0.0,0.52846338,0.0870228,0.4161905000000001,5.5799959999999995,0.2977295,0.5234375,0.929016111111111,5.5799959999999995,0.0,0.0,0.0,1.0,0.0,0.0
279,0.0,0.0,0.0,0.0,0.0,0.0,0.0,0.0,0.0,0.0,0.0,0.0,0.0,0.0,0.0,0.0,0.0,0.0,0.0,0.0,0.0,0.0,0.0,0.0,0.52846338,0.08776693333333334,0.4173064999999999,5.599996,0.2979736111111111,0.5236206055555556,0.9289550000000001,5.599996,0.0,0.0,0.0,1.0,0.0,0.0
280,0.0,0.0,0.0,0.0,0.0,0.0,0.0,0.0,0.0,0.0,0.0,0.0,0.0,0.0,0.0,0.0,0.0,0.0,0.0,0.0,0.0,0.0,0.0,0.0,0.52734717,0.09074346666666665,0.4223295,5.6199959999999995,0.30029294444444443,0.5241699222222221,0.9286499999999999,5.6199959999999995,0.0,0.0,0.0,1.0,0.0,0.0
281,0.0,0.0,0.0,0.0,0.0,0.0,0.0,0.0,0.0,0.0,0.0,0.0,0.0,0.0,0.0,0.0,0.0,0.0,0.0,0.0,0.0,0.0,0.0,0.0,0.525672855,0.0966966,0.4362825000000001,5.639996,0.3059082222222222,0.5248413083333333,0.9279786111111112,5.639996,0.0,0.0,0.0,1.0,0.0,0.0
282,0.0,0.0,0.0,0.0,0.0,0.0,0.0,0.0,0.0,0.0,0.0,0.0,0.0,0.0,0.0,0.0,0.0,0.0,0.0,0.0,0.0,0.0,0.0,0.0,0.525672855,0.09744073333333333,0.440747,5.659996,0.307251,0.5247192388888888,0.9277952777777778,5.659996,0.0,0.0,0.0,1.0,0.0,0.0
283,0.0,0.0,0.0,0.0,0.0,0.0,0.0,0.0,0.0,0.0,0.0,0.0,0.0,0.0,0.0,0.0,0.0,0.0,0.0,0.0,0.0,0.0,0.0,0.0,0.525672855,0.0966966,0.4446539999999999,5.679996,0.3078613333333334,0.5247192388888888,0.9277344444444444,5.679996,0.0,0.0,0.0,1.0,0.0,0.0
284,0.0,0.0,0.0,0.0,0.0,0.0,0.0,0.0,0.0,0.0,0.0,0.0,0.0,0.0,0.0,0.0,0.0,0.0,0.0,0.0,0.0,0.0,0.0,0.0,0.52623096,0.09520833333333334,0.4474444999999999,5.699996,0.3079833888888889,0.5248413083333333,0.9277344444444444,5.699996,0.0,0.0,0.0,1.0,0.0,0.0
285,0.0,0.0,0.0,0.0,0.0,0.0,0.0,0.0,0.0,0.0,0.0,0.0,0.0,0.0,0.0,0.0,0.0,0.0,0.0,0.0,0.0,0.0,0.0,0.0,0.526789065,0.09297593333333332,0.4491185,5.719995,0.30761716666666666,0.5250244138888889,0.9276733333333333,5.719995,0.0,0.0,0.0,1.0,0.0,0.0
286,0.0,0.0,0.0,0.0,0.0,0.0,0.0,0.0,0.0,0.0,0.0,0.0,0.0,0.0,0.0,0.0,0.0,0.0,0.0,0.0,0.0,0.0,0.0,0.0,0.526789065,0.09074346666666665,0.450235,5.7399949999999995,0.30688477777777773,0.5250854500000001,0.9275513888888889,5.7399949999999995,0.0,0.0,0.0,1.0,0.0,0.0
287,0.0,0.0,0.0,0.0,0.0,0.0,0.0,0.0,0.0,0.0,0.0,0.0,0.0,0.0,0.0,0.0,0.0,0.0,0.0,0.0,0.0,0.0,0.0,0.0,0.526789065,0.08851106666666668,0.450793,5.759995,0.3061523333333333,0.5250854500000001,0.9274291666666667,5.759995,0.0,0.0,0.0,1.0,0.0,0.0
288,0.0,0.0,0.0,0.0,0.0,0.0,0.0,0.0,0.0,0.0,0.0,0.0,0.0,0.0,0.0,0.0,0.0,0.0,0.0,0.0,0.0,0.0,0.0,0.0,0.526789065,0.08627866666666668,0.4513510000000001,5.7799949999999995,0.305542,0.5249633777777778,0.9273680555555555,5.7799949999999995,0.0,0.0,0.0,1.0,0.0,0.0
289,0.0,0.0,0.0,0.0,0.0,0.0,0.0,0.0,0.0,0.0,0.0,0.0,0.0,0.0,0.0,0.0,0.0,0.0,0.0,0.0,0.0,0.0,0.0,0.0,0.526789065,0.08404619999999999,0.45190899999999995,5.799995,0.3046875,0.5248413083333333,0.9273072222222223,5.799995,0.0,0.0,0.0,1.0,0.0,0.0
290,0.0,0.0,0.0,0.0,0.0,0.0,0.0,0.0,0.0,0.0,0.0,0.0,0.0,0.0,0.0,0.0,0.0,0.0,0.0,0.0,0.0,0.0,0.0,0.0,0.526789065,0.08255793333333333,0.45190899999999995,5.819995,0.3040771666666667,0.5247192388888888,0.9272461111111111,5.819995,0.0,0.0,0.0,1.0,0.0,0.0
291,0.0,0.0,0.0,0.0,0.0,0.0,0.0,0.0,0.0,0.0,0.0,0.0,0.0,0.0,0.0,0.0,0.0,0.0,0.0,0.0,0.0,0.0,0.0,0.0,0.526789065,0.08181379999999999,0.4524675,5.839995,0.3035888888888889,0.5246582027777779,0.9271238888888889,5.839995,0.0,0.0,0.0,1.0,0.0,0.0
292,0.0,0.0,0.0,0.0,0.0,0.0,0.0,0.0,0.0,0.0,0.0,0.0,0.0,0.0,0.0,0.0,0.0,0.0,0.0,0.0,0.0,0.0,0.0,0.0,0.526789065,0.08032553333333334,0.4524675,5.859995,0.3031006111111111,0.5245361333333334,0.9270630555555556,5.859995,0.0,0.0,0.0,1.0,0.0,0.0
293,0.0,0.0,0.0,0.0,0.0,0.0,0.0,0.0,0.0,0.0,0.0,0.0,0.0,0.0,0.0,0.0,0.0,0.0,0.0,0.0,0.0,0.0,0.0,0.0,0.526789065,0.0795814,0.4524675,5.879995,0.30285644444444443,0.5244140638888889,0.9269408333333334,5.879995,0.0,0.0,0.0,1.0,0.0,0.0
294,0.0,0.0,0.0,0.0,0.0,0.0,0.0,0.0,0.0,0.0,0.0,0.0,0.0,0.0,0.0,0.0,0.0,0.0,0.0,0.0,0.0,0.0,0.0,0.0,0.52734717,0.07883726666666663,0.4524675,5.899995,0.3029785,0.5242309583333333,0.9269408333333334,5.899995,0.0,0.0,0.0,1.0,0.0,0.0
295,0.0,0.0,0.0,0.0,0.0,0.0,0.0,0.0,0.0,0.0,0.0,0.0,0.0,0.0,0.0,0.0,0.0,0.0,0.0,0.0,0.0,0.0,0.0,0.0,0.52734717,0.07809306666666667,0.45190899999999995,5.919995,0.3033447222222222,0.5240478527777778,0.9269408333333334,5.919995,0.0,0.0,0.0,1.0,0.0,0.0
296,0.0,0.0,0.0,0.0,0.0,0.0,0.0,0.0,0.0,0.0,0.0,0.0,0.0,0.0,0.0,0.0,0.0,0.0,0.0,0.0,0.0,0.0,0.0,0.0,0.52734717,0.07809306666666667,0.45190899999999995,5.939995,0.303833,0.5238647472222222,0.9270019444444444,5.939995,0.0,0.0,0.0,1.0,0.0,0.0
297,0.0,0.0,0.0,0.0,0.0,0.0,0.0,0.0,0.0,0.0,0.0,0.0,0.0,0.0,0.0,0.0,0.0,0.0,0.0,0.0,0.0,0.0,0.0,0.0,0.52734717,0.0773489333333333,0.4513510000000001,5.959994999999999,0.3050537222222222,0.5233764638888889,0.927185,5.959994999999999,0.0,0.0,0.0,1.0,0.0,0.0
298,0.0,0.0,0.0,0.0,0.0,0.0,0.0,0.0,0.0,0.0,0.0,0.0,0.0,0.0,0.0,0.0,0.0,0.0,0.0,0.0,0.0,0.0,0.0,0.0,0.526789065,0.07660480000000001,0.4491185,5.979995,0.3099365,0.5215454111111111,0.9281616666666667,5.979995,0.0,0.0,0.0,1.0,0.0,0.0
299,0.0,0.0,0.0,0.0,0.0,0.0,0.0,0.0,0.0,0.0,0.0,0.0,0.0,0.0,0.0,0.0,0.0,0.0,0.0,0.0,0.0,0.0,0.0,0.0,0.526789065,0.07586066666666665,0.4446539999999999,5.999994999999999,0.31469727777777773,0.5198364249999999,0.9291991666666667,5.999994999999999,0.0,0.0,0.0,1.0,0.0,0.0
300,0.0,0.0,0.0,0.0,0.0,0.0,0.0,0.0,0.0,0.0,0.0,0.0,0.0,0.0,0.0,0.0,0.0,0.0,0.0,0.0,0.0,0.0,0.0,0.0,0.52623096,0.07586066666666665,0.440189,6.019995,0.3157958888888889,0.5195922861111111,0.9295044444444445,6.019995,0.0,0.0,0.0,1.0,0.0,0.0
301,0.0,0.0,0.0,0.0,0.0,0.0,0.0,0.0,0.0,0.0,0.0,0.0,0.0,0.0,0.0,0.0,0.0,0.0,0.0,0.0,0.0,0.0,0.0,0.0,0.52623096,0.07660480000000001,0.43516600000000005,6.039994999999999,0.3144531111111111,0.5202026361111112,0.9293822222222221,6.039994999999999,0.0,0.0,0.0,1.0,0.0,0.0
302,0.0,0.0,0.0,0.0,0.0,0.0,0.0,0.0,0.0,0.0,0.0,0.0,0.0,0.0,0.0,0.0,0.0,0.0,0.0,0.0,0.0,0.0,0.0,0.0,0.52623096,0.07660480000000001,0.429585,6.059995,0.3110351666666667,0.5214233388888889,0.9288941666666667,6.059995,0.0,0.0,0.0,1.0,0.0,0.0
303,0.0,0.0,0.0,0.0,0.0,0.0,0.0,0.0,0.0,0.0,0.0,0.0,0.0,0.0,0.0,0.0,0.0,0.0,0.0,0.0,0.0,0.0,0.0,0.0,0.52623096,0.0773489333333333,0.4245619999999999,6.079994999999999,0.30651855555555557,0.5229492194444444,0.9281616666666667,6.079994999999999,0.0,0.0,0.0,1.0,0.0,0.0
304,0.0,0.0,0.0,0.0,0.0,0.0,0.0,0.0,0.0,0.0,0.0,0.0,0.0,0.0,0.0,0.0,0.0,0.0,0.0,0.0,0.0,0.0,0.0,0.0,0.52623096,0.08032553333333334,0.4217715,6.099995,0.3031006111111111,0.5244140638888889,0.9274902777777778,6.099995,0.0,0.0,0.0,1.0,0.0,0.0
305,0.0,0.0,0.0,0.0,0.0,0.0,0.0,0.0,0.0,0.0,0.0,0.0,0.0,0.0,0.0,0.0,0.0,0.0,0.0,0.0,0.0,0.0,0.0,0.0,0.52623096,0.08479033333333336,0.4212135,6.119994999999999,0.30249022222222227,0.5256347666666668,0.9268799999999999,6.119994999999999,0.0,0.0,0.0,1.0,0.0,0.0
306,0.0,0.0,0.0,0.0,0.0,0.0,0.0,0.0,0.0,0.0,0.0,0.0,0.0,0.0,0.0,0.0,0.0,0.0,0.0,0.0,0.0,0.0,0.0,0.0,0.525672855,0.08999933333333333,0.4228875,6.139995,0.30444333333333334,0.5267333972222222,0.9262694444444445,6.139995,0.0,0.0,0.0,1.0,0.0,0.0
307,0.0,0.0,0.0,0.0,0.0,0.0,0.0,0.0,0.0,0.0,0.0,0.0,0.0,0.0,0.0,0.0,0.0,0.0,0.0,0.0,0.0,0.0,0.0,0.0,0.5245566399999999,0.10041733333333332,0.4267944999999999,6.159994999999999,0.31018066666666666,0.5288085833333334,0.92511,6.159994999999999,0.0,0.0,0.0,1.0,0.0,0.0
308,0.0,0.0,0.0,0.0,0.0,0.0,0.0,0.0,0.0,0.0,0.0,0.0,0.0,0.0,0.0,0.0,0.0,0.0,0.0,0.0,0.0,0.0,0.0,0.0,0.5217661149999999,0.12199739999999999,0.4362825000000001,6.179995,0.3227538888888889,0.5334472777777778,0.9226074999999999,6.179995,0.0,0.0,0.0,1.0,0.0,0.0
309,0.0,0.0,0.0,0.0,0.0,0.0,0.0,0.0,0.0,0.0,0.0,0.0,0.0,0.0,0.0,0.0,0.0,0.0,0.0,0.0,0.0,0.0,0.0,0.0,0.520091795,0.14060093333333332,0.44353750000000003,6.1999949999999995,0.3337402222222222,0.5375366111111112,0.9205322222222223,6.1999949999999995,0.0,0.0,0.0,1.0,0.0,0.0
310,0.0,0.0,0.0,0.0,0.0,0.0,0.0,0.0,0.0,0.0,0.0,0.0,0.0,0.0,0.0,0.0,0.0,0.0,0.0,0.0,0.0,0.0,0.0,0.0,0.518975585,0.16143686666666665,0.450235,6.219995,0.3447265555555556,0.5413208055555556,0.9188841666666667,6.219995,0.0,0.0,0.0,1.0,0.0,0.0
311,0.0,0.0,0.0,0.0,0.0,0.0,0.0,0.0,0.0,0.0,0.0,0.0,0.0,0.0,0.0,0.0,0.0,0.0,0.0,0.0,0.0,0.0,0.0,0.0,0.51953369,0.18599346666666666,0.4546995,6.2399949999999995,0.3554687222222222,0.5443115277777777,0.9179688888888888,6.2399949999999995,0.0,0.0,0.0,1.0,0.0,0.0
312,0.0,0.0,0.0,0.0,0.0,0.0,0.0,0.0,0.0,0.0,0.0,0.0,0.0,0.0,0.0,0.0,0.0,0.0,0.0,0.0,0.0,0.0,0.0,0.0,0.520649905,0.2120384,0.4574905,6.259995,0.3658447222222222,0.5462646388888889,0.9177855555555556,6.259995,0.0,0.0,0.0,1.0,0.0,0.0
313,0.0,0.0,0.0,0.0,0.0,0.0,0.0,0.0,0.0,0.0,0.0,0.0,0.0,0.0,0.0,0.0,0.0,0.0,0.0,0.0,0.0,0.0,0.0,0.0,0.5217661149999999,0.24031573333333334,0.4580485,6.2799949999999995,0.3760986111111111,0.5474853611111111,0.9179688888888888,6.2799949999999995,0.0,0.0,0.0,1.0,0.0,0.0
314,0.0,0.0,0.0,0.0,0.0,0.0,0.0,0.0,0.0,0.0,0.0,0.0,0.0,0.0,0.0,0.0,0.0,0.0,0.0,0.0,0.0,0.0,0.0,0.0,0.52344043,0.27082552,0.45637399999999995,6.299995,0.38635255555555553,0.5487060555555555,0.9180297222222222,6.299995,0.0,0.0,0.0,1.0,0.0,0.0
315,0.0,0.0,0.0,0.0,0.0,0.0,0.0,0.0,0.0,0.0,0.0,0.0,0.0,0.0,0.0,0.0,0.0,0.0,0.0,0.0,0.0,0.0,0.0,0.0,0.5245566399999999,0.30356770666666666,0.4524675,6.319995,0.397583,0.5505981388888889,0.9177247222222222,6.319995,0.0,0.0,0.0,1.0,0.0,0.0
316,0.0,0.0,0.0,0.0,0.0,0.0,0.0,0.0,0.0,0.0,0.0,0.0,0.0,0.0,0.0,0.0,0.0,0.0,0.0,0.0,0.0,0.0,0.0,0.0,0.525114745,0.3392864586666667,0.4468864999999999,6.339995,0.4101562222222222,0.5533447222222223,0.9169922222222223,6.339995,0.0,0.0,0.0,1.0,0.0,0.0
317,0.0,0.0,0.0,0.0,0.0,0.0,0.0,0.0,0.0,0.0,0.0,0.0,0.0,0.0,0.0,0.0,0.0,0.0,0.0,0.0,0.0,0.0,0.0,0.0,0.52623096,0.3794700533333334,0.440747,6.359995,0.42443849999999994,0.5567626944444445,0.9161986111111111,6.359995,0.0,0.0,0.0,1.0,0.0,0.0
318,0.0,0.0,0.0,0.0,0.0,0.0,0.0,0.0,0.0,0.0,0.0,0.0,0.0,0.0,0.0,0.0,0.0,0.0,0.0,0.0,0.0,0.0,0.0,0.0,0.527905275,0.4241184666666667,0.43349149999999986,6.379995,0.4403076111111111,0.5602416944444444,0.9157105555555556,6.379995,0.0,0.0,0.0,1.0,0.0,0.0
319,0.0,0.0,0.0,0.0,0.0,0.0,0.0,0.0,0.0,0.0,0.0,0.0,0.0,0.0,0.0,0.0,0.0,0.0,0.0,0.0,0.0,0.0,0.0,0.0,0.530137695,0.4724876,0.4245619999999999,6.399995,0.4569091777777778,0.5632934444444444,0.9156494444444445,6.399995,0.0,0.0,0.0,1.0,0.0,0.0
320,0.0,0.0,0.0,0.0,0.0,0.0,0.0,0.0,0.0,0.0,0.0,0.0,0.0,0.0,0.0,0.0,0.0,0.0,0.0,0.0,0.0,0.0,0.0,0.0,0.53292822,0.5245774666666667,0.41340000000000005,6.419995,0.47399902222222223,0.56555175,0.9157713888888888,6.419995,0.0,0.0,0.0,1.0,0.0,0.0
321,0.0,0.0,0.0,0.0,0.0,0.0,0.0,0.0,0.0,0.0,0.0,0.0,0.0,0.0,0.0,0.0,0.0,0.0,0.0,0.0,0.0,0.0,0.0,0.0,0.53683496,0.5803879999999999,0.40000549999999996,6.439995,0.49169921666666666,0.56726075,0.9159547222222222,6.439995,0.0,0.0,0.0,1.0,0.0,0.0
322,0.0,0.0,0.0,0.0,0.0,0.0,0.0,0.0,0.0,0.0,0.0,0.0,0.0,0.0,0.0,0.0,0.0,0.0,0.0,0.0,0.0,0.0,0.0,0.0,0.5407417,0.6414075333333333,0.38437850000000007,6.459994999999999,0.5101318333333333,0.5685424722222222,0.9160766666666667,6.459994999999999,0.0,0.0,0.0,1.0,0.0,0.0
323,0.0,0.0,0.0,0.0,0.0,0.0,0.0,0.0,0.0,0.0,0.0,0.0,0.0,0.0,0.0,0.0,0.0,0.0,0.0,0.0,0.0,0.0,0.0,0.0,0.54464844,0.7061478,0.3659610000000001,6.479995,0.5289306666666667,0.569458,0.9163208333333333,6.479995,0.0,0.0,0.0,1.0,0.0,0.0
324,0.0,0.0,0.0,0.0,0.0,0.0,0.0,0.0,0.0,0.0,0.0,0.0,0.0,0.0,0.0,0.0,0.0,0.0,0.0,0.0,0.0,0.0,0.0,0.0,0.548555175,0.7738646,0.34531100000000003,6.499994999999999,0.5476074222222221,0.5700073333333333,0.9165038888888889,6.499994999999999,0.0,0.0,0.0,1.0,0.0,0.0
325,0.0,0.0,0.0,0.0,0.0,0.0,0.0,0.0,0.0,0.0,0.0,0.0,0.0,0.0,0.0,0.0,0.0,0.0,0.0,0.0,0.0,0.0,0.0,0.0,0.5519038,0.8438138,0.3224285,6.519995,0.5659179444444444,0.5701904166666667,0.9165038888888889,6.519995,0.0,0.0,0.0,1.0,0.0,0.0
326,0.0,0.0,0.0,0.0,0.0,0.0,0.0,0.0,0.0,0.0,0.0,0.0,0.0,0.0,0.0,0.0,0.0,0.0,0.0,0.0,0.0,0.0,0.0,0.0,0.55469435,0.9159954666666668,0.29563950000000006,6.539994999999999,0.5837402222222222,0.5701293888888889,0.9161377777777777,6.539994999999999,0.0,0.0,0.0,1.0,0.0,0.0
327,0.0,0.0,0.0,0.0,0.0,0.0,0.0,0.0,0.0,0.0,0.0,0.0,0.0,0.0,0.0,0.0,0.0,0.0,0.0,0.0,0.0,0.0,0.0,0.0,0.55636865,0.9904095333333333,0.2660600000000001,6.559995,0.6014404444444444,0.5700073333333333,0.9154052777777777,6.559995,0.0,0.0,0.0,1.0,0.0,0.0
328,0.0,0.0,0.0,0.0,0.0,0.0,0.0,0.0,0.0,0.0,0.0,0.0,0.0,0.0,0.0,0.0,0.0,0.0,0.0,0.0,0.0,0.0,0.0,0.0,0.55748485,1.0,0.23313199999999998,6.579994999999999,0.6191406111111112,0.5698242222222222,0.9143677777777779,6.579994999999999,0.0,0.0,0.0,1.0,0.0,0.0
329,0.0,0.0,0.0,0.0,0.0,0.0,0.0,0.0,0.0,0.0,0.0,0.0,0.0,0.0,0.0,0.0,0.0,0.0,0.0,0.0,0.0,0.0,0.0,0.0,0.55748485,1.0,0.19685500000000006,6.599995,0.6368408333333333,0.569641111111111,0.9129027777777777,6.599995,0.0,0.0,0.0,1.0,0.0,0.0
330,0.0,0.0,0.0,0.0,0.0,0.0,0.0,0.0,0.0,0.0,0.0,0.0,0.0,0.0,0.0,0.0,0.0,0.0,0.0,0.0,0.0,0.0,0.0,0.0,0.55692675,1.0,0.15722950000000005,6.619994999999999,0.654541,0.5695190555555556,0.9110108333333332,6.619994999999999,0.0,0.0,0.0,1.0,0.0,0.0
331,0.0,0.0,0.0,0.0,0.0,0.0,0.0,0.0,0.0,0.0,0.0,0.0,0.0,0.0,0.0,0.0,0.0,0.0,0.0,0.0,0.0,0.0,0.0,0.0,0.55413625,1.0,0.1153715,6.639995,0.671875,0.5695190555555556,0.9086302777777777,6.639995,0.0,0.0,0.0,1.0,0.0,0.0
